count	volume	first_ref	form	gloss
16	BOM/D&C/PGP	BOM 1nephi 13:32	לְהִשָּׁאֵר	to remain
16	NT/D&C	NT john 13:20	וְהַמְקַבֵּל	and he that receives
14	BOM/NT/D&C	BOM alma 34:39	מַזְהִיר	beseech
13	OT/NT	OT 2sa 18:26	גַּם־זֶה	also this
10	BOM	BOM 1nephi 6:3	לְהִכָּתֵב	be written
10	NT	NT 1co 3:21	שֶׁלָּכֶם	that-you
9	BOM/NT/D&C/PGP	BOM 2nephi 5:9	לְהִקָּרֵא	to be called
9	NT	NT 1co 1:2	שֶׁלָּהֶם	their
8	BOM	BOM jacob 5:7	אֶת־הָעֲנָפִים	the branches
7	BOM/NT	BOM 1nephi 15:13	הָעֲנָפִים	the branches
7	BOM	BOM 3nephi 2:19	לִפֹּל	to fall
7	BOM	BOM 3nephi 6:15	לְהָסִית	to stir up
7	D&C	D&C dc121_130 1:23	וְיַכְרִיזוּ	and declare
6	BOM	BOM 3nephi 1:27	לְהִתְגַּבֵּר	to overpower
6	BOM/D&C	BOM 3nephi 1:29	לְהִתְחַבֵּר	to combine
6	BOM/D&C	BOM 3nephi 3:2	כּוֹתֵב	write
6	BOM/D&C	BOM 3nephi 5:9	הַמְכִילִים	which contain
6	BOM	BOM alma 30:27	יָעֵזּוּ	they durst not
6	BOM	BOM alma 42:16	גַּם־כֵּן	also
6	BOM/D&C	BOM helaman 6:18	נוֹסַד	was instituted
6	BOM/NT	BOM moroni 10:3	אַזְהִיר	I would exhort
6	OT/NT	OT 1sa 20:27	גַּם־הַיּוֹם	also the day
6	OT/NT/D&C	OT isa 30:6	אֶפְעֶה	a-viper
6	NT	NT 2ti 1:2	הֶחָבִיב	the-beloved
6	NT/D&C	NT acts 8:7	וּפִסְחִים	and the lame
6	NT	NT acts 13:40	הַנֶּאֱמָר	which was spoken
6	NT/D&C	NT luke 9:44	לְהִמָּסֵר	to be delivered
5	BOM/D&C	BOM 1nephi 15:35	לְהִשָּׁלֵךְ	to be cast out
5	BOM	BOM 2nephi 1:2	בְּהַצִּילוֹ	in delivering
5	BOM/NT	BOM 2nephi 3:17	בְּדִבּוּר	in-word
5	BOM/NT	BOM 2nephi 25:23	בִּשְׁקִידָה	with care
5	BOM	BOM 2nephi 28:9	לְהַסְתִּיר	to hide
5	BOM	BOM 3nephi 1:4	לְהִמָּלֵא	to be fulfilled
5	BOM/NT/D&C	BOM 3nephi 1:30	עֻנּוּ	were afflicted
5	BOM	BOM 3nephi 2:12	וַיֵּאָנְסוּ	and they were compelled
5	BOM/NT/PGP	BOM 3nephi 3:21	נָכִין	we may prepare
5	BOM/NT/D&C	BOM 3nephi 8:19	הָרְעָמִים	thunders
5	BOM/NT	BOM 3nephi 19:25	כִּפְנֵי	as the countenance of
5	BOM/NT/D&C	BOM 3nephi 26:21	הַנִּטְבָּלִים	those who were baptized
5	BOM/D&C	BOM 4nephi 1:37	הָאֲמִתִּיִּים	the true
5	BOM/D&C/PGP	BOM alma 5:62	שֻׁתָּפִים	partakers
5	BOM	BOM alma 24:26	מִמִּסְפַּר	than the number of
5	BOM/NT/PGP	BOM alma 26:13	הִתִּיר	loosed
5	BOM	BOM alma 37:41	בְּמַסָּעָם	in their journey
5	BOM	BOM alma 39:6	לְהִסָּלַח	to obtain
5	BOM/D&C	BOM alma 42:19	נִתֶּנֶת	given
5	BOM/D&C	BOM helaman 7:5	לִנְאֹף	to commit adultery
5	OT/NT/PGP	OT sos 1:6	שֶׁלִּי	which to me
5	NT/D&C	NT 1co 9:24	הַנִּצָּחוֹן	the-victory
5	NT	NT heb 3:15	שֶׁנֶּאֱמַר	while-it-is-said
5	NT/D&C	NT john 19:16	לְהִצָּלֵב	to be crucified.
5	NT	NT luke 14:3	הֲמֻתָּר	Is it lawful
5	NT/PGP	NT luke 21:26	יִתְמוֹטָטוּ	shall be shaken.
5	D&C/PGP	D&C dc11_20 1:26	בְּאֶמְצַע	in the meridian of
5	D&C	D&C dc11_20 1:64	הַנִּסְמָךְ	he that is ordained
4	BOM	BOM 1nephi 7:21	בְּמַסָּעֵנוּ	on our journey
4	BOM	BOM 1nephi 16:19	מִמַּסָּעָם	because of their march
4	BOM/NT/D&C	BOM 2nephi 1:28	אַנִּיחַ	I leave
4	BOM/NT	BOM 2nephi 9:28	תוֹעִיל	does it profit
4	BOM/NT	BOM 2nephi 9:47	אָעִיר	I awaken
4	BOM	BOM 2nephi 10:18	וְנִמְנוּ	and be numbered
4	BOM/D&C	BOM 2nephi 10:22	הוֹבִיל	led
4	BOM/D&C	BOM 2nephi 28:28	יְקַבְּלֶנָּה	he shall receive it
4	BOM/NT	BOM 3nephi 1:7	לְהִתְעַצֵּב	to grieve
4	BOM/NT	BOM 3nephi 1:25	יוֹד	jot
4	BOM	BOM 3nephi 2:11	גַּם־הַנֶּפִיִּים	also the Nephites
4	BOM	BOM 3nephi 3:14	גַּם־מִן	also from
4	BOM/D&C	BOM 3nephi 7:11	מְחֻבָּרִים	united
4	BOM	BOM 3nephi 7:13	מַסָּעָם	their march
4	BOM/NT	BOM 3nephi 7:17	יַסְפִּיק	is sufficient
4	BOM/NT/D&C	BOM 3nephi 9:15	וּבִי	and in me
4	BOM/D&C	BOM 3nephi 18:5	וְהַנִּטְבָּלִים	and are baptized
4	BOM/D&C	BOM 3nephi 18:30	תְּקַבְּלוּהוּ	you shall receive him
4	BOM/D&C	BOM 3nephi 21:22	וְיַקְשִׁיבוּ	and they shall give heed
4	BOM/OT	BOM 3nephi 22:16	פֶּחָם	the coals
4	BOM/D&C	BOM 3nephi 28:34	יַקְשִׁיב	heed
4	BOM/OT	BOM alma 10:23	תֻּכּוּ	you shall be smitten
4	BOM	BOM alma 11:25	לְהַשְׁמִידֵנִי	to destroy me
4	BOM/NT	BOM alma 14:2	דִינָם	their lawyers
4	BOM	BOM alma 16:5	לְחַפֵּשׂ	in search of
4	BOM	BOM alma 16:21	נִצָּחוֹן	victory
4	BOM/D&C	BOM alma 26:24	פּוֹשֵׁעַ	a transgressor
4	BOM	BOM alma 26:34	לְהֵהָרֵג	to be slain
4	BOM/NT/D&C	BOM alma 41:4	יוּקַם	raised
4	BOM/NT	BOM alma 43:44	וַיְעוֹרְרוּ	And inspired
4	BOM	BOM alma 50:4	לְהַזִּיקָם	do them hurt
4	BOM	BOM alma 56:39	מַסָּעֵנוּ	our march
4	BOM/NT/D&C	BOM alma 57:34	הִגַּעְנוּ	we did arrive
4	BOM/D&C	BOM alma 60:27	לִתְפֹּס	to seize
4	BOM/NT	BOM ether 2:9	יִירָשֶׁנָּה	shall possess it
4	BOM/D&C	BOM ether 4:18	וְהַנִּטְבָּל	and is baptized
4	BOM/D&C	BOM helaman 4:22	שִׁנּוּ	they altered
4	BOM/NT/D&C	BOM mosiah 4:11	וְקִבַּלְתֶּם	and have received
4	BOM/OT	BOM mosiah 22:4	גַּם־עַתָּה	also now
4	OT	OT 1ch 11:2	גַּם־תְּמוֹל	in-time-past
4	OT/NT	OT 1ki 3:26	גַּם־לִי	also to me
4	OT/NT	OT 1ki 18:42	וַיִּגְהַר	and he crouched
4	OT/NT	OT 1sa 21:14	רִירוֹ	his foam,
4	OT	OT 2ki 1:2	זְבוּב	zebub
4	OT/PGP	OT deu 14:2	וּבְךָ	and you
4	OT	OT gen 24:20	וַתָּרׇץ	and she ran
4	NT/D&C	NT 1co 9:25	נִפְסָד	corruptible
4	NT	NT 1co 12:21	אֶצְטָרֵךְ	need
4	NT/D&C/PGP	NT 1co 13:2	לְהַעְתִּיק	I-could-remove
4	NT/D&C	NT 1ti 1:20	יִוָּסְרוּ	they-may-learn
4	NT/D&C	NT 1ti 4:13	שָׁקוּד	diligent
4	NT/D&C	NT 2ti 2:14	לַעֲסֹק	strive
4	NT/PGP	NT acts 5:17	כַּת	the-sect-of
4	NT	NT acts 13:39	לְהִצְטַדֵּק	be-justified
4	NT	NT john 12:25	יְאַבְּדֶנָּה	shall lose it;
4	NT	NT mark 11:32	הֲנֹאמַר	shall-we-say
4	NT	NT mark 15:30	מִן־הַצְּלוּב	from the cross.
4	NT/D&C	NT matt 10:39	יִמְצָאֶנָּה	shall find it.
4	NT	NT rev 4:5	וּרְעָמִים	and-thunderings
4	D&C	D&C dc101_110 1:10	קֹדֶמֶת	former,
4	D&C/PGP	D&C dc101_110 1:92	מַעֲנִיק	bestows
4	D&C/PGP	D&C dc11_20 1:1	וּבְשׂוֹרַת	and the gospel of
4	D&C	D&C dc61_70 1:31	מַכְרִיז	declare
3	BOM/NT/PGP	BOM 1nephi 1:15	וַתָּגֶל	and rejoiced
3	BOM	BOM 1nephi 3:26	וַנָּנָס	and we did flee
3	BOM	BOM 1nephi 8:1	וְגַם־זֶרַע	and also the seed of
3	BOM/D&C	BOM 1nephi 10:3	וְיוּשְׁבוּ	yea, even be brought back
3	BOM	BOM 1nephi 10:13	לְהוֹבִיל	to lead
3	BOM/OT/NT	BOM 1nephi 12:4	הֲמֻלָּה	tumult
3	BOM	BOM 1nephi 16:11	צֵידָתֵנוּ	our provisions
3	BOM	BOM 1nephi 16:28	וְהַשְּׁקִידָה	and diligence
3	BOM/OT	BOM 1nephi 22:7	וּבָם	and by them
3	BOM	BOM 2nephi 1:13	לְהוֹבִילָם	to lead them
3	BOM/D&C	BOM 2nephi 1:14	אֵבָרָיו	his limbs
3	BOM/NT/D&C	BOM 2nephi 1:31	יַזִּיק	shall harm
3	BOM/OT	BOM 2nephi 5:21	כַּחַלָּמִישׁ	like a flint
3	BOM/OT	BOM 2nephi 12:4	לְאִתִּים	into plowshares
3	BOM/OT/NT	BOM 2nephi 17:19	וּבִנְקִיקֵי	and in the holes of
3	BOM/OT	BOM 2nephi 21:1	חֹטֶר	a rod
3	BOM/OT	BOM 2nephi 21:8	הָדָה	shall put
3	BOM	BOM 2nephi 28:27	נִצְטָרֵךְ	shall we need
3	BOM/D&C	BOM 3nephi 1:23	מַטְבִּילִים	baptizing
3	BOM/D&C	BOM 3nephi 3:14	הַנִּמְנִים	those numbered
3	BOM	BOM 3nephi 11:22	תַטְבִּילוּ	you shall baptize
3	BOM	BOM 3nephi 11:26	תַּטְבִּילוּ	you shall baptize
3	BOM	BOM 3nephi 16:10	בְּגַאֲוָתָם	in their pride
3	BOM	BOM 3nephi 27:1	וַיַּטִּיפוּ	and preaching
3	BOM	BOM 4nephi 1:29	עַנְוָתָם	their humility
3	BOM	BOM 4nephi 1:43	לְהִתְגָּאוֹת	to be proud
3	BOM/D&C	BOM alma 1:7	מִמּוֹרֵיהֶם	of their teachers
3	BOM/D&C	BOM alma 2:3	פִּתּוּיֵי	persuasions of
3	BOM/NT/D&C	BOM alma 4:3	הַנִּשְׁלָחִים	were sent
3	BOM/OT/D&C	BOM alma 7:20	עֲקַלְקַלּוֹת	crooked
3	BOM	BOM alma 11:3	סְנוּם	a senum of
3	BOM/D&C	BOM alma 12:4	עֲרוּמָה	cunning
3	BOM/D&C	BOM alma 12:18	לְהִגָּאֵל	be redeemed
3	BOM	BOM alma 17:5	קָרוּ	attended
3	BOM/OT	BOM alma 17:6	וְגַם־זֶה	and also this
3	BOM/NT/PGP	BOM alma 21:23	וַיַּקְשִׁיבוּ	and they gave heed
3	BOM/PGP	BOM alma 22:19	וַתְּצַו	and commanded
3	BOM	BOM alma 29:11	אֶת־שִׁבְיַת	the captivity of
3	BOM/D&C	BOM alma 30:27	בִּיגִיעַ	with the labors of
3	BOM/D&C	BOM alma 30:43	אִוָּכַח	I may be convinced
3	BOM/D&C	BOM alma 32:14	מְבֹרָכִים	they are blessed
3	BOM/NT	BOM alma 32:35	טְעַמְתֶּם	you have tasted
3	BOM/D&C	BOM alma 34:31	תּוּבָא	shall be brought
3	BOM	BOM alma 41:11	בְּיִצְרָם	are in a state of nature
3	BOM/NT/D&C	BOM alma 45:21	יֻגַּד	should be declared
3	BOM/D&C	BOM alma 46:39	נִפְדּוּ	were redeemed
3	BOM	BOM alma 48:16	בְּהַצָּלַת	in preserving
3	BOM	BOM alma 52:23	לָסֶגֶת	to retreat
3	BOM	BOM alma 56:54	כִּשְׁבוּיֵי	as prisoners of
3	BOM	BOM alma 60:9	אֶת־צֵידָתָם	their provisions
3	BOM	BOM alma 62:35	וְגַם־הַלָּמָנִים	and also the Lamanites
3	BOM	BOM ether 2:6	סְפִינוֹת	barges
3	BOM/D&C	BOM ether 2:25	גַּלֵּי	the waves of
3	BOM/D&C	BOM ether 8:25	הַמְשַׁקֵּר	the liar
3	BOM/NT/D&C	BOM ether 12:8	לְהִשְׁתַּתֵּף	be partakers
3	BOM/D&C	BOM ether 15:3	נִתְקַיְּמוּ	they were fulfilled
3	BOM	BOM ether 15:19	מֵהֵאָבֵק	striving
3	BOM	BOM helaman 7:13	נִקְהַלְתֶּם	you have assembled
3	BOM/NT/D&C	BOM helaman 9:20	קָשׁוּר	art bound
3	BOM/NT/D&C	BOM helaman 10:7	תַּתִּיר	you shall loose
3	BOM/NT	BOM helaman 15:4	בִּקְרִיאַת	at the preaching of
3	BOM/NT	BOM jarom 1:11	מַזְהִירִים	exhorting
3	BOM/NT	BOM mormon 7:5	עֹקֶץ	the sting of
3	BOM/PGP	BOM mosiah 2:30	בְּנַסּוֹתִי	while attempting
3	BOM/D&C/PGP	BOM mosiah 5:8	נַעֲשֵׂיתֶם	you are made
3	OT	OT 1ch 21:3	כָּהֵם	so-many-more-as-they-are
3	OT/PGP	OT 1ki 12:10	עָבָה	it is thick
3	OT	OT 1ki 21:21	מֵבִי	will bring
3	OT/NT	OT 1sa 21:14	וַיְתָו	and wrote
3	OT/NT	OT deu 25:4	לֹא־תַחְסֹם	you-shall-not-muzzle
3	OT	OT deu 28:4	שְׁגַר	the young of
3	OT	OT ecc 1:17	שֶׁגַּם־זֶה	that also this
3	OT/NT	OT est 5:2	וַיּוֹשֶׁט	and extended
3	OT/NT	OT exo 12:32	גַּם־אֹתִי	me also
3	OT	OT eze 4:14	פִּגּוּל	unclean meat
3	OT	OT eze 13:11	אֶלְגָּבִישׁ	hail
3	OT	OT eze 18:2	תִּקְהֶינָה	are set on edge
3	OT	OT eze 23:17	וַתֵּקַע	and was alienated
3	OT/PGP	OT gen 1:2	מְרַחֶפֶת	was hovering
3	OT	OT gen 17:23	וַיָּמׇל	and he circumcised
3	OT/NT	OT gen 24:65	הַלָּזֶה	this
3	OT	OT gen 30:38	בָּרְהָטִים	in the gutters
3	OT	OT hos 4:14	יִלָּבֵט	he will be ruined
3	OT	OT hos 6:4	מַשְׁכִּים	early
3	OT	OT hos 13:10	אֱהִי	where is
3	OT	OT isa 20:2	וְיָחֵף	and-barefoot
3	OT	OT isa 28:25	קֶצַח	the-black-seeds
3	OT	OT jdg 1:14	וַתִּצְנַח	and she went down
3	OT	OT job 9:27	וְאַבְלִיגָה	and I will be cheerful
3	OT/NT	OT joe 2:12	וְגַם־עַתָּה	and also now
3	OT	OT jon 2:6	אֲפָפוּנִי	they encompassed me
3	OT	OT jos 20:6	עַד־עׇמְדוֹ	until he stand
3	OT	OT lev 2:2	וְקָמַץ	and he will take a handful
3	OT	OT lev 13:42	בְגַבַּחְתּוֹ	on his bald forehead
3	OT	OT lev 13:51	מַמְאֶרֶת	malignant
3	OT	OT pro 15:13	נְכֵאָה	is stricken
3	OT/NT	OT psa 14:3	נֶאֱלָחוּ	they have become foul
3	NT	NT 1co 2:2	הַנִּצְלָב	crucified
3	NT	NT 1co 7:27	לְהִפָּטֵר	to-be-loosed
3	NT/D&C	NT 1co 9:10	חוֹשֵׁשׁ	taketh-care
3	NT	NT 1co 15:9	מֵהִקָּרֵא	worthy to be called
3	NT	NT 1jn 2:8	גַּם־בָּכֶם	and-in-you
3	NT	NT 1th 2:8	חֲבִיבִים	beloved-ones
3	NT/PGP	NT 1ti 5:16	פַּרְנָסָה	them
3	NT	NT 2co 1:4	הַנִּלְחָצִים	them-which-are
3	NT	NT 2co 1:6	נֶחָמַתְכֶם	your-consolation
3	NT	NT 2co 7:9	נֶעֱצַבְתֶּם	you-were-made-sorry
3	NT	NT 2co 7:11	זְרִיזוּת	carefulness
3	NT/D&C	NT acts 9:5	לִבְעֹט	to-with-a stylus of
3	NT/D&C	NT acts 9:5	בַּדָּרְבֹנוֹת	in-the-goads
3	NT	NT acts 15:20	הַנֶּחֱנָק	things-strangled,
3	NT	NT acts 19:19	דִּינָרִים	denarii
3	NT/D&C	NT acts 21:13	לְהֵאָסֵר	not-to-be-bound-only,
3	NT	NT acts 26:9	הָגוּן	that-I-ought
3	NT	NT col 3:13	תִּמְחֲלוּ	you-will-forgive
3	NT/D&C	NT gal 4:17	לְהַפְרִיד	to-separate
3	NT	NT heb 6:6	לִצְלֹב	afresh
3	NT	NT heb 12:2	אֶת־הַצְּלוּב	the cross,
3	NT/PGP	NT heb 12:27	שִׁנּוּי	the-removing-of
3	NT/D&C	NT john 6:64	הַמּוֹסֵר	should betray
3	NT	NT john 19:18	וַיִּצְלְבוּ	they crucified
3	NT	NT john 19:29	סְפוֹג	a spunge
3	NT	NT luke 5:33	וְתַלְמִידֶיךָ	but your disciples
3	NT	NT luke 9:24	וְהַמְאַבֵּד	and whoever loses
3	NT	NT luke 9:25	שֶׁיִּקְנֶה	if he shall gain
3	NT/D&C	NT luke 14:11	וְהַמַּשְׁפִּיל	and he that humbleth
3	NT	NT luke 18:16	וְאַל־תִּמְנָעוּם	and forbid them not:
3	NT	NT luke 18:25	הַמַּחַט	a needle,
3	NT/PGP	NT luke 22:37	שֶׁצָּרִיךְ	that
3	NT/PGP	NT luke 24:9	וַתַּגֵּדְנָה	and told
3	NT	NT mark 7:13	קַבָּלַתְכֶם	your tradition,
3	NT/D&C	NT mark 7:30	וְהַשֵּׁד	and the devil
3	NT	NT mark 9:43	תַכְשִׁילְךָ	offend you,
3	NT	NT mark 9:45	תַּכְשִׁילְךָ	offend you,
3	NT	NT mark 11:26	תִמְחֲלוּ	forgive,
3	NT/D&C/PGP	NT mark 12:27	טוֹעִים	do err
3	NT/D&C	NT mark 14:5	לְהִמָּכֵר	to be sold
3	NT	NT mark 15:9	שֶׁאַתִּיר	that I release
3	NT	NT mark 15:17	וַיַּלְבִּישֻׁהוּ	and put on him
3	NT/D&C	NT matt 10:34	לְהָטִיל	to send
3	NT/D&C	NT phm 1:10	בַּמַּאֲסָר	in-bonds
3	NT/D&C	NT rev 21:9	מִשִּׁבְעַת	of-the-seven
3	NT	NT rom 15:1	הֲנָאַת	the-pleasure-of
3	D&C	D&C dc101_110 1:11	לָשֵׁבֶת	to preside
3	D&C	D&C dc101_110 1:18	שְׁמִיעַת	are heard
3	D&C	D&C dc101_110 1:5	קְשׁוּרִים	bound
3	D&C	D&C dc101_110 1:69	דּוֹלָרִים	dollars,
3	D&C	D&C dc101_110 1:6	יִוָּסֵר	be chastened
3	D&C	D&C dc101_110 1:2	וְיַזְהִיר	and warn
3	D&C	D&C dc101_110 1:23	מְיֻחָדִים	especial
3	D&C/PGP	D&C dc111_120 1:10	פְּסוּקִים	verses.
3	D&C	D&C dc11_20 1:22	יִוָּסֵף	shall be added
3	D&C	D&C dc121_130 1:7	הַמֻּטֶּלֶת	an imperative
3	D&C	D&C dc121_130 1:68	הַמְּנָיוֹת	of stock
3	D&C	D&C dc121_130 1:4	לִלְחֹץ	to shake hands
3	D&C/PGP	D&C dc131_138 1:9	דָּתִי	religious
3	D&C	D&C dc131_138 1:9	דָתִית	religious
3	D&C	D&C dc21_30 1:9	קְרִיאָתְךָ	your calling
3	D&C	D&C dc51_60 1:9	מַסַּעֲכֶם	your journey
3	D&C	D&C dc61_70 1:21	הַנִּזְכֶּרֶת	named
3	D&C	D&C dc71_80 1:1	וְהַפָּסוּק	and verse
3	D&C	D&C dc71_80 1:11	הַנִּסְמָכִים	ordained
3	D&C/PGP	D&C od 1:3	פֻּרְסְמוּ	were-published
3	D&C	D&C od 1:3	רִבּוּי	the plurality of
3	D&C/PGP	D&C od 1:7	כָּלְשֶׁהוּ	any
3	D&C/PGP	D&C od 1:19	לְהַמְשִׁיךְ	to continue
3	PGP	PGP js_history 1:9	לְגָרוֹם	to make
3	PGP	PGP js_history 1:10	טוֹעוֹת	wrong
3	PGP	PGP js_history 1:36	שֶׁלָּנוּ	of ours
3	PGP	PGP js_history 1:36	אֶת־הַפָּסוּק	the first
3	PGP	PGP moses 7:5	וָאַבֵּט	And I looked
3	PGP	PGP pgp_intro 1:17	אֶנְד	and
2	BOM	BOM 1nephi 4:2	חֵילוֹת	the armies of
2	BOM	BOM 1nephi 10:21	נִסְיֹנְכֶם	your probation
2	BOM	BOM 1nephi 14:4	כִּשְׁבִי	according to the captivity of
2	BOM/NT	BOM 1nephi 17:19	לְהֵעָצֵב	to be sorrowful
2	BOM/NT	BOM 1nephi 17:48	לְהַשְׁלִיכֵנִי	to cast me
2	BOM	BOM 1nephi 18:13	הִתִּירוּנִי	did they loose me
2	BOM	BOM 1nephi 18:15	לְהִבָּלַע	to be swallowed up
2	BOM	BOM 1nephi 18:15	צָבֹה	swell
2	BOM	BOM 1nephi 18:15	צָבְתוּ	were they swollen
2	BOM	BOM 1nephi 18:18	צַעֲרָם	their grief
2	BOM/NT	BOM 1nephi 18:19	לְהַתִּירֵנִי	to loose me
2	BOM	BOM 1nephi 19:1	וַיְצַוֵּנִי	and commanded me
2	BOM/NT	BOM 1nephi 19:6	אֶצְטַדֵּק	I would excuse myself
2	BOM/OT	BOM 1nephi 21:10	שָׁרָב	the heat
2	BOM/OT	BOM 1nephi 21:22	בְּחֹצֶן	in their arms
2	BOM/PGP	BOM 2nephi 2:11	מְעֹרָבִים	compounded
2	BOM	BOM 2nephi 3:12	וְהַנִּכְתָּב	and that which shall be written
2	BOM	BOM 2nephi 5:11	וַנַּצְלִיחַ	and we prospered
2	BOM/OT	BOM 2nephi 5:21	נִמְרֶצֶת	sore
2	BOM	BOM 2nephi 9:12	שְׁבוּיָיו	its captives
2	BOM	BOM 2nephi 9:42	וְהַמְּלֻמָּדִים	and the learned
2	BOM/NT	BOM 2nephi 9:42	הַמִּתְגָּאִים	who are puffed up
2	BOM	BOM 2nephi 10:16	גַּם־זָכָר	both male
2	BOM	BOM 2nephi 10:20	הוּבַלְנוּ	we were led
2	BOM	BOM 2nephi 10:24	הִתְרַצּוּ	reconcile yourselves
2	BOM	BOM 2nephi 12:5	תְּעִיתֶם	have gone astray
2	BOM/OT	BOM 2nephi 12:16	כׇּל־שְׂכִיּוֹת	all the pictures
2	BOM/OT	BOM 2nephi 13:16	תְּעַכַּסְנָה	they make a tinkling
2	BOM/OT	BOM 2nephi 13:18	הָעֲכָסִים	the tinkling ornaments
2	BOM/OT	BOM 2nephi 13:18	וְהַשְּׁבִיסִים	and the headbands
2	BOM/OT	BOM 2nephi 13:18	וְהַשַּׂהֲרֹנִים	and the crescents
2	BOM/OT	BOM 2nephi 13:23	וְהָרְדִידִים	and the veils
2	BOM/OT	BOM 2nephi 15:2	וַיְעַזְּקֵהוּ	and he fenced it
2	BOM/OT	BOM 2nephi 15:13	צִחֵה	parched with
2	BOM/OT	BOM 2nephi 15:14	וּפָעֲרָה	and opened
2	BOM/OT	BOM 2nephi 15:24	וַחֲשַׁשׁ	and as the chaff
2	BOM/OT	BOM 2nephi 15:25	כַּסּוּחָה	as the refuse
2	BOM/OT	BOM 2nephi 17:18	לַזְּבוּב	for the fly
2	BOM/OT	BOM 2nephi 17:19	הַנַּעֲצוּצִים	the thorns
2	BOM/OT	BOM 2nephi 19:18	וַיִּתְאַבְּכוּ	and they shall mount up
2	BOM/OT	BOM 2nephi 19:19	נֶעְתַּם	is darkened
2	BOM/D&C	BOM 2nephi 23:22	אַשְׁמִידֶנָּה	I will destroy her
2	BOM/OT	BOM 2nephi 24:22	וְנִין	and son
2	BOM/OT	BOM 2nephi 24:22	וָנֶכֶד	and nephew
2	BOM/OT	BOM 2nephi 24:23	קִפֹּד	the bittern
2	BOM/NT	BOM 2nephi 25:4	צֵאתִי	I came out
2	BOM/OT	BOM 2nephi 27:32	יְקֹשׁוּן	they lay a snare
2	BOM/OT	BOM 2nephi 27:33	יֶחֱוָרוּ	grow pale
2	BOM	BOM 2nephi 28:12	קְהִלּוֹתֵיהֶם	their churches
2	BOM/D&C	BOM 2nephi 28:14	נִמְשָׁכִים	are led
2	BOM	BOM 2nephi 28:19	בְּשַׁלְשְׁלוֹתָיו	with his chains
2	BOM	BOM 2nephi 29:6	הֲקִבַּלְתֶּם	have you obtained
2	BOM/NT	BOM 2nephi 31:10	הֲנוּכַל	can we
2	BOM	BOM 2nephi 31:18	וּקְבַלְתֶּם	and you have received
2	BOM	BOM 3nephi 1:17	הִשְׁתּוֹמְמוּ	were astonished
2	BOM	BOM 3nephi 4:6	לְהִתְפַּשֵּׁט	to spread
2	BOM	BOM 3nephi 4:16	לְהַכְנִיעָם	to subdue them
2	BOM	BOM 3nephi 4:18	צֵידָתָם	their provisions
2	BOM/D&C	BOM 3nephi 6:12	לְהִבָּדֵל	to be divided
2	BOM/PGP	BOM 3nephi 7:8	מִצִּדְקָתָם	from their righteousness
2	BOM/NT	BOM 3nephi 7:23	וַיַּטֵּף	and he preached
2	BOM/PGP	BOM 3nephi 8:7	חַדִּים	sharp
2	BOM	BOM 3nephi 8:12	וְהָרְעָמִים	and the thunderings
2	BOM/PGP	BOM 3nephi 9:20	אַטְבִּיל	I will baptize
2	BOM	BOM 3nephi 12:26	סֶנִין	senine
2	BOM/NT	BOM 3nephi 12:41	מִיל	a mile
2	BOM/D&C	BOM 3nephi 12:42	לִלְווֹת	borrow
2	BOM/NT	BOM 3nephi 13:7	וּבְהִתְפַּלֶּלְכֶם	but when you pray
2	BOM/NT	BOM 3nephi 13:30	יַלְבִּישׁ	he shall clothe
2	BOM/NT	BOM 3nephi 14:15	טֹרְפִים	ravening
2	BOM	BOM 3nephi 15:17	מִן־הַמִּכְלָא	of the fold
2	BOM	BOM 3nephi 18:30	תְגָרְשׁוּהוּ	cast him out
2	BOM/D&C	BOM 3nephi 20:8	שׁוֹתֶה	drinketh
2	BOM/OT	BOM 3nephi 22:10	תְּמוּטֶינָה	be removed
2	BOM	BOM 3nephi 27:1	וַיַּטְבִּילוּ	and were baptizing
2	BOM	BOM 3nephi 27:26	נִכְתָּבִים	are written
2	BOM	BOM 3nephi 28:21	נִזּוֹקוּ	were they harmed
2	BOM/D&C	BOM 3nephi 28:34	יְקַבְּלֵם	will he receive them
2	BOM	BOM alma 1:30	גַּם־זָקֵן	both old
2	BOM	BOM alma 2:12	וַיִּתְחַמְּשׁוּ	and armed themselves
2	BOM	BOM alma 3:4	כַּלָּמָנִים	like the Lamanites
2	BOM/NT	BOM alma 4:19	בְּהָעִיד	in bearing
2	BOM/D&C	BOM alma 5:14	צַלְמוֹ	His image
2	BOM	BOM alma 6:6	וּלְהִתְחַבֵּר	and to unite
2	BOM/D&C	BOM alma 7:3	נִכְנַעְתֶּם	you had humbled yourselves
2	BOM/NT	BOM alma 7:6	שַׁתֶּם	you have not set
2	BOM/D&C	BOM alma 8:10	לְהַטְבִּילָם	that he might baptize them
2	BOM	BOM alma 9:30	לְהֵאָהֵב	to be beloved
2	BOM	BOM alma 9:30	אָבוּד	lost
2	BOM	BOM alma 10:12	לְהִתְפַּלֵּא	to be astonished
2	BOM	BOM alma 11:2	וַיֵּאָנֵס	and was compelled
2	BOM	BOM alma 11:3	סְנִינֵה	a senine of
2	BOM	BOM alma 11:3	כִּסְנִינֵה	is equal to a senine of
2	BOM	BOM alma 11:6	עֶזְרוֹם	an ezrom of
2	BOM	BOM alma 11:11	סְנוּמִים	senums
2	BOM	BOM alma 11:14	לְחֶשְׁבּוֹנָם	of their reckoning
2	BOM	BOM alma 12:36	בַּמְּרִיבָה	in the last
2	BOM/NT	BOM alma 14:6	מִשְׁתּוֹמֵם	was astonished
2	BOM/NT	BOM alma 14:7	לִרְגֹּם	to cast stones
2	BOM/D&C	BOM alma 15:3	בּוֹעֵר	burning heat
2	BOM	BOM alma 16:5	בְּיָדְעָם	knowing
2	BOM/D&C	BOM alma 17:5	בְּמַסְעוֹתֵיהֶם	in their journeyings
2	BOM	BOM alma 17:6	בְּהִפָּרְדָם	having departed
2	BOM/D&C	BOM alma 19:27	לְיַסְּרָם	to afflict them
2	BOM	BOM alma 21:14	וַיַּלְבִּישׁוּם	and clothed
2	BOM	BOM alma 21:16	הוֹבִילָם	led by
2	BOM	BOM alma 22:14	וְעֹקֶץ	and that the sting of
2	BOM	BOM alma 24:15	זֹהֲרִים	bright
2	BOM	BOM alma 26:31	נַבִּיט	we can look forth
2	BOM	BOM alma 26:34	וּמִשִּׂנְאָתָם	and of their hatred
2	BOM/NT	BOM alma 27:24	מֵהוֹנָם	a portion of their substance
2	BOM	BOM alma 27:29	בְּיִסּוּרִים	in sufferings
2	BOM	BOM alma 32:16	נֶאֱנַס	compelled
2	BOM	BOM alma 32:27	לַחְפֹּץ	desire
2	BOM/NT	BOM alma 32:28	נְדַמֶּה	we will compare
2	BOM/D&C	BOM alma 32:34	לְהִתְרַחֵב	to expand
2	BOM	BOM alma 32:37	תְּטַפְּחוּהוּ	you nourish it
2	BOM	BOM alma 32:40	בְּקַוּוֹתְכֶם	looking forward
2	BOM/NT	BOM alma 34:16	חָשׂוּף	is exposed
2	BOM	BOM alma 34:35	דְּחִיתֶם	you have procrastinated
2	BOM	BOM alma 36:14	הוֹבַלְתִּים	led them away
2	BOM	BOM alma 37:5	אֶת־זׇהֳרָם	their brightness
2	BOM	BOM alma 40:23	תּוּשַׁב	shall be restored
2	BOM/NT	BOM alma 40:23	וְהַשָּׁלֵם	and perfect
2	BOM	BOM alma 41:13	שֵׁדִי	devilish
2	BOM	BOM alma 42:10	וְשֵׁדִיִּים	and devilish
2	BOM	BOM alma 42:26	אׇבְדָנָם	their destruction
2	BOM	BOM alma 43:30	וּקְהִלָּתָם	and their church
2	BOM	BOM alma 43:44	וּמְצַוָּם	and commander
2	BOM	BOM alma 43:48	וַיְעוֹרֵר	and inspired
2	BOM	BOM alma 43:54	מִשְּׁפֹךְ	shedding
2	BOM	BOM alma 47:2	וְגַם־יָרְאוּ	and also they feared
2	BOM	BOM alma 48:18	כְּאַלְמָא	like unto Alma
2	BOM	BOM alma 49:5	תְּמִיהָה	with an astonishment
2	BOM	BOM alma 49:22	בְּנַסּוֹתָם	in these attempts
2	BOM	BOM alma 51:32	הֵצִיקוּ	they did harass
2	BOM	BOM alma 51:33	עֲיֵפוּתָם	their much fatigue
2	BOM	BOM alma 53:6	אֶת־שְׁבוּיָיו	its captives
2	BOM	BOM alma 54:11	אַחֲלִיף	I will exchange
2	BOM	BOM alma 55:14	נִשְׁתַּכְּרוּ	they were drunken
2	BOM/D&C	BOM alma 55:31	לְהִלָּכֵד	be taken
2	BOM/D&C	BOM alma 57:3	לְהַחֲלִיף	exchange
2	BOM	BOM alma 57:11	מִמַּשְׁעָנָם	from their support
2	BOM	BOM alma 57:13	שְׁבוּיֵינוּ	our prisoners
2	BOM	BOM alma 57:16	בַּמָּצוֹק	in the critical circumstances
2	BOM/NT	BOM alma 57:16	לַחֲרֹץ	to determine
2	BOM	BOM alma 57:34	לְהַשִּׂיגָם	overtake them
2	BOM/NT	BOM alma 58:27	וַנַּגִּיעַ	and we did arrive
2	BOM/NT	BOM alma 60:9	מְנַעְתֶּם	you have withheld
2	BOM	BOM alma 62:29	הוּקַל	were relieved
2	BOM	BOM ether 8:19	בְּקִשְׁרֵי	in combinations of
2	BOM	BOM ether 8:21	לְהַשְׁמָדַת	the destruction of
2	BOM	BOM ether 10:19	גַם־לִיב	also Lib
2	BOM/PGP	BOM ether 11:20	גַם־כֵּן	also
2	BOM/D&C	BOM ether 12:26	יִתְלוֹצְצוּ	they shall take advantage
2	BOM	BOM ether 14:25	לְאׇבְדָנָם	for their destruction
2	BOM/D&C	BOM helaman 5:49	כִּשְׁלֹשׁ	as three
2	BOM	BOM helaman 6:1	חׇזְקָם	their firmness
2	BOM	BOM helaman 7:22	תִּלָּקַחְנָה	they shall be taken
2	BOM/D&C	BOM helaman 8:5	תִלָּקַחְנָה	they shall be taken
2	BOM/D&C	BOM helaman 8:6	לִשְׁלֹט	to rule
2	BOM/PGP	BOM helaman 12:8	לְהֵחָלֵק	to be divided
2	BOM	BOM helaman 13:32	וְהַשְׁחָתַתְכֶם	and your destruction
2	BOM	BOM helaman 13:33	עׇשְׁרֵנוּ	our riches
2	BOM/NT	BOM jacob 1:2	אֶגַּע	should I touch
2	BOM	BOM jacob 2:3	שׁוֹקֵד	diligent
2	BOM	BOM jacob 5:49	יַכְבִּידוּ	they shall cumber
2	BOM	BOM jacob 6:10	תִכְבֶּינָה	shall be quenched
2	BOM/D&C	BOM jarom 1:4	חִבּוּר	communion
2	BOM/D&C	BOM mormon 1:4	תַּנִּיחַ	you shall leave
2	BOM	BOM mormon 5:7	בִּמְנוּסָתָם	in their flight
2	BOM	BOM mormon 8:24	לְהַרְעִישׁ	cause to shake
2	BOM	BOM mormon 9:3	בְּהַכִּירְכֶם	under a consciousness of
2	BOM/NT	BOM mormon 9:24	יַזִּיקֵם	shall it hurt them
2	BOM/D&C	BOM mormon 9:36	הֲשָׁבָתָם	their restoration
2	BOM/PGP	BOM moroni 7:27	לִתְבֹּעַ	to claim
2	BOM/NT	BOM moroni 7:28	תּוֹבֵעַ	claims
2	BOM/NT	BOM moroni 9:14	נְצַפֶּה	can we expect
2	BOM	BOM moroni 9:21	לְהַפְגִּיעַ	recommend
2	BOM	BOM moroni 10:4	אֲמִתָּתָם	the truth of it
2	BOM	BOM mosiah 2:41	גַּם־בְּגוּף	both in body
2	BOM	BOM mosiah 7:21	וּבְנִכְלָיו	and by his craftiness
2	BOM/PGP	BOM mosiah 9:0	כב	22
2	BOM/NT	BOM mosiah 11:12	לְהַשְׁקִיף	look over
2	BOM	BOM mosiah 12:5	עַל־גַּבָּם	upon their backs
2	BOM	BOM mosiah 12:19	לְהַאֲשִׁימוֹ	to accuse him
2	BOM	BOM mosiah 16:11	לִתְקוּמַת	to the resurrection of
2	BOM/D&C	BOM mosiah 18:13	מַטְבִּילְךָ	baptize you
2	BOM	BOM mosiah 18:29	גַּם־בְּצָרְכֵי	both in the needs of
2	BOM/D&C	BOM mosiah 24:4	לְהִלָּמֵד	to be taught
2	BOM/NT	BOM mosiah 27:19	וַיּוֹבִילֻהוּ	and carried
2	BOM/NT	BOM mosiah 29:10	וְנַבִּיטָה	and look
2	BOM	BOM mosiah 29:40	הֶחֱשִׁיבוּהוּ	they esteemed him
2	OT	OT 1ch 12:41	דְּבֵלִים	cakes-of-figs
2	OT	OT 1ch 16:3	וַאֲשִׁישָׁה	and-a-cake-of-raisins
2	OT	OT 1ki 7:6	וְעָב	and a thick beam
2	OT	OT 1ki 7:28	הַשְׁלַבִּים	the cross bars
2	OT	OT 1ki 10:11	אַלְמֻגִּים	almug
2	OT	OT 1ki 17:12	מָעוֹג	is food
2	OT	OT 1ki 19:4	רֹתֶם	a broom plant
2	OT	OT 1ki 22:22	וְגַם־תּוּכׇל	and also you will prevail
2	OT	OT 1ki 22:25	לְהֵחָבֵה	to hide thyself
2	OT	OT 1sa 25:18	צִמֻּקִים	clusters-of-raisins
2	OT	OT 2ki 19:28	וּמִתְגִּי	and my bridle
2	OT	OT 2ki 20:7	דְּבֶלֶת	a cake of
2	OT	OT 2ki 25:12	וּלְיֹגְבִים	and to plowmen
2	OT/NT	OT 2sa 2:7	וְגַם־אֹתִי	and-also-me
2	OT	OT 2sa 3:19	גַּם־אַבְנֵר	also-Abner
2	OT	OT 2sa 13:8	אֶת־הַבָּצֵק	flour
2	OT/NT	OT 2sa 17:23	וַיֵּחָנַק	and-strangled-himself
2	OT	OT 2sa 19:5	לָאַט	covered
2	OT	OT 2sa 22:17	יַמְשֵׁנִי	he-drew-me-out
2	OT	OT amo 4:9	הַגָּזָם	the palmerworm
2	OT	OT deu 5:6	עֲבָדִ͏ים	servants
2	OT	OT deu 5:7	עַל־פָּנָ͏ַי	before Me
2	OT	OT deu 5:8	מִתָּ͏ַחַת	beneath
2	OT	OT deu 5:17	תִּֿרְצָ͏ח	you shall kill
2	OT	OT deu 5:17	תִּֿנְאָ͏ף	you shall commit adultery
2	OT	OT deu 14:7	וְאֶת־הָאַרְנֶבֶת	and the hare
2	OT	OT deu 14:15	וְאֶת־הַשָּׁחַף	and the gull
2	OT	OT deu 23:3	מַמְזֵר	a bastard
2	OT	OT deu 27:2	וְשַׂדְתָּ	and you will whitewash
2	OT	OT deu 27:2	בַּשִּׂיד	with the lime
2	OT	OT deu 28:5	טַנְאֲךָ	your basket
2	OT	OT deu 32:24	רֶשֶׁף	plague
2	OT	OT ecc 2:24	גַּם־זֹה	also this
2	OT	OT exo 22:5	גָּדִישׁ	the stacks of corn
2	OT	OT exo 26:17	מְשֻׁלָּבֹת	set in order
2	OT	OT exo 27:8	נְבוּב	hollow
2	OT	OT exo 28:19	וְאַחְלָמָה	and an amethyst
2	OT	OT exo 28:28	וְלֹא־יִזַּח	and be not loosed
2	OT	OT exo 35:22	וְכוּמָז	and ornaments
2	OT	OT exo 35:25	טָווּ	they spun
2	OT	OT exo 38:3	אֶת־הַמִּזְלָגֹת	the forks
2	OT	OT eze 8:10	מְחֻקֶּה	traced
2	OT	OT eze 18:2	בֹסֶר	sour grapes
2	OT	OT eze 20:43	וּנְקֹטֹתֶם	and you will loathe
2	OT	OT eze 21:14	הוּחַדָּה	it has been sharpened
2	OT	OT eze 32:13	תִדְלָחֵם	it will make turbid them
2	OT	OT eze 34:20	רָזָה	lean
2	OT	OT eze 38:9	וְכׇל־אֲגַפֶּיךָ	and all your troops
2	OT/PGP	OT gen 3:7	וַיִּתְפְּרוּ	and they sewed together
2	OT/PGP	OT gen 3:14	עַל־גְּחֹנְךָ	on your belly
2	OT/PGP	OT gen 3:15	יְשׁוּפְךָ	shall bruise
2	OT/PGP	OT gen 3:15	תְּשׁוּפֶנּוּ	shall bruise His
2	OT	OT gen 24:25	גַּם־מִסְפּוֹא	also fodder
2	OT	OT gen 29:33	גַּם־אֶת־זֶה	also this
2	OT	OT gen 30:35	וְכׇל־חוּם	and all dark
2	OT	OT gen 37:25	נְכֹאת	spice
2	OT	OT gen 42:27	מִסְפּוֹא	fodder
2	OT	OT gen 49:19	יְגוּדֶנּוּ	shall overcome him
2	OT/NT	OT gen 50:2	לַחֲנֹט	to embalm
2	OT	OT gen 50:2	וַיַּחַנְטוּ	and they embalmed
2	OT	OT hab 2:5	יָהִיר	arrogant
2	OT	OT hab 2:6	וּמְלִיצָה	and a taunting proverb
2	OT	OT hos 5:13	מָזוֹר	the wound
2	OT	OT hos 7:4	בָּצֵק	dough
2	OT	OT hos 9:6	קִמּוֹשׂ	nettles
2	OT	OT hos 10:4	תַּלְמֵי	the furrows of
2	OT/NT	OT isa 1:22	מָהוּל	mixed
2	OT	OT isa 24:11	צְוָחָה	there-is-a-crying
2	OT	OT isa 28:25	וְכַמֹּן	and-the-cummin
2	OT/NT	OT isa 40:4	וְהָרְכָסִים	and-the-rough-places
2	OT	OT isa 41:19	תִּדְהָר	maple
2	OT	OT isa 55:12	יִמְחֲאוּ־כָף	shall-clap-their-hands
2	OT/NT	OT isa 57:6	גַּם־לָהֶם	even-to-them
2	OT	OT isa 58:6	חַרְצֻבּוֹת	the-chains-of
2	OT/D&C	OT isa 64:1	הֲמָסִים	brushwood
2	OT	OT jdg 11:40	לְתַנּוֹת	to lament
2	OT	OT jer 5:17	בָּהֵנָּה	in them
2	OT	OT jer 10:15	תַּעְתֻּעִים	delusion
2	OT/D&C	OT jer 14:9	נִדְהָם	surprised
2	OT	OT jer 52:21	נָבוּב	hollow
2	OT	OT job 1:20	וַיָּגׇז	and shaved
2	OT	OT job 9:17	יְשׁוּפֵנִי	he breaks me
2	OT	OT job 10:15	אַלְלַי	woe
2	OT	OT job 16:10	פָּעֲרוּ	they have gaped
2	OT	OT job 16:20	דָּלְפָה	pours out tears
2	OT	OT job 20:9	שְׁזָפַתּוּ	which saw him
2	OT	OT job 28:26	לַחֲזִיז	for the lightning of
2	OT	OT job 30:4	רְתָמִים	juniper
2	OT	OT job 30:7	חָרוּל	nettles
2	OT	OT job 31:38	תְּלָמֶיהָ	its furrows
2	OT	OT job 36:28	יִרְעֲפוּ	and drop
2	OT	OT jon 1:11	וְיִשְׁתֹּק	so it may be calm
2	OT/NT	OT jon 2:7	לְקִצְבֵי	to extremities of
2	OT/NT	OT jos 5:13	הֲלָנוּ	is it for us
2	OT	OT lev 2:2	קֻמְצוֹ	his handful
2	OT	OT lev 6:14	מֻרְבֶּכֶת	mixed dough
2	OT	OT lev 13:30	צָהֹב	yellow
2	OT	OT lev 21:18	שָׂרוּעַ	having something enlarged
2	OT	OT lev 21:20	יַלֶּפֶת	scabs
2	OT	OT mic 1:4	כַּדּוֹנַג	like the wax
2	OT	OT num 5:19	שָׂטִית	you have strayed
2	OT	OT num 24:3	שְׁתֻם	opened of
2	OT	OT num 34:7	תְּתָאוּ	you will mark out
2	OT/NT	OT pro 4:15	שְׂטֵה	stray
2	OT	OT pro 7:16	מַרְבַדִּים	coverings
2	OT	OT pro 17:4	הַוֺּת	mischievous
2	OT	OT pro 18:1	יִתְגַּלָּע	he intermeddles
2	OT	OT pro 23:6	וְאַל־תִּתְאָו	and desire not
2	OT	OT psa 68:16	גַּבְנֻנִּים	peaks
2	OT/NT	OT psa 95:10	אָקוּט	was I grieved
2	OT/NT	OT psa 106:43	וַיָּמֹכּוּ	and were brought low
2	OT	OT psa 119:40	תָּאַבְתִּי	I long
2	OT	OT sos 4:1	שֶׁגָּלְשׁוּ	that have descended
2	OT/NT	OT sos 5:6	חָמַק	he had turned away
2	OT/NT	OT zec 11:14	אֶת־הָאַחֲוָה	the brotherhood
2	NT	NT 1co 1:13	נִטְבַּלְתֶּם	were-you-baptized
2	NT	NT 1co 1:18	הַצְּלוּב	the-cross
2	NT	NT 1co 1:23	הַצָּלוּב	crucified
2	NT	NT 1co 1:26	אֶת־קְרִיאַתְכֶם	your-calling
2	NT	NT 1co 4:12	מְחָרְפִים	they-persecute
2	NT	NT 1co 5:6	אֶת־כׇּל־הָעִסָּה	the-whole-lump
2	NT	NT 1co 6:7	עוֹלְבִים	wrong
2	NT	NT 1co 6:10	הַמְגַדְּפִים	revilers
2	NT	NT 1co 6:20	נִקְנֵיתֶם	you-are-bought
2	NT	NT 1co 7:20	שֶׁמִּתּוֹכָהּ	wherein
2	NT	NT 1co 7:37	מֻכְרָח	necessity
2	NT	NT 1co 7:39	מֻתֶּרֶת	at-liberty-is
2	NT/D&C	NT 1co 9:18	הִשְׁתַּמֵּשׁ	I-use
2	NT	NT 1co 10:22	לְהַקְנִיא	to-provoke-to-jealousy
2	NT	NT 1co 11:19	שֶׁבָּכֶם	among-you
2	NT	NT 1co 11:20	סְעוּדָתוֹ	the-supper
2	NT	NT 1co 11:21	בְּשַׁעַת	at-the-time-of
2	NT	NT 1co 12:22	אֲנוּ	we
2	NT	NT 1co 12:31	הִשְׁתַּדְּלוּ	covet-earnestly
2	NT	NT 1co 14:11	כְלֹעֵז	a-barbarian
2	NT	NT 1co 14:22	לִמְחֻסְּרֵי	to-them-that-lack
2	NT	NT 1co 14:23	הֶדְיוֹטוֹת	those-unlearned
2	NT	NT 1co 15:27	הוּשַׁת	are-put
2	NT	NT 1jn 1:6	וְנִתְהַלֵּךְ	and-walk
2	NT	NT 1jn 2:13	הִכַּרְתֶּם	you-have-known
2	NT	NT 1pe 1:23	בַּמַּאֲמָר	by-the-word
2	NT	NT 1pe 2:11	אַזְהִירְכֶם	I-beseech-you
2	NT	NT 1pe 2:20	וּסְבַלְתֶּם	and-you-endure
2	NT	NT 1pe 5:1	וְגַם־חָבֵר	and-also-a-partaker
2	NT	NT 1th 2:2	גַּם־לָכֶם	also-to-you
2	NT	NT 1th 3:10	וּלְהַשְׁלִים	and-might-perfect
2	NT	NT 1th 5:1	וְהַזְּמַנִּים	and-the-seasons
2	NT	NT 1ti 1:15	לְהִתְקַבֵּל	acceptation
2	NT	NT 1ti 3:5	לְהַשְׁגִּיחַ	take-care-of
2	NT	NT 1ti 3:6	הַמַּשְׂטִין	the-accuser
2	NT	NT 1ti 3:10	יְשַׁמְּשׁוּ	let-them-use-the-office
2	NT	NT 2co 1:5	נֶחָמָתֵנוּ	our-consolation
2	NT	NT 2co 2:16	לְכָךְ	for-these-things
2	NT	NT 2co 6:5	בִּשְׁקִידוֹת	in-watchings
2	NT	NT 2co 9:6	בְּצִמְצוּם	sparingly
2	NT/D&C	NT 2co 11:4	וְיַכְרִיז	preacheth
2	NT	NT 2co 12:17	הוֹנֵיתִי	I-make-a-gain-of
2	NT	NT 2co 13:5	שֶׁיֵּשׁוּעַ	that-Jesus
2	NT	NT 2pe 3:7	שְׁמוּרִים	are-reserved
2	NT	NT 2th 1:4	שֶׁנִּתְהַלֵּל	that-we-glory
2	NT	NT 2th 1:4	סְבַלְתֶּם	you-endure
2	NT	NT 2ti 3:3	וּמַלְשִׁינִים	false-accusers
2	NT/D&C	NT 2ti 3:16	וּלְיַשֵּׁר	for-correction
2	NT	NT acts 2:36	צְלַבְתֶּם	you have crucified,
2	NT	NT acts 2:40	וַיַּזְהִירֵם	and warned them,
2	NT	NT acts 8:11	בִּכְשָׁפָיו	with-sorceries
2	NT	NT acts 8:19	גַם־לִי	me-also
2	NT	NT acts 9:25	וַיּוֹרִידֻהוּ	and-let-him-down
2	NT	NT acts 10:14	כׇּל־פִּגּוּל	any-thing-that-is-common
2	NT	NT acts 13:15	קְרִיאַת	the-reading-of
2	NT	NT acts 13:35	גַּם־בְּמָקוֹם	also-in-psalm
2	NT	NT acts 13:50	וַיְעוֹרֲרוּ	and-raised
2	NT	NT acts 17:28	וְקַיָּמִים	and-have-our-being;
2	NT	NT acts 19:8	כִּשְׁלשָׁה	for-the-space-of-three
2	NT/PGP	NT acts 19:10	כִּשְׁנָתַיִם	by-the-space-of-two-years
2	NT	NT acts 20:16	הִצְטָרֵךְ	need
2	NT	NT acts 22:22	שֶׁיִּחְיֶה	that-he-should-live.
2	NT	NT acts 23:30	מִתְנַכְּלִים	laid-wait
2	NT	NT acts 23:30	שִׂטְנָתָם	what-they-had-against-him
2	NT	NT acts 24:10	מִצְטַדֵּק	answer-for-myself
2	NT	NT acts 27:29	עוֹגִינִים	anchors
2	NT	NT col 1:9	רוּחָנִית	spiritual(f)
2	NT/PGP	NT col 4:3	הַדִּבּוּר	utterance
2	NT	NT eph 1:16	בְּהַזְכִּירִי	in-my-remembering
2	NT	NT eph 4:29	נִבּוּל	corrupt-speech
2	NT	NT gal 2:17	לְהִצָּדֵק	to-be-justified
2	NT/D&C	NT gal 2:20	נִצְלַבְתִּי	was-crucified(I)
2	NT/D&C	NT gal 4:2	הַמְיֻעָד	the-appointed
2	NT	NT gal 5:4	הַמִּצְטַדְּקִים	the-self-justifying
2	NT	NT heb 3:6	שֶׁנַּחֲזִיק	that-we-shall-hold-fast
2	NT	NT heb 4:14	בְּהוֹדָאַת	the-profession-of
2	NT/D&C	NT heb 6:6	חָזְרוּ	they-crucify
2	NT	NT heb 9:23	שֶׁיִּטָּהֲרוּ	be-purified
2	NT	NT john 5:5	שְׁלשִׁים	thirty
2	NT	NT john 7:16	לֹא־שֶׁלִּי	is not mine,
2	NT	NT john 7:31	הֲַגַם	will he indeed
2	NT	NT john 7:34	תִמְצָאֻנְנִי	shall not find me:
2	NT	NT john 8:6	וַיִּתְכּוֹפֵף	But stooped down,
2	NT	NT john 9:6	וַיִּמְרַח	and he anointed
2	NT	NT john 11:2	בְּשַׂעֲרוֹתֶיהָ	with her hair,
2	NT	NT john 13:17	בַּעֲשֹׁוֹתְכֶם	if you do
2	NT	NT john 18:32	לִרְמֹז	signifying
2	NT	NT john 19:19	עַל־הַצְּלוּב	on the cross.
2	NT	NT john 19:32	הַנִּצְלָבִים	which was crucified
2	NT	NT john 20:5	אֶת־הַתַּכְרִיכִין	the linen clothes
2	NT	NT luke 5:36	מַטְלִית	a patch
2	NT	NT luke 6:5	גַּם־אֲדוֹן	is also lord of
2	NT	NT luke 7:32	רִקַּדְתֶּם	dance;
2	NT	NT luke 8:7	וַיְמָעֲכֻהוּ	and choked it.
2	NT	NT luke 8:33	בַּחֲזִירִים	into the swine,
2	NT/D&C	NT luke 10:7	הַפּוֹעֵל	the laborer
2	NT	NT luke 10:35	דִינָרִים	pence,
2	NT	NT luke 11:17	הַנֶּחֱלָקָה	divided
2	NT	NT luke 11:32	וְהִרְשִׁיעֻהוּ	and shall condemn it:
2	NT	NT luke 11:42	אֶת־הַמִּנְתָּא	mint
2	NT	NT luke 12:7	גַּם־שַׂעֲרוֹת	even the hairs of
2	NT	NT luke 12:7	יְקַרְתֶּם	you are of more value
2	NT	NT luke 12:11	תִּצְטַדְּקוּ	or what thing
2	NT	NT luke 12:46	וִישַׁסֵּף	and will cut in sunder
2	NT	NT luke 13:19	בַּעֲנָפָיו	in the branches of it.
2	NT	NT luke 17:6	הַחַרְדָּל	of mustard seed,
2	NT/D&C	NT luke 18:11	וְהַנֹּאֲפִים	adulterers,
2	NT	NT luke 20:46	טַלִּית	robes,
2	NT	NT luke 21:2	פְרוּטוֹת	mites.
2	NT	NT luke 22:64	וַיְחַפּוּ	And when they had blindfolded
2	NT	NT luke 23:16	וְאַתִּירֶנּוּ	and release him.
2	NT	NT luke 24:20	וַיִּצְלְבֻהוּ	and have crucified him.
2	NT	NT mark 7:11	נֶהֱנֶה	you might be profited
2	NT	NT mark 9:45	לְגֵיהִנֹּם	into hell,
2	NT	NT mark 12:24	טֹעִים	err
2	NT	NT mark 13:9	לְסַנְהֶדְרִיּוֹת	to councils;
2	NT	NT mark 15:20	הִתְלוֹצֲצָם	they had mocked
2	NT	NT mark 15:21	וַיֶּאֶנְסוּ	they compel
2	NT	NT mark 16:13	וְגַם־לָהֶם	and them also
2	NT	NT matt 4:25	הֲמֹנִים	great
2	NT/D&C	NT matt 5:18	יְקֻיַּם	shall be fulfilled
2	NT	NT matt 5:29	מֵאֵבָרֶיךָ	of your members
2	NT	NT matt 9:11	רַבְּכֶם	your Master
2	NT	NT matt 20:6	בִּשְׁעַת	at the hour of
2	NT/D&C	NT matt 23:32	סְאַת	the measure of
2	NT	NT matt 25:15	יְכׇלְתּוֹ	his several ability;
2	NT/D&C	NT php 2:8	הַצְּלִיבָה	the-cross
2	NT	NT rev 5:2	אֶת־חוֹתָמָיו	the-seals-thereof
2	NT/D&C	NT rev 14:4	נִקְנוּ	were-redeemed
2	NT/PGP	NT rev 14:17	וְגַם־לוֹ	he-also-having
2	NT	NT rev 19:7	חֲתֻנַּת	the-marriage-of
2	NT	NT rev 20:9	הַחֲבִיבָה	beloved
2	NT	NT rom 3:30	הַמַּצְדִּיק	which-shall-justify
2	NT/PGP	NT rom 9:6	שֶׁנָּפַל	hath-failed
2	NT	NT rom 9:18	שֶׁיַּחְפֹּץ	he-will
2	NT	NT rom 11:18	עַל־הָעֲנָפִים	against-the-branches
2	NT/D&C	NT rom 14:15	אַחֲוָה	charity
2	NT/D&C	NT rom 16:2	תְּקַבְּלוּהָ	you-receive-her
2	NT/PGP	NT tit 2:13	הַמְאַשֶּׁרֶת	blessed
2	D&C	D&C dc101_110 1:3	אֲקַבְּלֵם	I will own them,
2	D&C	D&C dc101_110 1:40	וּלְהִדָּרֵס	and trodden
2	D&C	D&C dc101_110 1:66	לְהִשָּׂרֵף	that they may be burned
2	D&C	D&C dc101_110 1:13	לָדוּן	to act
2	D&C	D&C dc101_110 1:30	בַּעֲשָׂרוֹת	by tens,
2	D&C	D&C dc101_110 1:40	מִלּוּי	the fulfilment of
2	D&C	D&C dc101_110 1:32	הָרוּחָנִיּוֹת	spiritual
2	D&C	D&C dc101_110 1:33	כׇּל־עִנְיָנֶיהָ	all the affairs of the same
2	D&C	D&C dc101_110 1:35	בְּהַכְרָזַת	by the proclamation of
2	D&C	D&C dc101_110 1:73	זוֹהִי	This is
2	D&C	D&C dc109 1:30	וְיִסָּחֲפוּ	and be swept away
2	D&C	D&C dc109 1:56	מִשְׂטְמוֹתֵיהֶם	their prejudices
2	D&C	D&C dc111_120 1:1	בַּפְּסוּקִים	in the verses
2	D&C	D&C dc111_120 1:3	בַּפָּסוּק	in the verse
2	D&C	D&C dc11_20 1:16	וּבְשׂוֹרָתִי	and my gospel
2	D&C	D&C dc11_20 1:9	בִּקְרִיאָתוֹ	with his calling
2	D&C	D&C dc11_20 1:32	נִסְמַכְתֶּם	were ordained
2	D&C	D&C dc11_20 1:42	וּלְהַטְבִּיל	baptize
2	D&C/PGP	D&C dc11_20 1:74	יַטְבִּיל	shall immerse
2	D&C	D&C dc121_130 1:31	וְחׇדְשֵׁיהֶם	all the appointed
2	D&C	D&C dc121_130 1:2	כְּרוּז	a proclamation
2	D&C	D&C dc121_130 1:51	וְעֻכְּבוּ	and were hindered
2	D&C	D&C dc121_130 1:70	מֵהַמְּנָיוֹת	of the stock
2	D&C	D&C dc121_130 1:7	תַּתִּירוּ	you loose
2	D&C	D&C dc121_130 1:9	יוּפַר	be annulled,
2	D&C	D&C dc131_138 1:4	הַדָּתִיּוֹת	religious
2	D&C	D&C dc131_138 1:4	לְהַעֲנִישׁ	should punish
2	D&C/PGP	D&C dc131_138 1:7	הַדָּתִית	their religious belief;
2	D&C	D&C dc131_138 1:6	הַפְּסוּקִים	the verses
2	D&C	D&C dc21_30 1:11	וּבֵינוֹ	and him
2	D&C	D&C dc41_50 1:3	וְנוֹעַדְתֶּם	and are agreed
2	D&C	D&C dc41_50 1:17	וְהַנִּשְׁלָח	and sent forth
2	D&C	D&C dc51_60 1:18	לְהַצָּלָתָם	unto their deliverance
2	D&C	D&C dc51_60 1:9	קׇדְשִׁי׃	of my holiness
2	D&C	D&C dc61_70 1:11	כּוֹעֵס	is angry
2	D&C	D&C dc61_70 1:17	הַבּוֹעֵר	that burns
2	D&C	D&C dc71_80 1:74	קִבְּלוּהָ׃	received it
2	D&C	D&C dc81_90 1:5	לְהִשָּׁלַח	to be sent forth
2	D&C	D&C dc91_100 1:7	תַּכְרִיזוּ	you shall declare
2	D&C	D&C dc_intro 1:11	אֲמִתִּיִּים	real life
2	D&C/PGP	D&C dc_intro 1:11	אֱלֹהִית	divine
2	D&C	D&C dc_intro 1:11	קִבְּלוּהָ	[received]
2	D&C	D&C dc_intro 1:15	בְּהַשְׁרָאַת	by inspiration of
2	D&C	D&C od 1:1	הַמְּרֻבִּים	plural
2	D&C	D&C od 1:1	לְהַעֲנִיק	conferring
2	PGP	PGP js_history 1:5	הִצְטָרְפוּ	united themselves
2	PGP	PGP js_history 1:6	הַמִּתְגַּיְּרִים	of the converts
2	PGP	PGP js_history 1:8	הַהִתְרַגְּשׁוּת	of great excitement
2	PGP	PGP js_history 1:8	לְהִרְהוּר	to serious reflection
2	PGP	PGP js_history 1:8	צוֹדֵק	right
2	PGP	PGP js_history 1:17	בָּאֲוִיר	in the air.
2	PGP	PGP js_history 1:18	אֵיזוֹ	which of
2	PGP	PGP js_history 1:21	הִזְדַּמְּנוּת	opportunity
2	PGP	PGP js_history 1:27	לְהַצְהִיר	to affirm
2	PGP	PGP js_history 1:36	לְצַטֵּט	quoting
2	PGP	PGP js_history 1:44	שֶׁסִּפֵּר	had been told to me
2	PGP	PGP js_history 1:55	נֶאֱלַצְנוּ	we were under the necessity
2	PGP	PGP js_history 1:56	צֶ'נָנְגוֹ	county,
2	PGP	PGP js_history 1:57	מוּעֲסָק	employed
2	PGP	PGP js_matthew 1:46	בְּאֵיזוֹ	at what
2	PGP	PGP pgp_intro 1:9	תרס״ב	1902
2	PGP	PGP pgp_intro 1:12	שִׁנּוּיִים	changes
1	BOM	BOM 1nephi 2:18	וָאֶתְעַצֵּב	and being grieved
1	BOM	BOM 1nephi 2:19	דְּרַשְׁתָּנִי	you have sought Me
1	BOM	BOM 1nephi 3:14	וַנִּתְעַצֵּב	and we were sorrowful
1	BOM	BOM 1nephi 4:5	וָאֶתְגַּנֵּב	I crept
1	BOM	BOM 1nephi 4:10	וַיִּכְפֵּנִי	and I was constrained
1	BOM	BOM 1nephi 4:10	וָאֶסּוֹג	and I shrunk
1	BOM	BOM 1nephi 4:19	אֶת־שִׁרְיוֹנוֹ	his armor
1	BOM	BOM 1nephi 5:2	וְגַם־הֵלִינָה	and she also had complained
1	BOM	BOM 1nephi 5:21	וַנְּחַפְּשֵׂם	and searched them
1	BOM	BOM 1nephi 7:11	וּבְהַשִּׂיגֵנוּ	and in our obtaining
1	BOM	BOM 1nephi 7:16	יַנִּיחוּנִי	they might leave me
1	BOM	BOM 1nephi 7:19	גַּם־אִמָּהּ	and also her mother
1	BOM	BOM 1nephi 8:15	וָאֶרְמֹז	and I beckoned
1	BOM	BOM 1nephi 8:19	וַיּוֹבִיל	and led
1	BOM	BOM 1nephi 8:20	גַּם־אֹרַח	also a path
1	BOM	BOM 1nephi 8:20	וְגַם־הוֹבִיל	and it also led
1	BOM	BOM 1nephi 8:25	כְּמִתְבּוֹשְׁשִׁים	as if they were ashamed
1	BOM	BOM 1nephi 10:1	בְּהָחֵלִי	in proceeding
1	BOM	BOM 1nephi 10:12	עֲנָפָיו	branches
1	BOM	BOM 1nephi 15:33	גַם־הַמַּלְכוּת	the kingdom of God
1	BOM	BOM 1nephi 16:10	מְחוֹגִים	spindles
1	BOM	BOM 1nephi 16:23	וָאֶתְחַמֵּשׁ	and I did arm myself
1	BOM	BOM 1nephi 16:25	וַיִּוָּסֵר	and he was chastened
1	BOM	BOM 1nephi 16:28	אֶת־הַמְּחוֹגִים	the pointers
1	BOM	BOM 1nephi 16:29	הֲבָנָה	understanding
1	BOM	BOM 1nephi 16:32	צָדְתִּי	I had slain
1	BOM	BOM 1nephi 16:35	הִתְאַבַּלְנָה	did mourn
1	BOM	BOM 1nephi 16:35	עׇנְיָן	their afflictions
1	BOM	BOM 1nephi 16:35	וַתִּתְלוֹנֵנָּה	and they did murmur
1	BOM	BOM 1nephi 16:36	וַתַּחְפֹּצְנָה	and they were desirous
1	BOM	BOM 1nephi 17:4	וַנִּתְהַלֵּךְ	and we did sojourn
1	BOM	BOM 1nephi 17:11	לְהַצִּית	to kindle
1	BOM	BOM 1nephi 17:12	בְּמַסָּעֵינוּ	in our journeyings
1	BOM	BOM 1nephi 17:13	בְּשׇׁמְרְכֶם	when you keep
1	BOM	BOM 1nephi 17:15	וְלִשְׁקִידָה	and unto diligence
1	BOM	BOM 1nephi 17:20	וַתִּסְבֹּלְנָה	and suffered
1	BOM	BOM 1nephi 17:22	וְנִתְאוֹנְנוּ	and complained
1	BOM	BOM 1nephi 17:43	שָׁמְדָם	of their destruction
1	BOM	BOM 1nephi 17:45	אֲטַמְתֶּם	you stopped
1	BOM	BOM 1nephi 17:51	לְהוֹרוֹתֵנִי	instruct me
1	BOM	BOM 1nephi 17:53	אַרְעִישֵׁם	I will shake them
1	BOM	BOM 1nephi 18:9	בְּאֵיזֶה	by what
1	BOM	BOM 1nephi 18:12	לְהִתְנוֹעֵעַ	move
1	BOM	BOM 1nephi 18:14	לְהִדָּחֵנוּ	which we had been driven
1	BOM	BOM 1nephi 18:15	הִדָּחֲנוּ	we had been driven
1	BOM	BOM 1nephi 18:15	כְּאֵבָם	their soreness
1	BOM	BOM 1nephi 18:21	הַתִּירָם	they had loosed
1	BOM	BOM 1nephi 19:1	וְגַם־מַסְעֵינוּ	and also our journeyings
1	BOM	BOM 1nephi 19:2	יְצַוֵּנִי	I should be commanded
1	BOM	BOM 1nephi 19:4	הַמַּרְבִּים	which give greater
1	BOM	BOM 1nephi 19:6	אֶצְטַדָּק	I would excuse myself
1	BOM	BOM 1nephi 19:20	לְהַרְאוֹתֵנִי	to shew unto me
1	BOM	BOM 1nephi 19:23	הִמְשַׁלְתִּי	I likened
1	BOM	BOM 1nephi 20:9	אֶחֱטָם־לָךְ	will I refrain from you
1	BOM	BOM 1nephi 20:11	לְהֵחָלֵל	to be polluted
1	BOM	BOM 1nephi 20:15	גַּם־כֹּה	yea, thus
1	BOM	BOM 1nephi 22:14	עִקְּשָׁה	hath perverted
1	BOM	BOM 1nephi 22:22	הַנּוֹסְדָה	which is established
1	BOM	BOM 1nephi 22:29	אֶעֱרֹב	durst I
1	BOM	BOM 2nephi 1:1	גַּם־אָבִינוּ	also our father
1	BOM	BOM 2nephi 1:3	בְּהַזְהִירוֹ	in warning
1	BOM	BOM 2nephi 1:10	בְּהַחֲזִיקָם	having kept
1	BOM	BOM 2nephi 1:10	וּבְהוּבְלָם	and having been brought
1	BOM	BOM 2nephi 1:13	וּנְתַקְתֶּם	and shake off
1	BOM	BOM 2nephi 1:14	רוֹעֵד	trembling
1	BOM	BOM 2nephi 1:17	וְנִשְׁמַדְתֶּם	and destroyed
1	BOM	BOM 2nephi 1:21	נֶחֱרָצִים	determined
1	BOM	BOM 2nephi 2:14	וּלְלִמּוּדְכֶם	and for your learning
1	BOM	BOM 2nephi 2:26	וּבִגְאָלְתָּם	and because that they are redeemed
1	BOM	BOM 2nephi 3:17	אַתִּיר	will I loose
1	BOM	BOM 2nephi 4:12	כְּרַחֲשֵׁי	according to the feelings of
1	BOM	BOM 2nephi 4:14	אֻלַּצְתִּי	I was constrained
1	BOM	BOM 2nephi 4:18	לְהַכְשִׁילֵנִי	cause me to stumble
1	BOM	BOM 2nephi 4:22	עַד־רָעֲדָם	unto the causing of them to quake
1	BOM	BOM 2nephi 4:26	וְתִתְמַהְמַהּ	and linger
1	BOM	BOM 2nephi 4:31	הֲתַעֲשֵׂנִי	will you make me
1	BOM	BOM 2nephi 4:32	תִּסָּגֵרְנָה	may be shut
1	BOM	BOM 2nephi 4:33	הֲתַעֲטֵנִי	will you clothe me
1	BOM	BOM 2nephi 5:5	וַיַּזְהִירֵנִי	and warned me
1	BOM	BOM 2nephi 5:6	בְּאַזְהָרוֹת	in the warnings
1	BOM	BOM 2nephi 5:18	לְמָשְׁחֵנִי	to anoint me
1	BOM	BOM 2nephi 5:32	בַחֲקוּקַי	with my engravings
1	BOM	BOM 2nephi 7:1	הִזְנַחְתִּיךְ	have I cast you off
1	BOM	BOM 2nephi 9:9	הַמִּתְחַפֵּשׂ	who transforms himself
1	BOM	BOM 2nephi 9:17	וְהִשָּׁלֵם	and must
1	BOM	BOM 2nephi 9:24	הִדּוֹן	must
1	BOM	BOM 2nephi 9:27	וַיְבַזְבֵּז	and wasted
1	BOM	BOM 2nephi 9:28	יַזְנִיחוּהָ	they set it aside
1	BOM	BOM 2nephi 9:34	לַמְכַזֵּב	unto the liar
1	BOM	BOM 2nephi 9:44	הַחוֹפֶשֶׂת־כֹּל	the all-searching
1	BOM	BOM 2nephi 9:46	וְנֶאֱלַצְתֶּם	and be constrained
1	BOM	BOM 2nephi 9:47	הַאֶעֲכֹר	would I harrow up
1	BOM	BOM 2nephi 9:51	יַשְׂבִּיעַ	satisfies
1	BOM	BOM 2nephi 10:6	חָרְבָּן	destruction
1	BOM	BOM 2nephi 10:19	וְלַנִּמְנִים	and unto those numbered
1	BOM	BOM 2nephi 10:20	נוֹרִיד	shall we hang down
1	BOM	BOM 2nephi 10:24	הִתְרַצּוֹתְכֶם	you are reconciled
1	BOM	BOM 2nephi 10:25	תְּהַלְלוּהוּ	you may praise Him
1	BOM	BOM 2nephi 12:7	לְאֹצְרֹתָם	of their treasures
1	BOM	BOM 2nephi 12:8	אֶצְבְּעֹתֵיהֶם	their own fingers
1	BOM	BOM 2nephi 13:24	כְּוִי	burning
1	BOM	BOM 2nephi 15:28	רַעֲמָתָם	their roaring
1	BOM	BOM 2nephi 16:11	תֵּשָׁאֶה	be wasted
1	BOM	BOM 2nephi 24:2	הַיְעוּדָה	of promise
1	BOM	BOM 2nephi 25:6	כּוֹתְבָם	write them
1	BOM	BOM 2nephi 25:7	אֶמְשִׁיךְ	I shall proceed with
1	BOM	BOM 2nephi 25:7	תִּשָּׁלַמְנָה	they shall be fulfilled
1	BOM	BOM 2nephi 25:20	נְשִׁיכַת	the biting of
1	BOM	BOM 2nephi 25:23	וּלְהִתְרַצּוֹת	and to be reconciled
1	BOM	BOM 2nephi 26:5	וִירַסְּקוּם	and crush them
1	BOM	BOM 2nephi 26:7	כִּלָּנִי	consumed me
1	BOM	BOM 2nephi 26:16	לְלַחֵשׁ	to whisper
1	BOM	BOM 2nephi 26:22	כְּקִשְׁרֵי	according to the combinations of
1	BOM	BOM 2nephi 26:25	הֲיִקְרָא	does He cry
1	BOM	BOM 2nephi 27:27	לַסְתִּיר	to hide
1	BOM	BOM 2nephi 28:1	הֶאֱלִיצַנִי	has constrained me
1	BOM	BOM 2nephi 28:13	בְגַאֲוָתָם	in their pride
1	BOM	BOM 2nephi 28:21	וְיַרְגִּיעַ	and shall pacify
1	BOM	BOM 2nephi 29:8	גַם־עֵדוּתָם	also their testimony
1	BOM	BOM 2nephi 29:11	הַנִּכְתָּבִים	which shall be written
1	BOM	BOM 2nephi 29:12	הוֹבַלְתִּי	I have led away
1	BOM	BOM 2nephi 31:12	הַנִּטְבָּל	he who is baptized
1	BOM	BOM 2nephi 31:14	וְנִטְבַּלְתֶּם	and you shall be baptized
1	BOM	BOM 2nephi 31:19	הֲנִגְמַר	is it finished
1	BOM	BOM 2nephi 32:4	דְפַקְתֶּם	you knocked
1	BOM	BOM 2nephi 32:9	תִתְרַפּוּ	you faint
1	BOM	BOM 2nephi 33:3	וְתַרְטַבְנָה	and shall water
1	BOM	BOM 3nephi 1:4	שְׁאֵת	majesty
1	BOM	BOM 3nephi 2:8	אֶת־זְמַנָּם	their time
1	BOM	BOM 3nephi 3:2	חׇזְקְךָ	your strength
1	BOM	BOM 3nephi 3:2	בְּהַחֲזִיקְכֶם	in your holding fast
1	BOM	BOM 3nephi 3:3	וְהַשְׁמִידוּם	and destroy them
1	BOM	BOM 3nephi 3:4	וּבְבׇחֳנִי	and having proved
1	BOM	BOM 3nephi 3:4	גָּמוּר	utter
1	BOM	BOM 3nephi 3:5	חׇזְקְכֶם	your strength
1	BOM	BOM 3nephi 3:10	בְּמׇנְעֲכֶם	in your retaining
1	BOM	BOM 3nephi 3:12	לְהַפְחִידוֹ	to frighten him
1	BOM	BOM 3nephi 3:14	וְחׇזְקָם	and their strength
1	BOM	BOM 3nephi 3:21	נוֹחִיל	we shall wait
1	BOM	BOM 3nephi 4:16	הַחִיצֹנִים	the outer ones
1	BOM	BOM 3nephi 4:29	וְקִשְׁרֵי	and the conspiracies of
1	BOM	BOM 3nephi 4:29	הוּפַל	was cast down
1	BOM	BOM 3nephi 5:4	אֶת־שְׁבוּיֵיהֶם	their captives
1	BOM	BOM 3nephi 6:2	אֶת־כׇּל־צֵידָתָם	all their provisions
1	BOM	BOM 3nephi 6:14	לְהִתְפָּרֵק	to break up
1	BOM	BOM 3nephi 6:15	וּלְהַגְבִּיהָם	and to inflate them
1	BOM	BOM 3nephi 6:22	עוֹרֵךְ	a lawyer of
1	BOM	BOM 3nephi 6:29	וּלְחַלֵּץ	and to rescue
1	BOM	BOM 3nephi 7:8	וְכַחֲזִירָה	and like a sow
1	BOM	BOM 3nephi 7:8	בְּרֶפֶשׁ	in mire
1	BOM	BOM 3nephi 7:13	מֵהֶשֵּׂג	from being overtaken
1	BOM	BOM 3nephi 8:2	טָעָה	erred
1	BOM	BOM 3nephi 8:6	הִרְעִיד	it shook
1	BOM	BOM 3nephi 8:15	שִׁבְרָן	their damage
1	BOM	BOM 3nephi 8:18	וּבִנְקִיקִים	and in cracks
1	BOM	BOM 3nephi 8:21	לְהַדְלִיק	to kindle
1	BOM	BOM 3nephi 8:25	וְגֵרַשְׁנוּם	and driven them out
1	BOM	BOM 3nephi 9:10	וּבְרָגְמָם	and in their stoning
1	BOM	BOM 3nephi 9:11	תִּסָּתֵרְנָה	they shall be hidden
1	BOM	BOM 3nephi 10:2	וּמִלְּיַלֵל	and from wailing
1	BOM	BOM 3nephi 10:9	מִרְעוֹד	from trembling
1	BOM	BOM 3nephi 12:26	אֶת־הַסֶּנִין	the senine
1	BOM	BOM 3nephi 12:30	אֶת־צְלָבְכֶם	your cross
1	BOM	BOM 3nephi 12:44	הַמַּלְעִיבִים	them which despitefully use
1	BOM	BOM 3nephi 13:5	וּבְהִתְפַּלֶּלְךָ	and when you pray
1	BOM	BOM 3nephi 13:6	בְּהִתְפַּלֶּלְךָ	when you pray
1	BOM	BOM 3nephi 15:19	נִבְדַּלְתֶּם	you were separated
1	BOM	BOM 3nephi 15:24	נִמְנֵיתֶם	you are numbered
1	BOM	BOM 3nephi 16:4	הַנָּפוֹץ	who shall be scattered
1	BOM	BOM 3nephi 16:7	מַעַלְכֶם	your unbelief
1	BOM	BOM 3nephi 17:8	לְרַפְּאֹתְכֶם	to heal you
1	BOM	BOM 3nephi 17:9	וּפִסְחֵיהֶם	and their lame
1	BOM	BOM 3nephi 17:10	גַּם־הַנִּרְפָּאִים	both as many as were healed
1	BOM	BOM 3nephi 18:11	וְלַנִּטְבָּלִים	and is baptized
1	BOM	BOM 3nephi 18:22	תִמְנָעוּם	forbid them not
1	BOM	BOM 3nephi 18:29	וּמְנַעְתֶּם	you shall forbid
1	BOM	BOM 3nephi 18:31	וּמְנוּיִים	and numbered
1	BOM	BOM 3nephi 19:2	גַם־מָחָר	himself again
1	BOM	BOM 3nephi 19:7	גַם־הַתַּלְמִידִים	also the disciples
1	BOM	BOM 3nephi 19:25	בְּהִתְפַּלְלָם	as they did pray
1	BOM	BOM 3nephi 21:10	יַזִּיקוּ	shall they hurt
1	BOM	BOM 3nephi 24:6	נִכְלֵיתֶם	consumed
1	BOM	BOM 3nephi 24:8	גְזַלְנוּךָ	have we robbed you
1	BOM	BOM 3nephi 25:2	וּגְדַלְתֶּם	and grow up
1	BOM	BOM 3nephi 26:1	וַיְבָאֵרָם	and expounded them
1	BOM	BOM 3nephi 26:3	תִּגֹּל	shall be rolled together
1	BOM	BOM 3nephi 26:5	מִקְבִּילִים	being on a parallel
1	BOM	BOM 3nephi 26:16	הִבִּיעוּ	they uttered
1	BOM	BOM 3nephi 26:17	כׇל־הַנִּטְבָּלִים	all who were baptized
1	BOM	BOM 3nephi 27:27	אֵיזֶה	what manner of
1	BOM	BOM 3nephi 27:29	הַשּׁוֹאֵל	he that asketh
1	BOM	BOM 3nephi 27:32	בַּהֲשִׁיבִי	even in turning
1	BOM	BOM 3nephi 28:18	וַיַּטְבִּילוּם	baptizing them
1	BOM	BOM 3nephi 28:35	נֶעֱלָב	offended
1	BOM	BOM 3nephi 29:4	וְהִשִּׂיגַתְכֶם	it shall overtake you
1	BOM	BOM 4nephi 1:1	וְגַם־קִבְּלוּ	and did also receive
1	BOM	BOM 4nephi 1:21	גַּם־אָמוֹס	also Amos
1	BOM	BOM 4nephi 1:27	הִתְיַמְּרוּ	professed
1	BOM	BOM 4nephi 1:34	הוֹבִילוּם	led them
1	BOM	BOM 4nephi 1:42	וּקְשָׁרֵי	and combinations of
1	BOM	BOM alma 1:12	גַם־בִּקַּשְׁתָּ	also have you sought
1	BOM	BOM alma 1:16	מֵהִתְפַּשֵּׁט	from spreading
1	BOM	BOM alma 1:26	לֹא־הֶחְשִׁיב	did not esteem
1	BOM	BOM alma 1:26	מִן־הַלּוֹמֵד	than the learner
1	BOM	BOM alma 3:18	בְּהָחֵלָּם	when they began
1	BOM	BOM alma 3:18	לְהַתְווֹת	to mark
1	BOM	BOM alma 4:6	וּמִשְׁיָם	and their silk
1	BOM	BOM alma 4:12	גַּבָּם	their backs
1	BOM	BOM alma 4:15	אֶת־כׇּל־פִּלְיָתָם	all their inequality
1	BOM	BOM alma 5:7	וַיְקִיצֵם	and awoke them
1	BOM	BOM alma 5:7	הוּאֲרוּ	were illuminated
1	BOM	BOM alma 5:9	וְשׁוֹאֵל	and again ask
1	BOM	BOM alma 5:9	וַתִּרְחַבְנָה	and were expanded
1	BOM	BOM alma 5:14	הֲנוֹלַדְתֶּם	have you spiritually been born
1	BOM	BOM alma 5:21	לְהִטָּהֵר	purified
1	BOM	BOM alma 5:26	חַשְׁתֶּם	you have felt
1	BOM	BOM alma 5:30	הַמַּלְעִיג	who makes a mock
1	BOM	BOM alma 5:37	הַמִּתְנַפְּחִים	you that are puffed up
1	BOM	BOM alma 5:53	לְהִתְנַפֵּחַ	be puffed up
1	BOM	BOM alma 7:6	הִתְנַשֵּׂאתֶם	you are not lifted up
1	BOM	BOM alma 7:23	לְהִתְרַצּוֹת	to be entreated
1	BOM	BOM alma 7:26	וְהַקֶּשֶׁב	and heed
1	BOM	BOM alma 8:26	וַאֲסַפְתָּנִי	and taken me in
1	BOM	BOM alma 9:1	כְּהַחֵלִּי	as I began
1	BOM	BOM alma 9:32	יַשְׁלִיכֻנִי	they might cast me
1	BOM	BOM alma 9:33	לְקַחְתֵּנִי	to take me
1	BOM	BOM alma 9:33	וּלְהַשְׁלִיכֵנִי	and cast me
1	BOM	BOM alma 10:4	רָכַשְׁתִּי	I have acquired
1	BOM	BOM alma 10:7	תַאֲכִיל	you shall feed
1	BOM	BOM alma 10:18	לְעַקֵּשׁ	to pervert
1	BOM	BOM alma 10:23	נֶחְמַלְתֶּם	you are spared
1	BOM	BOM alma 11:4	חֶשְׁבּוֹנָם	their reckoning
1	BOM	BOM alma 11:6	וְאָנְטִי	and an onti of
1	BOM	BOM alma 11:8	מִסְּנִינֵה	of a senine
1	BOM	BOM alma 11:15	הַסְּנוּם	of a senum
1	BOM	BOM alma 11:16	הַשִּׁבְלוֹן	of a shiblon
1	BOM	BOM alma 11:17	הַשִּׁבְּלוּם	of a shiblum
1	BOM	BOM alma 11:19	וְאַנְטְיוֹן	and an antion of
1	BOM	BOM alma 11:19	כִּשְׁלֹשָׁה	is as three
1	BOM	BOM alma 11:19	שִׁבְלוֹנִים	shiblons
1	BOM	BOM alma 11:21	וְזִיזְרוֹם	now Zeezrom was
1	BOM	BOM alma 11:23	תְנַסֵּנִי	tempt you me
1	BOM	BOM alma 11:25	הָאָנְטִי	the onties
1	BOM	BOM alma 11:35	וְכָאִלּוּ	as though
1	BOM	BOM alma 11:45	מִתְאַחֲדִים	uniting
1	BOM	BOM alma 12:4	וּלְרַמּוֹת	and to deceive
1	BOM	BOM alma 12:5	צֹרְרְךָ	your adversary
1	BOM	BOM alma 12:9	כַּקֶּשֶׁב	according to the heed
1	BOM	BOM alma 12:14	נָעֵז	shall we dare
1	BOM	BOM alma 12:14	לְהַסְתִּירֵנוּ	to hide us
1	BOM	BOM alma 12:20	אַנְטְיוֹנָה	that Antionah
1	BOM	BOM alma 12:23	לִמְכַזֵּב	a liar
1	BOM	BOM alma 14:6	לְהֵחָרֵשׁ	to be harrowed up
1	BOM	BOM alma 14:10	וְנוֹשִׁיעֵם	and save them
1	BOM	BOM alma 14:18	עָנוּם	answered them
1	BOM	BOM alma 14:21	בְּהֵרָשְׁעֵנוּ	when we are damned
1	BOM	BOM alma 16:11	שִׁמְמַת	the desolation of
1	BOM	BOM alma 16:21	בְּהַשִּׂיגָהּ	having got
1	BOM	BOM alma 17:6	מַסְעוֹתֵיהֶם	their journeyings
1	BOM	BOM alma 17:14	וּבִשְׁדִידָתָם	and robbing
1	BOM	BOM alma 18:16	עַל־עֶדְרֶיךָ	your flocks
1	BOM	BOM alma 18:32	מַשְׁקִיף	looketh down
1	BOM	BOM alma 18:37	וְאֶת־כׇּל־עֻנְיָם	and all their sufferings
1	BOM	BOM alma 18:37	וְאֶת־תְּלָאוֹתָם	and their travail
1	BOM	BOM alma 18:40	וּבָאֲרוֹ	and expounded
1	BOM	BOM alma 18:41	רִחַמְתָּ	you have had
1	BOM	BOM alma 19:19	לַנֶּפִיִּי	that the Nephite
1	BOM	BOM alma 19:21	בְּהָגִנּוֹ	while defending
1	BOM	BOM alma 19:29	הַמְּבֹרָךְ	the blessed
1	BOM	BOM alma 20:29	שָׁחוּק	were worn
1	BOM	BOM alma 22:17	הִשְׁתַּטַּח	even he did prostrate himself
1	BOM	BOM alma 22:28	גּוֹבֵל	bordering
1	BOM	BOM alma 24:15	נִטְמְנֵם	let us hide them away
1	BOM	BOM alma 24:16	נִקְבְּרֵם	even we will bury them
1	BOM	BOM alma 24:16	נְטַלְנוּם	used them
1	BOM	BOM alma 24:18	בְּהִשָּׁבְעָם	vouching and
1	BOM	BOM alma 24:29	הַמִּתְחַבְּרִים	those who joined
1	BOM	BOM alma 25:9	נִצּוֹדִים	are hunted
1	BOM	BOM alma 26:1	סִבָּתֵנוּ	reason have we
1	BOM	BOM alma 26:6	יִסָּחֲפוּ	neither shall they be harrowed up
1	BOM	BOM alma 26:14	וְהִתִּיר	and has loosed
1	BOM	BOM alma 26:24	בִּשְׁגִיאַת	of the incorrectness of
1	BOM	BOM alma 26:26	נוֹשִׁיעַ	we might save
1	BOM	BOM alma 26:29	וְלֻעַגְנוּ	and mocked
1	BOM	BOM alma 27:28	לְהַסִּיתָם	to be prevailed upon
1	BOM	BOM alma 28:11	נִרְקָבִים	are moldering
1	BOM	BOM alma 28:13	פְּלָיַת	the inequality of
1	BOM	BOM alma 29:4	לְהַרְגִּיז	to harrow up
1	BOM	BOM alma 29:9	וְאֶתְהַלֵּל	and I glory
1	BOM	BOM alma 29:9	יַעֲשֵׂנִי	may make me
1	BOM	BOM alma 29:16	כְּהִפָּרְדָהּ	as it were the separation of it
1	BOM	BOM alma 30:13	הַנֶּאֱסָרִים	that are bound down
1	BOM	BOM alma 30:13	תְּחַכּוּ	do you look
1	BOM	BOM alma 30:28	וְשִׁגְעוֹנוֹתֵיהֶם	and their whims
1	BOM	BOM alma 30:51	הֲתִתְוַכַּח	will you dispute
1	BOM	BOM alma 30:55	תַסִּית	you would lead away
1	BOM	BOM alma 30:59	בְּהַנְחֹת	being led by
1	BOM	BOM alma 31:13	כְּנִסְתָּם	their synagogue
1	BOM	BOM alma 31:27	מְנֻפָּחִים	puffed up
1	BOM	BOM alma 32:12	הׇגְרַשְׁכֶם	you are cast out
1	BOM	BOM alma 32:12	נִבְזִיתֶם	that you are despised
1	BOM	BOM alma 32:13	בְּהֵאָנְסוֹ	if he is compelled
1	BOM	BOM alma 32:13	וְהַמּוֹצֵא	and he that findeth
1	BOM	BOM alma 32:27	בְּגַרְגִּיר	a particle of
1	BOM	BOM alma 32:28	חֲזֵכֶם	your breasts
1	BOM	BOM alma 32:30	יִתְפַּח	swelleth
1	BOM	BOM alma 32:33	וְהִצְמִיחַ	and sprouteth
1	BOM	BOM alma 32:38	לְטִפּוּחוֹ	for its nourishment
1	BOM	BOM alma 32:38	וּתְעַקְּרוּהוּ	and you pluck it up
1	BOM	BOM alma 32:39	טִפַּחְתֶּם	nourish
1	BOM	BOM alma 32:42	בְּטַפְּחֲכֶם	in nourishing
1	BOM	BOM alma 32:43	בְּחַכּוֹתְכֶם	waiting
1	BOM	BOM alma 33:9	קְהִלּוֹתֶיךָ	your congregations
1	BOM	BOM alma 33:16	חָנַנְתָּ	you have bestowed upon
1	BOM	BOM alma 34:3	וַיַּזְהִירְכֶם	and he hath exhorted you
1	BOM	BOM alma 34:15	הַגֹּבְרִים	which overpowereth
1	BOM	BOM alma 34:29	וְנִרְמָסִים	and is trodden
1	BOM	BOM alma 34:33	תִדְחוּ	procrastinate
1	BOM	BOM alma 34:33	נֵיטִיב	improve
1	BOM	BOM alma 34:40	אֶת־הַמְגָרְשִׁים	those who do cast out
1	BOM	BOM alma 37:9	הֱשִׁיבוּם	brought them unto repentance
1	BOM	BOM alma 37:19	בַּהֲשִׁיבוֹ	in bringing back
1	BOM	BOM alma 37:30	הַנִּרְצָחִים	those whom they murdered
1	BOM	BOM alma 37:31	וּלְקִשְׁרֵי	and combinations
1	BOM	BOM alma 37:40	הַמְּחוֹגִים	the spindles
1	BOM	BOM alma 38:12	תִרְסֹן	you bridle
1	BOM	BOM alma 38:14	קָטֹנְתָּ	your unworthiness
1	BOM	BOM alma 39:4	תִצְטַדָּק	excuse
1	BOM	BOM alma 40:17	הַנֶּאֱמֶרֶת	which is spoken of
1	BOM	BOM alma 40:23	לְמִכְנָתָם	to their frame
1	BOM	BOM alma 41:8	נִשְׁתָּנִים	changing
1	BOM	BOM alma 41:9	הֵעַזְתָּ	hast risked
1	BOM	BOM alma 42:1	הַמַּדְאִיג	which doth worry
1	BOM	BOM alma 42:10	וְתַאֲוָנִיִּים	sensual
1	BOM	BOM alma 42:13	הַהֲכָנָה	the preparation
1	BOM	BOM alma 42:27	יֵאָנֵס	compelled
1	BOM	BOM alma 43:44	מִשִּׁרְיוֹנֵיהֶם	their breastplates
1	BOM	BOM alma 43:47	תָּגִנּוּ	you shall defend
1	BOM	BOM alma 43:48	חׇפְשָׁם	their freedom
1	BOM	BOM alma 43:49	וְחׇפְשָׁם	and their freedom
1	BOM	BOM alma 44:8	נָפֵר	we shall break
1	BOM	BOM alma 44:13	וַיּוֹשֵׁט	and stretched
1	BOM	BOM alma 44:18	נֶחְשָׂפִים	exposed
1	BOM	BOM alma 46:7	מֵהַקְּהִלָּה	from the church
1	BOM	BOM alma 46:7	וְגַם־כִּי	and notwithstanding that
1	BOM	BOM alma 46:8	וּלְהִתְפַּתּוֹת	and to be enticed
1	BOM	BOM alma 46:21	הִכְרִיז	he proclaimed
1	BOM	BOM alma 46:33	וַיּוּשְׁבוּ	and were taken back
1	BOM	BOM alma 46:40	צְמָחִים	plants
1	BOM	BOM alma 47:3	וּלְאָנְסָם	and compel them
1	BOM	BOM alma 47:14	יָקוּצוּ	they awoke
1	BOM	BOM alma 47:22	כִּלְכַבְּדוֹ	as if to honor him
1	BOM	BOM alma 48:3	וַיַּעֲוֵר	and blinded
1	BOM	BOM alma 48:12	וּלְשַׁלְוָתָם	and safety
1	BOM	BOM alma 48:15	וְיַזְהִירֵם	and warned them
1	BOM	BOM alma 48:17	נִרְעָשִׁים	shaken
1	BOM	BOM alma 48:24	בְּהִתְחַבְּרָם	by joining themselves
1	BOM	BOM alma 49:4	אַכְזָבָתָם	their disappointment
1	BOM	BOM alma 49:4	לְהַזִּיק	to any effect
1	BOM	BOM alma 49:9	הֲכָנָתָם	their preparations
1	BOM	BOM alma 49:18	נֶחְפַּר	had been dug
1	BOM	BOM alma 49:19	בְּהַשְׁלִיכָם	by casting
1	BOM	BOM alma 49:22	נִסְחֲפוּ	they were swept off
1	BOM	BOM alma 49:22	בְּהׇרְסָם	by pulling down
1	BOM	BOM alma 49:28	בְּהַצָּלָתָם	in delivering them
1	BOM	BOM alma 49:30	וּשְׁקִידָתָם	and diligence
1	BOM	BOM alma 50:5	וּכְכֹחָם	and their strength
1	BOM	BOM alma 50:12	הַהֲגָנָה	the defense
1	BOM	BOM alma 50:21	וְחָרְבָּנָם	and their destructions
1	BOM	BOM alma 50:23	מְאֻשֶּׁרֶת	happy
1	BOM	BOM alma 51:7	וַיֵּאָלְצוּ	were obliged
1	BOM	BOM alma 51:16	כׇּל־חׇרְבָּנָם	all their destruction
1	BOM	BOM alma 51:17	וּלְהַשְׁווֹתָם	and be leveled
1	BOM	BOM alma 51:21	הִתְגָּאוּ	who professed
1	BOM	BOM alma 51:21	לִדְרוֹרָם	for their freedom
1	BOM	BOM alma 51:22	וּמַכְנִיעָם	and subjecting them
1	BOM	BOM alma 52:13	וּלְהַסִּיט	and to draw
1	BOM	BOM alma 52:19	יַפְתּוּם	they might decoy them
1	BOM	BOM alma 52:28	יַדְבִּיקֵם	should overtake them
1	BOM	BOM alma 52:30	לְהַדְבִּיקָם	to overtake them
1	BOM	BOM alma 53:1	וַיֶּאֶנְסוּם	and did compel them
1	BOM	BOM alma 53:4	עַל־גְּדַת	upon the bank of
1	BOM	BOM alma 53:5	אֲנָסוּם	they compelled them
1	BOM	BOM alma 53:7	הֶעֱסִיק	he employed
1	BOM	BOM alma 53:11	וּכִשְׁבוּעָתָם	and according to their oath
1	BOM	BOM alma 54:19	נְפַחְתֶּם	you have breathed out
1	BOM	BOM alma 54:20	הִכָּרְתָם	their extinction
1	BOM	BOM alma 54:24	אֶת־עׇשְׁקָם	their wrongs
1	BOM	BOM alma 55:10	לְתַאֲוָתָם	their desire
1	BOM	BOM alma 55:22	וּשְׁבוּיֵיהֶם	and that their prisoners
1	BOM	BOM alma 55:27	וְהִגֵּנוּ	and defended
1	BOM	BOM alma 55:33	לִתְקֹף	to attack
1	BOM	BOM alma 56:19	מַשְׁמִידִים	destroyed
1	BOM	BOM alma 56:36	הוֹבַלְנוּ	did we lead away
1	BOM	BOM alma 56:57	וָאֶסְפְּחֵם	and joined them
1	BOM	BOM alma 57:2	נָמִיר	we would only deliver up
1	BOM	BOM alma 57:10	וְאֶת־צֵידָתָם	and their provisions
1	BOM	BOM alma 57:11	וְאֶת־שְׁבוּיֵינוּ	and our prisoners
1	BOM	BOM alma 57:13	נֶאֱנַסְנוּ	we were obliged
1	BOM	BOM alma 57:16	עַל־שְׁבוּיֵינוּ	over our prisoners
1	BOM	BOM alma 57:17	שָׁאַלְנוּם	we questioned them
1	BOM	BOM alma 58:12	וַנִּתְאַמֵּץ	and were fixed
1	BOM	BOM alma 58:13	וַנַּט	and we pitched
1	BOM	BOM alma 58:16	לְטֵאוֹמְנֶר	that Teomner
1	BOM	BOM alma 58:17	הִסְתַּתְּרָם	they had thus secreted themselves
1	BOM	BOM alma 58:19	לְהַשִּׂיגֵנוּ	to overtake us
1	BOM	BOM alma 58:22	לְהִמָּשֵׁךְ	to be led away
1	BOM	BOM alma 60:29	תִּתְעוֹרְרוּ	you do bestir yourselves
1	BOM	BOM alma 60:34	נֶאֱנָס	am constrained
1	BOM	BOM alma 60:34	מִצֵּידַתְכֶם	of your provisions
1	BOM	BOM alma 61:4	אֶת־צֵידָתֵנוּ	our provisions
1	BOM	BOM alma 61:17	בְּמַסָּעֲךָ	upon your march
1	BOM	BOM alma 62:18	וַיַּמְשִׁיכוּ	they pursued
1	BOM	BOM alma 62:35	הַמַּסָּע	the march
1	BOM	BOM alma 62:48	וְלַעֲצֹם	and to wax strong
1	BOM	BOM alma 63:11	לְשִׁבְלוֹן	that Shiblon
1	BOM	BOM alma 63:12	כׇּל־הַחֲקוּקוֹת	all the engravings
1	BOM	BOM alma 63:14	וַיְעוֹרְרוּם	and they were stirred up
1	BOM	BOM enos 1:2	אֶת־הַמַּאֲבָק	the wrestle
1	BOM	BOM enos 1:9	לְהַרְגִּישׁ	to feel
1	BOM	BOM enos 1:23	וְהַזְכִּירָם	and reminding them
1	BOM	BOM ether 1:38	יוֹבִילֵנוּ	will carry us forth
1	BOM	BOM ether 1:38	נִירָשֶׁנָּה	we may receive it
1	BOM	BOM ether 2:3	דְּבוֹרַת	a bee of
1	BOM	BOM ether 2:17	וְדָפְנֵיהֶן	and the sides thereof
1	BOM	BOM ether 2:17	מְחֻדָּדוֹת	were peaked
1	BOM	BOM ether 2:17	וְאׇרְכָּן	and the length thereof
1	BOM	BOM ether 2:17	בְּהִסָּגְרָהּ	when it was shut
1	BOM	BOM ether 2:19	נַנְהִיג	shall we steer
1	BOM	BOM ether 2:25	בְּהִבָּלְעֲכֶם	when you are swallowed up
1	BOM	BOM ether 3:3	וַתִּדְחֵנוּ	and hast driven us forth
1	BOM	BOM ether 3:13	נִפְדֵּיתָ	you are redeemed
1	BOM	BOM ether 4:8	וְהַמְּכַחֵשׁ	and he that denies
1	BOM	BOM ether 6:4	אֶל־סְפִינוֹתֵיהֶם	aboard their vessels
1	BOM	BOM ether 6:5	עַל־גַּלֵּי	upon the waves of
1	BOM	BOM ether 6:7	סְפִינוֹתֵיהֶם	their vessels
1	BOM	BOM ether 6:19	נַקְהִילָה	let us gather together
1	BOM	BOM ether 6:23	יוֹבִיל	leadeth
1	BOM	BOM ether 6:25	יֶאֶנְסֵהוּ	should constrain him
1	BOM	BOM ether 7:9	חִזְּקָם	he armed them
1	BOM	BOM ether 7:22	וַיַּרְעֵף	and did bestow
1	BOM	BOM ether 7:24	אֶת־כׇּל־הַמְגַדְּפִים	all those who did revile against
1	BOM	BOM ether 8:15	וַיַּשְׁבִּיעֵם	did administer unto them
1	BOM	BOM ether 8:23	לְקִשְׁרֵי	that combinations of
1	BOM	BOM ether 8:23	וּלְהַשְׁמָדַתְכֶם	and to your destruction
1	BOM	BOM ether 9:7	הֶאֱכִילוֹ	fed him
1	BOM	BOM ether 9:11	תָּאַב	desired
1	BOM	BOM ether 9:18	וַחֲזִירִים	and swine
1	BOM	BOM ether 9:19	פִּילִים	elephants
1	BOM	BOM ether 9:19	וְקוּרֵלוֹמִים	and cureloms
1	BOM	BOM ether 9:19	וְקוּמוֹמִים	and cumoms
1	BOM	BOM ether 9:19	וְהַקּוּרֵלוֹמִים	and the cureloms
1	BOM	BOM ether 9:19	וְהַקּוּמוֹמִים	and the cumoms
1	BOM	BOM ether 9:20	בְּהִבָּשְׁלָם	when they were ripened
1	BOM	BOM ether 10:4	לְהִתְפַּשֵּׂט	to spread
1	BOM	BOM ether 10:31	גַם־עַמְנִיגַדָּה	also Amnigaddah
1	BOM	BOM ether 10:33	וַיַּשְׁבִּיעוּ	and administered
1	BOM	BOM ether 11:1	אֶת־רִצְחֵיהֶם	their murders
1	BOM	BOM ether 12:4	לְעֹגֶן	an anchor
1	BOM	BOM ether 12:4	וּמוּצָקִים	and steadfast
1	BOM	BOM ether 12:9	וּלְהִשְׁתַּתֵּף	and be partakers
1	BOM	BOM ether 12:20	לְהַסְתִּירָהּ	to hide it
1	BOM	BOM ether 12:25	בְּשִׂימַת	because of the placing of
1	BOM	BOM ether 12:27	חֻלְשָׁה	weakness
1	BOM	BOM ether 12:31	לְתַלְמִידֶיךָ	unto your disciples
1	BOM	BOM ether 13:13	וַיִּסְתַּתֵּר	and he hid himself
1	BOM	BOM ether 13:18	בְּהִלָּחֲמָם	when they fought
1	BOM	BOM ether 13:21	הַמְּקַבֵּל	receiving
1	BOM	BOM ether 14:10	מִקִּשְׁרֵי	of the combinations of
1	BOM	BOM helaman 1:3	גַּם־הֵסִיתוּ	did also cause
1	BOM	BOM helaman 1:15	פּוֹרֵשׁ	a dissenter
1	BOM	BOM helaman 1:19	וּמַסָּעָם	and their march
1	BOM	BOM helaman 1:20	כׇּל־הַמִּתְנַגֵּד	all who did oppose
1	BOM	BOM helaman 1:29	וַיַּקְדִּימֵם	and he did head them off
1	BOM	BOM helaman 2:6	בְּהִתְחַפְּשׂוֹ	in disguise
1	BOM	BOM helaman 2:11	בְּכׇל־	in any
1	BOM	BOM helaman 3:14	וּשְׁדֵיהֶם	and their robberies
1	BOM	BOM helaman 3:14	לְהִכָּלֵל	to be contained
1	BOM	BOM helaman 3:23	הַנּוֹשָׁבִים	the inhabited
1	BOM	BOM helaman 3:35	צָמוּ	they fasted
1	BOM	BOM helaman 4:8	פּוֹרְשֵׁי	dissenters of
1	BOM	BOM helaman 4:12	עׇשְׁקָם	their oppressing
1	BOM	BOM helaman 4:12	וּבְשָׁדְדָם	and in their plundering
1	BOM	BOM helaman 4:12	וּבְכַזְּבָם	and in their lying
1	BOM	BOM helaman 4:12	וּבְגָנְבָם	and in their stealing
1	BOM	BOM helaman 4:12	וּבְנַאֲפָם	and in their committing adultery
1	BOM	BOM helaman 5:3	לְהִשָּׁלֵט	to be governed
1	BOM	BOM helaman 5:11	תְּנָאֵי	the conditions of
1	BOM	BOM helaman 6:11	אֻמָּנִים	craftsmen
1	BOM	BOM helaman 6:11	וַיְזַקְּקוּם	and they refined them
1	BOM	BOM helaman 6:13	וְטָווּ	and spun
1	BOM	BOM helaman 6:13	מִפִּשְׁתָּן	from linen
1	BOM	BOM helaman 6:17	בְּעׇשְׁרֵי	with the riches of
1	BOM	BOM helaman 6:21	וְשׁוֹדֵיהֶם	and their robberies
1	BOM	BOM helaman 6:23	בְּנִגּוּד	in opposition
1	BOM	BOM helaman 6:31	תָּפַס	he seized
1	BOM	BOM helaman 7:15	וּמִשְׁתּוֹמְמִים	and are astonished
1	BOM	BOM helaman 7:25	וְהִתְחַבַּרְתֶּם	and you joined
1	BOM	BOM helaman 7:26	הִגְבִּיהָה	did exalt
1	BOM	BOM helaman 9:2	גַם־יֶתֶר	also the remainder of
1	BOM	BOM helaman 9:14	וַנִּשְׁתּוֹמֵם	and we were astonished
1	BOM	BOM helaman 9:19	יַאֲשִׁימוּהוּ	they might condemn him
1	BOM	BOM helaman 9:20	קָשַׁרְתָּ	you made
1	BOM	BOM helaman 9:30	כְּמִשְׁתּוֹמֵם	as overwhelmed
1	BOM	BOM helaman 9:33	וְיֶחֱוַר	and shall turn pale
1	BOM	BOM helaman 12:2	וּלְאָשְׁרָם	and to their blessing
1	BOM	BOM helaman 12:2	שַׁלְוָתָם	their ease
1	BOM	BOM helaman 12:8	יִתְנוֹעֵעַ	it shall shake
1	BOM	BOM helaman 12:12	יִתְרוֹפְפוּ	they shall crumble
1	BOM	BOM helaman 12:26	דִּרְאוֹן	contempt
1	BOM	BOM helaman 13:10	הַגְּמוּרָה	the utter
1	BOM	BOM helaman 13:10	בְּהַשְׁחָתַתְכֶם	in your destruction
1	BOM	BOM helaman 13:21	וְגַם־עׇשְׁרְכֶם	and also your riches
1	BOM	BOM helaman 13:25	רוֹגְמִים	stoning
1	BOM	BOM helaman 13:26	וּתְגָרְשׁוּהוּ	and you drive him out
1	BOM	BOM helaman 13:28	וְתַלְבִּישׁוּהוּ	and you shall clothe him
1	BOM	BOM helaman 13:29	לְהוֹבִילְכֶם	to lead you
1	BOM	BOM helaman 13:32	שִׁמְמַתְכֶם	your desolation
1	BOM	BOM helaman 13:33	רָגַמְתִּי	I had stoned
1	BOM	BOM helaman 13:35	חָמְקוּ	slipped away
1	BOM	BOM helaman 13:38	אׇשְׁרְכֶם	your happiness
1	BOM	BOM helaman 14:4	אֶת־זְרִיחַת	the rising of
1	BOM	BOM helaman 14:7	תִשְׁתּוֹמְמוּ	you shall be astonished
1	BOM	BOM helaman 14:11	אֶת־תְּנָאֵי	the conditions of
1	BOM	BOM helaman 14:18	אֶת־תְּנַאי	the condition of
1	BOM	BOM helaman 14:22	בִּנְקִיקִים	in cracks
1	BOM	BOM helaman 14:25	מִמֵּתֵיהֶם	of their dead
1	BOM	BOM helaman 15:2	תִּכְבַּדְנָה	they shall be heavy
1	BOM	BOM helaman 15:2	וְתֵעָזַבְנָה	and shall be left
1	BOM	BOM helaman 15:9	וּלְהֵהָרֵג	and to be slain
1	BOM	BOM helaman 16:1	וּבְמָצְאָם	and when they found
1	BOM	BOM helaman 16:16	נָחֲשׁוּ	they guessed
1	BOM	BOM jacob 1:4	וְאֶגַּע	and I shall touch upon
1	BOM	BOM jacob 1:6	חֲזֹנוֹת	revelations
1	BOM	BOM jacob 1:19	נְלַמְּדֵם	we should teach them
1	BOM	BOM jacob 2:2	וּלְנַקּוֹת	and to cleanse
1	BOM	BOM jacob 2:6	תַּדְאִיב	it shall grieve
1	BOM	BOM jacob 2:6	וְתַכְרִיעֵנִי	and causes me to shrink
1	BOM	BOM jacob 2:13	מוּרָם	held high
1	BOM	BOM jacob 2:19	וּלְהַאֲכִיל	and to feed
1	BOM	BOM jacob 2:19	וּלְשַׁחְרֵר	and to liberate
1	BOM	BOM jacob 2:20	הִתְגָּאִיתֶם	you were proud
1	BOM	BOM jacob 4:13	דּוֹבֵר	speaks
1	BOM	BOM jacob 5:6	הָרָאשִׁי	the main
1	BOM	BOM jacob 5:7	הָרָאשִׁיִּים	the main
1	BOM	BOM jacob 5:8	מֵהָעֲנָפִים	of the branches
1	BOM	BOM jacob 5:27	נִזְמֹר	let us prune
1	BOM	BOM jacob 5:44	אֶטַּע	I might plant
1	BOM	BOM jacob 5:45	אֶת־עֲנָפָיו	its branches
1	BOM	BOM jacob 5:46	כׇּל־הַטִּפּוּחַ	all the care
1	BOM	BOM jacob 5:52	וְנַרְכִּיבֵם	and graft them
1	BOM	BOM jacob 5:52	וְנַרְכִּיב	and graft in
1	BOM	BOM jacob 5:57	תַּרְכִּיבוּ	you shall graft
1	BOM	BOM jacob 5:58	וּנְזַמֵּר	and we will trim up
1	BOM	BOM jacob 5:63	הַרְכִּיבוּ	graft in
1	BOM	BOM jacob 5:65	לַהַרְכָּבָה	for the graft
1	BOM	BOM jacob 5:65	הַהַרְכָּבָה	the graft
1	BOM	BOM jacob 5:66	אֶטַאֲטֵא	will I sweep away
1	BOM	BOM jacob 5:68	אֲחַבְּרֵם	will I join them
1	BOM	BOM jacob 6:4	גַּם־שָׁרָשִׁים	both roots
1	BOM	BOM jacob 6:4	גַּם־עֲנָפִים	and branches
1	BOM	BOM jacob 6:7	טֻפַּחְתֶּם	you have been nourished
1	BOM	BOM jacob 6:8	וּתְכַבּוּ	and would quench
1	BOM	BOM jacob 6:10	לְהִכָּחֵשׁ	to be denied
1	BOM	BOM jacob 7:5	הַחֲזֹנוֹת	the revelations
1	BOM	BOM jacob 7:7	וְהִתְעֵיתָ	and you have led away
1	BOM	BOM jacob 7:9	אַכְחִישֶׁנּוּ	deny Him
1	BOM	BOM jarom 1:7	וַנִּטְאֲטֵאנוּם	and we swept them away
1	BOM	BOM jarom 1:8	וַנִּרֶב	and we multiplied
1	BOM	BOM mormon 1:3	אֶת־כׇּל־הַחֲקוּקוֹת	all the engravings
1	BOM	BOM mormon 1:16	מִלְּהַטִּיף	that I should preach
1	BOM	BOM mormon 1:18	חַלְקְלַקִּים	slippery
1	BOM	BOM mormon 2:20	וַיֻּצְּדוּ	were hunted
1	BOM	BOM mormon 2:23	וָאֲעוֹרְרֵם	and did urge them
1	BOM	BOM mormon 4:18	לְהִמָּחוֹת	to be swept off
1	BOM	BOM mormon 5:1	עׇזְרָם	help them
1	BOM	BOM mormon 5:2	אֶל־הַבּוֹרֵא	upon that Being
1	BOM	BOM mormon 5:5	וּכְרָכֵיהֶם	and their towns
1	BOM	BOM mormon 5:8	לְהַכְאִיב	to harrow up
1	BOM	BOM mormon 5:9	אֵעֵז	daring
1	BOM	BOM mormon 5:14	בַּהֲשָׁבַת	in restoring
1	BOM	BOM mormon 5:16	לְהֵאָבֵק	to strive
1	BOM	BOM mormon 5:18	כׇּאֳנִי	as a vessel
1	BOM	BOM mormon 5:18	הַמִּטַּלְטֶלֶת	that is tossed
1	BOM	BOM mormon 5:18	עֹגֶן	anchor
1	BOM	BOM mormon 6:8	הֲמוֹנָם	their numbers
1	BOM	BOM mormon 6:15	לְהֵרָקֵב	to molder
1	BOM	BOM mormon 6:15	וּלְהִתְפּוֹרֵר	and to crumble
1	BOM	BOM mormon 6:18	אׇבְדַנְכֶם	your loss
1	BOM	BOM mormon 6:21	הַנִּרְקָבוֹת	which are moldering
1	BOM	BOM mormon 7:5	וְגַם־בּוֹ	and also in him
1	BOM	BOM mormon 7:7	לְשׁוֹרֵר	to sing
1	BOM	BOM mormon 7:9	גַּם־בָּזֹאת	this also
1	BOM	BOM mormon 7:10	נִמְנִיתֶם	you are numbered
1	BOM	BOM mormon 8:5	וְגַם־עָפְרָה	and ore
1	BOM	BOM mormon 8:20	וְגַם־הַנָּקָם	and vengeance is
1	BOM	BOM mormon 8:22	תִּתְגַּלְגַּלְנָה	shall roll on
1	BOM	BOM mormon 8:24	לְהָעְתִיק	remove
1	BOM	BOM mormon 8:38	הַנִּרְקָב	that which will canker
1	BOM	BOM mormon 8:39	וְתַנִּיחוּ	and yet suffer
1	BOM	BOM mormon 9:3	פְּרַעְתֶּם	you have abused
1	BOM	BOM mormon 9:4	מִלָּשֶׁבֶת	than you would to dwell
1	BOM	BOM mormon 9:8	הַמְּכַחֵשׁ	he that denies
1	BOM	BOM mormon 9:10	הַמִּשְׁתַּנֶּה	who varies
1	BOM	BOM mormon 9:20	וְיִסְטוּ	and depart
1	BOM	BOM mormon 9:32	דִּבּוּרֵנוּ	our speech
1	BOM	BOM moroni 1:1	יַשְׁמִידוּנִי	they should destroy me
1	BOM	BOM moroni 7:3	הִשַּׂגְתֶּם	have obtained
1	BOM	BOM moroni 7:19	תַרְשִׁיעוּהוּ	condemn it
1	BOM	BOM moroni 7:31	שׇׁרְתָם	their ministry
1	BOM	BOM moroni 7:39	עַנְוַתְכֶם	your meekness
1	BOM	BOM moroni 7:41	תְּקוּמָתוֹ	his resurrection
1	BOM	BOM moroni 8:4	הַמַּכְאִיב	which grieveth
1	BOM	BOM moroni 8:26	שֹׁקֶדֶת	by diligence
1	BOM	BOM moroni 8:30	עַד־אֶפְגָּשְׁךָ	until I meet you
1	BOM	BOM moroni 9:2	וְגַם־לוּרָם	and also Luram
1	BOM	BOM moroni 9:6	נוּבָא	we should be brought
1	BOM	BOM moroni 9:16	יִתְעַלַּפְנָה	do faint
1	BOM	BOM moroni 9:16	וַתָּמֹתְנָה	and die
1	BOM	BOM mosiah 1:6	אֶת־אֲמִתָּתָם	their sureness
1	BOM	BOM mosiah 1:7	לְחָפְשָׂם	to search them
1	BOM	BOM mosiah 1:7	תּוֹעִילוּ	you may profit
1	BOM	BOM mosiah 1:10	הַכְרָזָה	a proclamation
1	BOM	BOM mosiah 1:10	אַכְרִיז	I shall proclaim
1	BOM	BOM mosiah 1:13	יִמְסְרֵם	he shall deliver them up
1	BOM	BOM mosiah 1:16	וּשְׁקִידָתוֹ	and diligence
1	BOM	BOM mosiah 2:15	אַאֲשִׁימְכֶם	I might accuse you
1	BOM	BOM mosiah 2:30	רוֹעֶדֶת	trembles
1	BOM	BOM mosiah 3:19	לִמְשִׁיכוֹת	to the enticings of
1	BOM	BOM mosiah 3:19	סַבְלָן	patient
1	BOM	BOM mosiah 3:19	לְהַטִּיל	to inflict
1	BOM	BOM mosiah 3:22	גַּם־אָז	even then
1	BOM	BOM mosiah 4:5	אֶת־אַפְסוּתְכֶם	your nothingness
1	BOM	BOM mosiah 4:8	תְּנָאִים	conditions
1	BOM	BOM mosiah 4:8	הַתְּנָאִים	the conditions
1	BOM	BOM mosiah 4:11	וּטְעַמְתֶּם	and have tasted
1	BOM	BOM mosiah 4:11	וְאַפְסוּתְכֶם	and your own nothingness
1	BOM	BOM mosiah 4:14	וּלְהִתְקוֹטֵט	and quarrel
1	BOM	BOM mosiah 4:17	עֳנָשָׁיו	his punishments
1	BOM	BOM mosiah 4:22	וּתְחַיְּבוּ	and condemn
1	BOM	BOM mosiah 4:26	לְהַאֲכִיל	such as feeding
1	BOM	BOM mosiah 4:27	בַּשָּׂכָר	the prize
1	BOM	BOM mosiah 4:29	וְאֶמְצָעִים	and means
1	BOM	BOM mosiah 7:1	בְּהַפְצָרָתָם	with their importunings
1	BOM	BOM mosiah 7:6	וְחֵם	and Hem
1	BOM	BOM mosiah 7:10	הֵעַזְתֶּם	you have dared
1	BOM	BOM mosiah 7:17	כָּרוֹז	a proclamation
1	BOM	BOM mosiah 7:22	וּשְׂעוֹרָתֵנוּ	and our barley
1	BOM	BOM mosiah 8:19	וְהָאוּרִים וְהַתֻּמִּים	and the interpreters
1	BOM	BOM mosiah 8:21	הַבּוֹרֵחַ	which flees
1	BOM	BOM mosiah 9:0	כּוֹלֵל	comprising
1	BOM	BOM mosiah 9:0	פרקים	chapters
1	BOM	BOM mosiah 9:9	וְנֵעַס	and neas
1	BOM	BOM mosiah 9:9	וְשֵׁאוּם	and sheum
1	BOM	BOM mosiah 9:11	שִׁבְתֵּנוּ	we had dwelt
1	BOM	BOM mosiah 9:11	לְהִדָּאֵג	to grow uneasy
1	BOM	BOM mosiah 9:18	גֵּרַשְׁנוּם	we had driven them
1	BOM	BOM mosiah 10:5	לִטְווֹת	to spin
1	BOM	BOM mosiah 10:8	חֲגוֹרַת	a girdle of
1	BOM	BOM mosiah 10:15	בְּהַגִּיעָם	when they had arrived
1	BOM	BOM mosiah 10:20	סָפַרְנוּם	we numbered them
1	BOM	BOM mosiah 11:7	נִפְתּוּ	they were deceived
1	BOM	BOM mosiah 11:10	אֶת־אֻמָּנָיו	his workmen
1	BOM	BOM mosiah 11:16	וּבְרָעוֹתָם	and while they were tending
1	BOM	BOM mosiah 12:6	וְגַם־יֻכּוּ	and they shall also be smitten
1	BOM	BOM mosiah 12:12	וַיִּתְיַמֵּר	and he pretends
1	BOM	BOM mosiah 12:25	וּמִתְיַמְּרִים	and pretend
1	BOM	BOM mosiah 12:26	עִקַּשְׁתֶּם	you have perverted
1	BOM	BOM mosiah 12:27	הִשְׂכַּלְתֶּם	been wise
1	BOM	BOM mosiah 12:29	וּתְבַלּוּ	and spend
1	BOM	BOM mosiah 12:31	הֲתָבֹא	does come
1	BOM	BOM mosiah 14:3	וּכְמַסְתִּירִים	and as those who hide
1	BOM	BOM mosiah 14:7	אִלֶּמֶת	is dumb
1	BOM	BOM mosiah 15:5	לְהֵלָעֵג	to be mocked
1	BOM	BOM mosiah 15:5	וּלְהִכָּחֵשׁ	and disowned
1	BOM	BOM mosiah 15:23	פְּדָאָם	has redeemed them
1	BOM	BOM mosiah 16:11	בְּהִמָּסְרָם	being delivered up
1	BOM	BOM mosiah 17:18	תְּצֻדוּ	you shall be hunted
1	BOM	BOM mosiah 18:2	וּתְקוּמָתוֹ	and resurrection
1	BOM	BOM mosiah 18:4	לִזְמַנִּים	at seasons
1	BOM	BOM mosiah 18:17	כׇל־הַנִּטְבָּל	whosoever was baptized
1	BOM	BOM mosiah 18:28	הַנִּצְרָכִים	that stood in need
1	BOM	BOM mosiah 19:16	הַנִּשְׁבִּים	those who were taken captive
1	BOM	BOM mosiah 20:2	וַתִּקָּהֵלְנָה	and gathered together
1	BOM	BOM mosiah 20:5	מִסְתָּרָם	their secret places
1	BOM	BOM mosiah 20:8	אֶת־כׇּל־הֲכָנָתָם	all their preparations
1	BOM	BOM mosiah 20:13	נְמִיתֵהוּ	let us slay him
1	BOM	BOM mosiah 20:22	נַשְׁקִיטָה	let us pacify
1	BOM	BOM mosiah 20:22	נַשְׁבִּית	let us put a stop
1	BOM	BOM mosiah 21:10	וַתִּזְעַקְנָה	and they did cry
1	BOM	BOM mosiah 21:13	וּלְהַסִּיעָם	and to be driven
1	BOM	BOM mosiah 21:21	לְהַעֲנִישָׁם	to punish them
1	BOM	BOM mosiah 21:34	וַיְחַכּוּ	waiting
1	BOM	BOM mosiah 21:35	וְסִפּוּר	and an account of
1	BOM	BOM mosiah 23:12	עֻשַּׁקְתֶּם	you have been oppressed
1	BOM	BOM mosiah 23:12	נֶאֱסַרְתֶּם	you were bound
1	BOM	BOM mosiah 24:14	וְגַם־אָקֵל	and I will also ease
1	BOM	BOM mosiah 25:14	גַּם־אַלְמָא	also Alma
1	BOM	BOM mosiah 26:11	וַיַּאֲשִׁימוּם	are accused
1	BOM	BOM mosiah 26:11	הֲבִיאוֹנוּם	we have brought them
1	BOM	BOM mosiah 26:37	בִּזְהִירוּת	circumspectly
1	BOM	BOM mosiah 27:1	וּלְהִתְאוֹנֵן	and complain
1	BOM	BOM mosiah 27:6	לְהִתְפַּזֵּר	to scatter abroad
1	BOM	BOM mosiah 27:13	אֲקִימֶנָּה	will establish it
1	BOM	BOM mosiah 27:19	נְשָׂאֻהוּ	and he was taken
1	BOM	BOM mosiah 27:23	צוּמָם	they had fasted
1	BOM	BOM mosiah 27:24	וּפְדָאַנִי	and have been redeemed by
1	BOM	BOM mosiah 27:25	לְהֵהָפֵךְ	turning from
1	BOM	BOM mosiah 29:7	וּלְעַקֵּשׁ	and to pervert
1	BOM	BOM mosiah 29:8	וְנִתְבּוֹנְנָה	and consider
1	BOM	BOM mosiah 29:32	יֵהָנֶה	shall enjoy
1	BOM	BOM mosiah 29:36	וְהַשְּׁלִילוֹת	and the plunderings
1	BOM	BOM mosiah 29:46	גַּם־מוֹשִׁיָּה	also Mosiah
1	BOM	BOM mosiah 28:2	מִשִּׂנְאָתָם	of their hatred
1	BOM	BOM mosiah 28:17	עַד־הִבָּרֵא	back to the creation of
1	BOM	BOM omni 1:11	הַנִּכְתָּב	that which is written
1	OT	OT 1ch 2:16	וְאַחְיֹתֵיהֶם	and-their-sisters
1	OT	OT 1ch 12:41	וְצִמּוּקִים	and-bunches-of-raisins
1	OT	OT 1ch 13:12	הֵיךְ	how
1	OT	OT 1ch 23:29	וְלַמֻּרְבָּכֶת	and-for-that-which-is-fried
1	OT	OT 1ch 28:17	וְהַמִּזְלָגוֹת	and-the-forks
1	OT	OT 1ki 1:48	וְגַם־כָּכָה	and also thus
1	OT	OT 1ki 3:13	גַּם־כָּבוֹד	also honor
1	OT	OT 1ki 3:26	גַם־לָךְ	also for you
1	OT	OT 1ki 6:18	פְּקָעִים	gourds
1	OT	OT 1ki 6:25	וְקֶצֶב	and a shape
1	OT	OT 1ki 6:35	עַל־הַמְּחֻקֶּה	upon the carved work
1	OT	OT 1ki 7:24	וּפְקָעִים	and gourds
1	OT	OT 1ki 7:24	הַפְּקָעִים	the gourds
1	OT	OT 1ki 7:29	וְעַל־הַשְׁלַבִּים	and upon the cross bars
1	OT	OT 1ki 7:33	וְחִשֻּׁרֵיהֶם	and their hubs
1	OT	OT 1ki 7:37	קֶצֶב	a shape
1	OT	OT 1ki 7:46	בְּמַעֲבֵה	in the mold of
1	OT	OT 1ki 9:26	וׇאֳנִי	and a ship
1	OT	OT 1ki 9:27	בׇּאֳנִי	in the ships
1	OT	OT 1ki 10:12	הָאַלְמֻגִּים	the almug
1	OT	OT 1ki 12:12	וַיָּבוֹ	and come
1	OT	OT 1ki 12:33	אֲשֶׁר־בָּדָא	which he had devised
1	OT	OT 1ki 14:14	גַּם־עָתָּה	also yet
1	OT	OT 1ki 18:21	עַל־שְׁתּי	upon the two
1	OT	OT 1ki 18:46	וַיְשַׁנֵּס	and he girded up
1	OT	OT 1ki 20:33	וַיַּחְלְטוּ	and they caught
1	OT	OT 1ki 21:23	וְגַם־לְאִיזֶבֶל	and also to Jezebel
1	OT	OT 1sa 2:13	וְהַמַּזְלֵג	with-the-fork-of
1	OT	OT 1sa 2:14	הַמַּזְלֵג	the-fork
1	OT	OT 1sa 2:15	לִצְלוֹת	for-roasting
1	OT	OT 1sa 2:29	תִבְעֲטוּ	do-you-kick
1	OT	OT 1sa 2:33	וְלַאֲדִיב	and-to-grieve
1	OT	OT 1sa 5:9	וַיִּשָּׂתְרוּ	and-they-were-struck
1	OT	OT 1sa 6:12	וְגָעוֹ	and-lowing
1	OT	OT 1sa 8:8	גַּם־לָךְ	also-for-you
1	OT	OT 1sa 9:22	כִּשְׁלֹשִׁם	about-thirty
1	OT	OT 1sa 13:6	וּבַצְּרִחִים	and-in-strongholds
1	OT	OT 1sa 13:20	וְאֶת־אֵתוֹ	and-his-mattock
1	OT	OT 1sa 13:21	וְלָאֵתִים	and-for-the-mattocks
1	OT	OT 1sa 13:21	הַדָּרְבָן	the-goad
1	OT	OT 1sa 15:32	מַעֲדַנֹּת	delicately
1	OT	OT 1sa 15:33	וַיְשַׁסֵּף	and-hewed-in-pieces
1	OT	OT 1sa 24:12	צֹדֶה	hunt
1	OT	OT 1sa 25:16	גַּם־לַיְלָה	both-by-night
1	OT	OT 1sa 26:7	מְעוּכָה־בָאָרֶץ	stuck-in-the-ground
1	OT	OT 1sa 28:9	מִתְנַקֵּשׁ	lay-a-snare
1	OT	OT 1sa 28:24	וַתָּלָשׁ	and-she-kneaded-it
1	OT	OT 1sa 30:12	דְּבֵלָה	a-cake-of-figs
1	OT	OT 2ch 1:11	וְגַם־יָמִים	and also days
1	OT	OT 2ch 2:7	וְאַלְגּוּמִּים	and algum
1	OT	OT 2ch 4:16	וְאֶת־הַמִּזְלָגוֹת	and the forks
1	OT	OT 2ch 9:10	אַלְגּוּמִּים	algum
1	OT	OT 2ch 9:11	הָאַלְגּוּמִּים	the algum
1	OT	OT 2ch 9:11	כָהֵם	like them
1	OT	OT 2ch 14:14	וְגַם־אׇהֳלֵי	and also the tents of
1	OT	OT 2ch 15:16	וְגַם־מַעֲכָה	and also Maachah
1	OT	OT 2ch 16:12	וְגַם־בְּחׇלְיוֹ	and also in his sickness
1	OT	OT 2ch 34:31	עַל־עׇמְדוֹ	in his place
1	OT	OT 2ch 35:5	לִפְלוּגֹּת	according to the divisions of
1	OT	OT 2ch 36:16	מַלְעִבִים	deriding
1	OT	OT 2ch 36:16	וּמִתַּעְתְּעִים	and mocking
1	OT	OT 2ch 36:17	וְיָשֵׁשׁ	and the decrepit
1	OT	OT 2ki 4:35	וַיְזוֹרֵר	and he sneezed
1	OT	OT 2ki 4:39	פַּקֻּעֹת	gourds of
1	OT	OT 2ki 6:6	וַיִּקְצׇב־עֵץ	and he cut off a tree
1	OT	OT 2ki 8:2	וַתָּגׇר	and she sojourned
1	OT	OT 2ki 9:25	שָׁלִשֹׁה	his captain
1	OT	OT 2ki 10:22	עַל־הַמֶּלְתָּחָה	upon the wardrobe
1	OT	OT 2ki 13:23	וַיָּחׇן	and shall be gracious
1	OT	OT 2ki 17:9	וַיְחַפְּאוּ	and they fabricated
1	OT	OT 2ki 17:15	כָּהֶם	like them
1	OT	OT 2ki 23:4	בְּשַׁדְמוֹת	in the fields of
1	OT	OT 2sa 1:4	וְגַם־הַרְבֵּה	and-also-many
1	OT	OT 2sa 5:2	וְהַמֵּבִי	and-brought-in
1	OT	OT 2sa 5:8	בַּצִּנּוֹר	to-the-aqueduct
1	OT	OT 2sa 12:8	כָּהֵנָּה	as-much
1	OT	OT 2sa 15:30	יָחֵף	barefoot
1	OT	OT 2sa 16:1	צִמּוּקִים	bunches-of-raisins
1	OT	OT 2sa 16:23	גַּם־לְדָוִד	both-with-David
1	OT	OT 2sa 17:10	גַם־בֶּן־חַיִל	even-a-warrior
1	OT	OT 2sa 17:19	הָרִפוֹת	ground-corn
1	OT	OT 2sa 19:44	וְגַם־בְּדָוִד	and-also-in-David
1	OT	OT 2sa 21:6	וְהוֹקַעֲנוּם	and-we-will-hang-them-up
1	OT	OT 2sa 21:9	וַיֹּקִיעֻם	and-they-hanged-them
1	OT	OT 2sa 21:13	הַמּוּקָעִים	them-that-were-hanged
1	OT	OT 2sa 22:5	אֲפָפֻנִי	compassed-me
1	OT	OT 2sa 22:12	חַשְׁרַת־מַיִם	the-heavy-mass-of-waters
1	OT	OT 2sa 22:48	וּמֹרִיד	and-that-brings-down
1	OT	OT 2sa 24:6	חׇדְשִׁי	hodshi
1	OT	OT amo 2:1	לַשִּׂיד	into the lime
1	OT	OT amo 2:13	מֵעִיק	am pressed
1	OT	OT amo 2:13	תָּעִיק	is pressed
1	OT	OT amo 5:9	הַמַּבְלִיג	that strengtheneth
1	OT	OT amo 5:11	בּוֹשַׁסְכֶם	your treading is
1	OT	OT amo 6:7	מִרְזַח	the revelry of
1	OT	OT amo 7:14	וּבוֹלֵס	and a gatherer of
1	OT	OT amo 9:6	מַעֲלוֹתָו	his stories
1	OT	OT dan 9:24	נֶחְתַּךְ	it has been decreed
1	OT	OT dan 10:11	עַל־עׇמְדֶךָ	upright
1	OT	OT dan 10:17	וְהֵיךְ	and how
1	OT	OT dan 11:10	עַד־מָעֻזֹּה	even to his fortress
1	OT	OT dan 11:24	יִבְזוֹר	he will scatter
1	OT	OT dan 11:30	וְנִכְאָה	and he will be disheartened
1	OT	OT dan 11:43	בְּמִכְמַנֵּי	over the treasures of
1	OT	OT dan 12:2	לְדִרְאוֹן	to abhorrence of
1	OT	OT deu 1:12	טׇרְחֲכֶם	your trouble
1	OT	OT deu 2:6	וְגַם־מַיִם	and also water
1	OT	OT deu 6:8	לְטֹטָפֹת	for frontlets
1	OT	OT deu 6:9	עַל־מְזֻזוֹת	upon the doorposts of
1	OT	OT deu 7:13	שְׁגַר־אֲלָפֶיךָ	the young of your cattle
1	OT	OT deu 8:4	בָצֵקָה	it swelled
1	OT	OT deu 8:15	הַחַלָּמִישׁ	the flint
1	OT	OT deu 11:18	לְטוֹטָפֹת	for frontlets
1	OT	OT deu 12:30	פֶּן־תִּנָּקֵשׁ	lest you should be ensnared
1	OT	OT deu 14:17	וְהַקָּאָת	and the desert owl
1	OT	OT deu 15:17	אֶת־הַמַּרְצֵעַ	the awl
1	OT	OT deu 18:3	וְהַקֵּבָה	and the stomach
1	OT	OT deu 24:20	תַחְבֹּט	you will beat
1	OT	OT deu 25:18	כׇּל־הַנֶּחֱשָׁלִים	all the stragglers
1	OT	OT deu 26:2	בַטֶּנֶא	in the basket
1	OT	OT deu 26:4	הַטֶּנֶא	the basket
1	OT	OT deu 27:9	הַסְכֵּת	keep silent
1	OT	OT deu 28:22	בַּשַּׁחֶפֶת	with the consumption
1	OT	OT deu 28:27	וּבַגָּרָב	and with the eczema
1	OT	OT deu 28:63	וְנִסַּחְתֶּם	and you will be torn away
1	OT	OT deu 28:66	תְּלֻאִים	hung up
1	OT	OT deu 32:11	יְרַחֵף	it hovers
1	OT	OT deu 32:13	מֵחַלְמִישׁ	from flint of
1	OT	OT deu 32:15	וַיִּבְעָט	and kicked out
1	OT	OT deu 32:15	עָבִיתָ	you became obese
1	OT	OT deu 32:24	מְזֵי	people weakened of
1	OT	OT deu 32:24	וְקֶטֶב	and destruction
1	OT	OT deu 32:24	זֹחֲלֵי	things which crawl of
1	OT	OT deu 32:32	וּמִשַּׁדְמֹת	and from the terraced fields of
1	OT	OT deu 32:34	כָּמֻס	stored up
1	OT	OT deu 33:22	יְזַנֵּק	he leaps forth
1	OT	OT deu 33:25	דׇּבְאֶךָ	your strength
1	OT	OT ecc 2:8	גַּם־כֶּסֶף	also silver
1	OT	OT ecc 3:7	לִתְפּוֹר	to sew
1	OT	OT ecc 4:6	חׇפְנַיִם	two hands
1	OT	OT ecc 5:15	וְגַם־זֹה	and also this
1	OT	OT ecc 6:9	מֵהֲלׇךְ־נָפֶשׁ	than the wandering of desire
1	OT	OT ecc 7:18	וְגַם־מִזֶּה	and also than this
1	OT	OT ecc 9:1	וְלָבוּר	and to make clear
1	OT	OT ecc 10:1	זְבוּבֵי	flies of
1	OT	OT ecc 10:8	גּוּמָּץ	a pit
1	OT	OT ecc 10:10	אִם־קֵהָה	if it is blunt
1	OT	OT ecc 10:18	יִמַּךְ	it sinks
1	OT	OT ecc 10:18	יִדְלֹף	it leaks
1	OT	OT ecc 12:11	כַּדָּרְבֹנוֹת	like goads
1	OT	OT ecc 12:12	וְלַהַג	and study
1	OT	OT est 4:11	יוֹשִׁיט־לוֹ	extends him
1	OT	OT est 8:15	וְתַכְרִיךְ	and a robe of
1	OT	OT est 9:13	גַּם־מָחָר	also on the morrow
1	OT	OT est 9:24	וְהִפִּל	and he cast
1	OT	OT est 10:2	תׇקְפּוֹ	his power
1	OT	OT exo 2:3	גֹּמֶא	papyrus
1	OT	OT exo 2:10	מְשִׁיתִהוּ	I drew him
1	OT	OT exo 2:16	אֶת־הָרְהָטִים	the troughs
1	OT	OT exo 2:24	אֶת־נַאֲקָתָם	their groaning
1	OT	OT exo 6:5	אֶת־נַאֲקַת	the groaning of
1	OT	OT exo 9:8	חׇפְנֵיכֶם	your hands
1	OT	OT exo 9:32	וְהַכֻּסֶּמֶת	and the spelt
1	OT	OT exo 12:34	אֶת־בְּצֵקֹ	their dough
1	OT	OT exo 12:38	וְגַם־עֵרֶב	and a mixed
1	OT	OT exo 13:12	שֶׁגֶר	that comes of
1	OT	OT exo 13:16	וּלְטוֹטָפֹת	and for frontlets
1	OT	OT exo 15:6	תִּרְעַץ	has dashed in pieces
1	OT	OT exo 15:8	קָפְאוּ	were congealed
1	OT	OT exo 16:14	מְחֻסְפָּס	round thing
1	OT	OT exo 19:9	וְגַם־בְּךָ	and also in you
1	OT	OT exo 21:3	אִם־בְּגַפּוֹ	if by himself
1	OT	OT exo 21:3	בְּגַפּוֹ	by himself
1	OT	OT exo 21:4	בְגַפּוֹ	by himself
1	OT	OT exo 21:6	וְרָצַע	and shall bore
1	OT	OT exo 21:6	בַּמַּרְצֵעַ	with an awl
1	OT	OT exo 21:13	צָדָה	lie in wait
1	OT	OT exo 24:6	בָּאַגָּנֹת	in bowls
1	OT	OT exo 27:3	וּמִזְלְגֹתָיו	and his fleshhooks
1	OT	OT exo 27:5	כַּרְכֹּב	the compass of
1	OT	OT exo 28:28	וְיִרְכְּסוּ	and they shall bind
1	OT	OT exo 32:25	לְשִׁמְצָה	unto their shame
1	OT	OT exo 35:25	מַטְוֶה	that which was spun
1	OT	OT exo 36:21	אַמֹּת	cubits
1	OT	OT exo 38:4	כַּרְכֻּבּוֹ	its ledge
1	OT	OT exo 39:21	וַיִּרְכְּסוּ	and they bound
1	OT	OT eze 1:14	רָצוֹא	they were running
1	OT	OT eze 1:14	הַבָּזָק	the lightning
1	OT	OT eze 4:9	וְדֹחַן	and millet
1	OT	OT eze 4:9	וְכֻסְּמִים	and spelt
1	OT	OT eze 4:12	תְּעֻגֶנָה	you will bake it
1	OT	OT eze 5:1	הַגַּלָּבִים	the barbers
1	OT	OT eze 6:9	וְנָקֹטּוּ	and they will loathe
1	OT	OT eze 7:23	הָרַתּוֹק	the chain
1	OT	OT eze 7:25	קְפָדָה־בָא	anguish came
1	OT	OT eze 10:2	חׇפְנֶיךָ	your cupped hands
1	OT	OT eze 12:14	וְכׇל־אֲגַפָּיו	and all his troops
1	OT	OT eze 13:10	הִטְעוּ	they have led astray
1	OT	OT eze 13:18	לִמְתַפְּרוֹת	to women who sew
1	OT	OT eze 16:4	לְמִשְׁעִי	for cleansing
1	OT	OT eze 16:4	וְהׇחְתֵּל	and certainly
1	OT	OT eze 16:4	חֻתָּלְתְּ	you were wrapped
1	OT	OT eze 16:11	וְרָבִיד	and a chain
1	OT	OT eze 16:24	גָּב	a platform
1	OT	OT eze 16:25	וַתְּפַשְּׂקִי	and you opened wide
1	OT	OT eze 16:29	וְגַם־בְּזֹאת	and also in this
1	OT	OT eze 16:40	וּבִתְּקוּךְ	and they will cut to pieces you
1	OT	OT eze 16:43	הֵא	behold
1	OT	OT eze 17:2	חוּד	ask a riddle
1	OT	OT eze 17:7	כָּפְנָה	it bent
1	OT	OT eze 17:9	יְקוֹסֵס	cut off
1	OT	OT eze 17:21	בְּכׇל־אֲגַפָּיו	in all his troops
1	OT	OT eze 21:20	אִבְחַת־חָרֶב	a slaughter of a sword
1	OT	OT eze 23:3	מֹעֲכוּ	they were handled
1	OT	OT eze 23:18	נָקְעָה	it had been alienated
1	OT	OT eze 23:22	אֵת־אֲשֶׁר־נָקְעָה	that which it had been alienated
1	OT	OT eze 23:28	אֲשֶׁר־נָקְעָה	which it had been alienated
1	OT	OT eze 23:40	כָּחַלְתְּ	you painted
1	OT	OT eze 24:5	רַתַּח	make boil
1	OT	OT eze 24:5	רְתָחֶיהָ	its boiling
1	OT	OT eze 24:17	פְּאֵרְךָ	your turban
1	OT	OT eze 25:6	מַחְאֲךָ	you have clapped
1	OT	OT eze 26:4	וְסִחֵיתִי	and I will scrape away
1	OT	OT eze 27:18	צָחַר	white
1	OT	OT eze 27:24	וּבְגִנְזֵי	and for blankets of
1	OT	OT eze 27:24	בְּרֹמִים	variegated cloth
1	OT	OT eze 27:30	יִתְפַּלָּשׁוּ	they will roll
1	OT	OT eze 28:3	עֲמָמוּךָ	they can hide from you
1	OT	OT eze 28:24	מַמְאִיר	which pricks
1	OT	OT eze 30:2	הָהּ	alas!
1	OT	OT eze 30:21	חִתּוּל	a bandage
1	OT	OT eze 30:24	וְנָאַק	and he will groan
1	OT	OT eze 30:24	נַאֲקוֹת	the groans of
1	OT	OT eze 31:5	פֹארֹתָו	its branches
1	OT	OT eze 31:8	לֹא־עֲמָמֻהוּ	not they eclipsed it
1	OT	OT eze 32:2	וַתִּדְלַח־מַיִם	and you made turbid water
1	OT	OT eze 36:35	הַלֵּזוּ	the this
1	OT	OT eze 37:6	וְקָרַמְתִּי	and I will cover
1	OT	OT eze 37:8	וַיִּקְרַם	and it covered
1	OT	OT eze 38:6	וְכׇל־אֲגַפֶּיהָ	and all its troops
1	OT	OT eze 38:6	וְאֶת־כׇּל־אֲגַפָּיו	and all his troops
1	OT	OT eze 38:12	עַל־טַבּוּר	upon the center of
1	OT	OT eze 38:20	הַמַּדְרֵגוֹת	the steep places
1	OT	OT eze 38:22	וְעַל־אֲגַפָּיו	and upon his troops
1	OT	OT eze 39:2	וְשִׁשֵּׁאתִיךָ	and I will lead on you
1	OT	OT eze 39:11	וְחֹסֶמֶת	and will block the way of
1	OT	OT eze 39:13	לְשֵם	for a renown
1	OT	OT eze 40:22	וְתִימֹרָו	and its palm trees
1	OT	OT eze 40:26	עֹלוֹתָו	going up to it
1	OT	OT eze 41:16	וְהָאַתִּיקִים	and the galleries
1	OT	OT eze 41:26	וְהָעֻבִּים	and the thick planks
1	OT	OT eze 42:3	אַתִּיק	a gallery
1	OT	OT eze 42:5	אַתִּיקִים	galleries
1	OT	OT eze 42:12	הֲגִינָה	corresponding
1	OT	OT eze 44:18	בַּיָּזַע	with the sweat
1	OT	OT eze 44:20	כָּסוֹם	surely
1	OT	OT eze 44:20	יִכְסְמוּ	they will trim
1	OT	OT eze 44:30	עֲרִסוֹתֵיכֶם	your dough
1	OT	OT eze 47:11	וּגְבָאָיו	and its marshes
1	OT	OT eze 47:12	לִתְרוּפָה	for healing
1	OT	OT ezr 1:9	אֲגַרְטְלֵי	basins of
1	OT	OT ezr 1:9	אֲגַרְטְלֵי־כֶסֶף	basins of silver
1	OT	OT ezr 8:27	מֻצְהָב	gleaming
1	OT	OT ezr 9:1	כְּתֹעֲבֹתֵיהֶם	according to their abominations
1	OT	OT gen 6:3	בְּשַׁגַּם	for indeed
1	OT	OT gen 15:10	וַיְבַתֵּר	and he cut in pieces
1	OT	OT gen 15:10	בָתָר	he cut in two
1	OT	OT gen 18:6	לוּשִׁי	knead it
1	OT	OT gen 20:12	וְגַם־אׇמְנָה	and also surely
1	OT	OT gen 21:15	מִן־הַחֵמֶת	from the skin
1	OT	OT gen 21:19	אֶת־הַחֵמֶת	the skin
1	OT	OT gen 21:23	וּלְנִינִי	and to my posterity
1	OT	OT gen 21:23	וּלְנֶכְדִּי	and to my progeny
1	OT	OT gen 21:33	אֶשֶׁל	a tamarisk tree
1	OT	OT gen 24:17	הַגְמִיאִינִי	give to drink me
1	OT	OT gen 24:32	וּמִסְפּוֹא	and fodder
1	OT	OT gen 24:65	הַצָּעִיף	the veil
1	OT	OT gen 25:30	הַלְעִיטֵנִי	let swallow me
1	OT	OT gen 27:12	כִּמְתַעְתֵּעַ	as a deceiver
1	OT	OT gen 29:30	גַּם־אֶת־רָחֵל	also Rachel
1	OT	OT gen 30:20	זְבָדַנִי	has endowed me
1	OT	OT gen 30:33	וְחוּם	and dark
1	OT	OT gen 30:37	וַיְפַצֵּל	and he stripped
1	OT	OT gen 30:37	פְּצָלוֹת	strips
1	OT	OT gen 30:38	פִּצֵּל	he had stripped
1	OT	OT gen 30:38	וַיֵּחַמְנָה	and they mated
1	OT	OT gen 30:39	וַיֶּחֱמוּ	and they mated
1	OT	OT gen 30:41	בְּכׇל־יַחֵם	in all the being in heat of
1	OT	OT gen 30:41	לְיַחְמֵנָּה	that they might conceive
1	OT	OT gen 31:10	יַחֵם	the being in heat of
1	OT	OT gen 33:7	גַּם־לֵאָה	also Leah
1	OT	OT gen 38:14	בַּצָּעִיף	with the veil
1	OT	OT gen 38:19	צְעִיפָהּ	her veil
1	OT	OT gen 41:19	כָהֵנָּה	like them
1	OT	OT gen 41:23	צְנֻמוֹת	withered
1	OT	OT gen 41:42	רְבִד	the chain of
1	OT	OT gen 41:43	אַבְרֵךְ	bend the knee
1	OT	OT gen 41:47	לִקְמָצִים	by handfuls
1	OT	OT gen 47:13	וַתֵּלַהּ	and fainted
1	OT	OT gen 47:23	הֵא־לָכֶם	here is for you
1	OT	OT gen 49:10	יִקְּהַת	the obedience of
1	OT	OT gen 49:12	חַכְלִילִי	reddened are
1	OT	OT gen 49:17	שְׁפִיפֹן	a viper
1	OT	OT gen 49:19	יָגֻד	shall overcome
1	OT	OT gen 50:3	הַחֲנֻטִים	the embalming
1	OT	OT gen 50:9	גַּם־רֶכֶב	also chariotry
1	OT	OT hab 1:4	מְעֻקָּל	perverted
1	OT	OT hab 1:8	וְחַדּוּ	and they are keen
1	OT	OT hab 1:8	וּפָשׁוּ	and shall spread themselves
1	OT	OT hab 1:9	מְגַמַּת	the sup up of
1	OT	OT hab 2:11	וְכָפִיס	and a rafter
1	OT	OT hab 3:6	וַיְמֹדֶד	and measured
1	OT	OT hab 3:17	וּשְׁדֵמוֹת	and fields
1	OT	OT hos 2:14	אֶתְנָה	my rewards
1	OT	OT hos 3:1	אֲשִׁישֵׁי	cakes of
1	OT	OT hos 3:2	וְלֵתֶךְ	and a half homer of
1	OT	OT hos 5:13	וְלֹא־יִגְהֶה	and not it will depart
1	OT	OT hos 7:4	מִלּוּשׁ	from kneading
1	OT	OT hos 8:6	כִּי־שְׁבָבִים	because in pieces
1	OT	OT hos 8:9	הִתְנוּ	hath hired
1	OT	OT hos 8:10	כִּי־יִתְנוּ	because they will hire
1	OT	OT hos 9:14	צֹמְקִים	which dry up
1	OT	OT hos 11:7	תְלוּאִים	are bent
1	OT	OT hos 13:1	רְתֵת	trembling
1	OT	OT hos 13:5	תַּלְאֻבוֹת	great drought
1	OT	OT hos 13:14	קׇטׇבְךָ	your destruction
1	OT	OT isa 1:14	לָטֹרַח	a-trouble
1	OT	OT isa 6:6	וַיָּעׇף	then-flew
1	OT	OT isa 9:4	כׇל־סְאוֹן	every-boot-of
1	OT	OT isa 9:4	סֹאֵן	the-stormy-warrior
1	OT	OT isa 16:7	לַאֲשִׁישֵׁי	for-the-foundations-of
1	OT	OT isa 16:7	אַךְ־נְכָאִים	surely-they-are-stricken
1	OT	OT isa 16:8	שַׁדְמוֹת	the-fields-of
1	OT	OT isa 17:4	יֵרָזֶה	shall-become-lean
1	OT	OT isa 18:2	אֲשֶׁר־בָּזְאוּ	whose-have-divided
1	OT	OT isa 18:5	וּבֹסֶר	and-the-young-grape
1	OT	OT isa 18:5	הֵתַז	and-cut-down
1	OT	OT isa 18:7	בָּזְאוּ	have-divided
1	OT	OT isa 19:5	וְנִשְּׁתוּ־מַיִם	and-the-waters-shall-fail
1	OT	OT isa 19:6	קָמֵלוּ	shall-wither
1	OT	OT isa 21:12	וְגַם־לָיְלָה	and-also-night
1	OT	OT isa 21:12	אִם־תִּבְעָיוּן	if-you-will-inquire
1	OT	OT isa 21:12	בְּעָיוּ	inquire
1	OT	OT isa 22:24	הָאַגָּנוֹת	cups
1	OT	OT isa 23:10	מֵזַח	wharf
1	OT	OT isa 24:1	וּבוֹלְקָהּ	and-makes-it-waste
1	OT	OT isa 24:3	תִּבֹּז	shall-be-spoiled
1	OT	OT isa 26:9	אִוִּיתִךָ	have-I-desired-You
1	OT	OT isa 26:20	חֲבִי	hide-yourself
1	OT	OT isa 27:1	עֲקַלָּתוֹן	crooked
1	OT	OT isa 27:8	בְּסַאסְּאָה	by-measure
1	OT	OT isa 27:12	יַחְבֹּט	shall-beat-out
1	OT	OT isa 28:2	קָטֶב	destruction
1	OT	OT isa 28:17	וְיָעָה	and-shall-sweep-away
1	OT	OT isa 28:20	מֵהִשְׂתָּרֵעַ	for-a-man-to-stretch-himself
1	OT	OT isa 28:25	נִסְמָן	in-the-marked-spot
1	OT	OT isa 28:25	וְכֻסֶּמֶת	and-spelt
1	OT	OT isa 28:27	עַל־כַּמֹּן	upon-the-cumin
1	OT	OT isa 28:27	יֵחָבֶט	is-beaten-out
1	OT	OT isa 30:6	וָלַיִשׁ	and-old-lion
1	OT	OT isa 30:13	נִבְעֶה	bulging-out
1	OT	OT isa 30:14	מִגֶּבֶא	out-of-the-cistern
1	OT	OT isa 32:4	עִלְּגִים	the-stammerers
1	OT	OT isa 33:1	כַּנְּלֹתְךָ	when-you-shall-make-an-end
1	OT	OT isa 33:9	קָמַל	and-withers
1	OT	OT isa 33:11	חֲשַׁשׁ	chaff
1	OT	OT isa 33:12	שִׂיד	lime
1	OT	OT isa 33:12	כְּסוּחִים	cut-down
1	OT	OT isa 33:19	נוֹעָז	fierce
1	OT	OT isa 34:11	קָאַת	the-cormorant
1	OT	OT isa 34:11	וְקִפּוֹד	and-the-bittern
1	OT	OT isa 34:15	קִפּוֹז	the-great-owl
1	OT	OT isa 34:15	וְדָגְרָה	and-brood
1	OT	OT isa 35:7	הַשָּׁרָב	the-parched-ground
1	OT	OT isa 35:7	וָגֹמֶא	and-rushes
1	OT	OT isa 37:27	וּשְׁדֵמָה	and-as-corn-blasted
1	OT	OT isa 38:12	קִפַּדְתִּי	I-have-rolled-up
1	OT	OT isa 38:14	עָגוּר	or-a-crane
1	OT	OT isa 38:15	אֶדַּדֶּה	I-shall-walk-softly
1	OT	OT isa 38:21	וְיִמְרְחוּ	and-lay-it-for-a-plaster
1	OT	OT isa 40:19	וּרְתֻקוֹת	chains-of
1	OT	OT isa 40:22	עַל־חוּג	upon-the-circle-of
1	OT	OT isa 41:17	נָשָׁתָּה	is-parched
1	OT	OT isa 42:11	יִצְוָחוּ	let-them-shout
1	OT	OT isa 42:13	אַף־יַצְרִיחַ	indeed-roar
1	OT	OT isa 44:8	וְאַל־תִּרְהוּ	neither-be-afraid
1	OT	OT isa 44:12	מַעֲצָד	makes-an-axe
1	OT	OT isa 44:12	בַּפֶּחָם	in-the-coals
1	OT	OT isa 44:13	וּבַמְּחוּגָה	and-with-the-compass
1	OT	OT isa 44:16	יִצְלֶה	he-roasts
1	OT	OT isa 44:19	אֶצְלֶה	I-have-roasted
1	OT	OT isa 44:19	אֶסְגּוֹד	shall-I-fall-down
1	OT	OT isa 44:25	יְסַכֵּל	makes-foolish
1	OT	OT isa 45:1	לְרַד־לְפָנָיו	that-I-may-subdue-before-him
1	OT	OT isa 45:8	הַרְעִיפוּ	shower
1	OT	OT isa 46:6	יִסְגְּדוּ	they-fall-down
1	OT	OT isa 46:8	וְהִתְאֹשָׁשׁוּ	and-show-yourselves-men
1	OT	OT isa 48:9	אֶחֱטׇם־לָךְ	will-I-refrain-for-you
1	OT	OT isa 55:13	הַנַּעֲצוּץ	the-thorn
1	OT	OT isa 56:10	הֹזִים	dreaming
1	OT	OT isa 57:9	צִרַיִךְ	your-messengers
1	OT	OT isa 57:20	רֶפֶשׁ	mire
1	OT	OT isa 59:10	נְגַשְׁשָׁה	we-grope-for
1	OT	OT isa 59:10	נְגַשֵּׁשָׁה	we-grope
1	OT	OT isa 61:6	תִּתְיַמָּרוּ	you-shall-gain-grandeur
1	OT	OT isa 61:10	יְעָטָנִי	he-has-covered-me
1	OT	OT isa 63:17	תַּקְשִׁיחַ	and-hardened
1	OT	OT isa 64:1	תִּבְעֶה־אֵשׁ	makes-to-boil-fire
1	OT	OT isa 64:5	עִדִּים	filthiness
1	OT	OT isa 65:4	פִּגֻּלִים	abominable-things
1	OT	OT isa 66:8	גַּם־יָלְדָה	she-brought-forth
1	OT	OT isa 66:11	תָּמֹצּוּ	you-may-drink-deeply
1	OT	OT isa 66:20	וּבַצַּבִּים	and-in-litters
1	OT	OT isa 66:21	וְגַם־מֵהֶם	and-also-of-them
1	OT	OT isa 66:24	דֵרָאוֹן	an-abhorrence
1	OT	OT jdg 2:18	מִנַּאֲקָתָם	from their groaning
1	OT	OT jdg 3:9	וַיֹּשִׁיעֵם	and he saved them
1	OT	OT jdg 3:16	גֹּמֶד	was a cubit
1	OT	OT jdg 5:10	צְחֹרוֹת	white
1	OT	OT jdg 5:11	יְתַנּוּ	they will recount
1	OT	OT jdg 5:22	מִדַּהֲרוֹת	from the galloping
1	OT	OT jdg 5:22	דַּהֲרוֹת	the galloping of
1	OT	OT jdg 5:26	מָחֲקָה	she shattered
1	OT	OT jdg 5:28	וַתְּיַבֵּב	and she lamented
1	OT	OT jdg 5:28	הָאֶשְׁנָב	the lattice
1	OT	OT jdg 6:11	חֹבֵט	was beating out
1	OT	OT jdg 8:21	אֶת־הַשַּׂהֲרֹנִים	the ornaments
1	OT	OT jdg 8:26	מִן־הַשַּׂהֲרֹנִים	from the ornaments
1	OT	OT jdg 9:14	אֶל־הָאָטָד	to the bramble
1	OT	OT jdg 9:15	מִן־הָאָטָד	from the bramble
1	OT	OT jdg 9:37	טַבּוּר	the center of
1	OT	OT jdg 9:46	אֶל־צְרִיחַ	to the hold of
1	OT	OT jdg 9:49	עַל־הַצְּרִיחַ	upon the hold
1	OT	OT jdg 9:49	אֶת־הַצְּרִיחַ	the hold
1	OT	OT jdg 10:8	וַיִּרְעֲצוּ	and they shattered
1	OT	OT jdg 14:12	אָחוּדָה־נָּא	let me ask a riddle now
1	OT	OT jdg 14:13	חוּדָה	ask the riddle
1	OT	OT jdg 14:16	חַדְתָּ	you have asked the riddle
1	OT	OT jdg 15:5	מִגָּדִישׁ	from the heap of sheaves
1	OT	OT jdg 15:19	אֶת־הַמַּכְתֵּשׁ	the deep hollow
1	OT	OT jdg 16:16	וַתְּאַלְצֵהוּ	and she urged him
1	OT	OT jer 2:11	הַהֵימִיר	has it exchanged
1	OT	OT jer 2:16	גַּם־בְּנֵי־נֹף	also sons of Noph
1	OT	OT jer 2:25	מִיָּחֵף	from barefoot
1	OT	OT jer 4:31	תִּתְיַפֵּחַ	she is gasping for breath
1	OT	OT jer 5:17	יְרֹשֵׁשׁ	it will shatter
1	OT	OT jer 5:24	שְׁבֻעֹת	the weeks of
1	OT	OT jer 6:26	וְהִתְפַּלְּשִׁי	and roll
1	OT	OT jer 7:18	לָשׁוֹת	are kneading
1	OT	OT jer 7:29	גׇּזִּי	shear
1	OT	OT jer 8:7	וְעָגוּר	and a crane
1	OT	OT jer 8:16	נַחְרַת	the snorting of
1	OT	OT jer 8:18	מַבְלִיגִיתִי	my cheerfulness
1	OT	OT jer 10:3	בַּמַּעֲצָד	with the ax
1	OT	OT jer 11:16	הֲמוּלָּה	a tumult
1	OT	OT jer 13:4	בִּנְקִיק	in the cleft of
1	OT	OT jer 14:2	וְצִוְחַת	and the cry of
1	OT	OT jer 14:5	גַם־אַיֶּלֶת	also the hind
1	OT	OT jer 16:5	מַרְזֵחַ	mourning
1	OT	OT jer 16:16	וּמִנְּקִיקֵי	and from the clefts of
1	OT	OT jer 17:11	דָגַר	sits on eggs
1	OT	OT jer 17:18	שׇׁבְרֵם	destroy them
1	OT	OT jer 22:18	הֹדֹה	his glory
1	OT	OT jer 23:9	רָחֲפוּ	shake
1	OT	OT jer 25:27	וּקְיוּ	and vomit
1	OT	OT jer 25:34	וְהִתְפַּלְּשׁוּ	and roll yourselves in dust
1	OT	OT jer 29:26	וְאֶל־הַצִּינֹק	and in the collar
1	OT	OT jer 31:18	הֲשִׁבֵנִי	turn me back
1	OT	OT jer 31:22	תִּתְחַמָּקִין	will you turn about
1	OT	OT jer 31:30	הַבֹּסֶר	the sour grapes
1	OT	OT jer 33:26	גַּם־זֶרַע	also seed
1	OT	OT jer 34:18	בְּתָרָיו	its pieces
1	OT	OT jer 34:19	בִּתְרֵי	the pieces of
1	OT	OT jer 38:22	בַבֹּץ	in the mire
1	OT	OT jer 39:10	וִיגֵבִים	and fields
1	OT	OT jer 46:12	וְצִוְחָתֵךְ	and your outcry
1	OT	OT jer 46:15	נִסְחַף	are swept away
1	OT	OT jer 47:3	שַׁעֲטַת	the stamping of
1	OT	OT jer 48:9	נָצֹא	surely
1	OT	OT jer 48:34	גַּם־מֵי	also the waters of
1	OT	OT jer 49:10	וְנֶחְבָּה	and he hid himself
1	OT	OT jer 49:24	וְרֶטֶט	and panic
1	OT	OT jer 51:30	נָשְׁתָה	has failed
1	OT	OT jer 51:34	כְרֵשׂוֹ	his belly
1	OT	OT job 1:4	אַחְיֹתֵיהֶם	their sisters
1	OT	OT job 2:8	לְהִתְגָּרֵד	to scrape himself
1	OT	OT job 4:10	נִתָּעוּ	are broken
1	OT	OT job 4:12	שֵׁמֶץ	a whisper
1	OT	OT job 5:22	וּלְכָפָן	and to famine
1	OT	OT job 5:26	בְכֶלַח	in a full age
1	OT	OT job 6:3	לָעוּ	are swallowed up
1	OT	OT job 6:5	הֲיִנְהַק־פֶּרֶא	does the wild ass bray
1	OT	OT job 6:5	יִגְעֶה־שּׁוֹר	does it low an ox
1	OT	OT job 6:6	בְּרִיר	in the white of
1	OT	OT job 6:10	וַאֲסַלְּדָה	and I would harden myself
1	OT	OT job 6:25	מַה־נִּמְרְצוּ	how forcible are
1	OT	OT job 7:15	מַחֲנָק	strangling
1	OT	OT job 8:11	בִצָּה	mire
1	OT	OT job 8:16	רָטֹב	he is green
1	OT	OT job 9:12	יַחְתֹּף	he takes away
1	OT	OT job 9:26	יָטוּשׂ	that hastens
1	OT	OT job 10:10	וְכַגְּבִנָּה	and like the cheese
1	OT	OT job 10:10	תַּקְפִּיאֵנִי	curdled me
1	OT	OT job 10:11	תְּשֹׂכְכֵנִי	you have fenced me
1	OT	OT job 10:22	עֵפָתָה	of darkness
1	OT	OT job 12:12	בִּישִׁישִׁים	with the ancient
1	OT	OT job 12:21	וּמְזִיחַ	and the strength of
1	OT	OT job 13:4	טֹפְלֵי־שָׁקֶר	forgers of lies
1	OT	OT job 13:16	גַּם־הוּא־לִי	he also shall be to me
1	OT	OT job 13:27	תִּתְחַקֶּה	you set a print
1	OT	OT job 14:17	וַתִּטְפֹּל	and you sew up
1	OT	OT job 15:10	גַּם־יָשִׁישׁ	also the aged
1	OT	OT job 15:12	וּמַה־יִּרְזְמוּן	and what do wink at
1	OT	OT job 15:16	וְנֶאֱלָח	and one who is corrupt
1	OT	OT job 15:24	לַכִּידוֹר	for the battle
1	OT	OT job 15:27	פִּימָה	collops of fat
1	OT	OT job 15:29	מִנְלָם	the perfection thereof
1	OT	OT job 15:33	בִּסְרוֹ	his unripe grapes
1	OT	OT job 16:3	מַה־יַּמְרִיצְךָ	what emboldens you
1	OT	OT job 16:8	וַתִּקְמְטֵנִי	and you have filled me with wrinkles
1	OT	OT job 16:11	יִרְטֵנִי	turned me over
1	OT	OT job 16:15	תָּפַרְתִּי	I have sewed
1	OT	OT job 16:15	גִלְדִּי	my skin
1	OT	OT job 17:1	נִזְעָכוּ	are extinct
1	OT	OT job 17:13	רִפַּדְתִּי	I have spread out
1	OT	OT job 18:2	קִנְצֵי	an end
1	OT	OT job 18:3	נִטְמִינוּ	and reputed vile
1	OT	OT job 18:5	שְׁבִיב	the spark of
1	OT	OT job 18:19	לֹא־נִין	neither son
1	OT	OT job 18:19	וְלֹא־נֶכֶד	nor nephew
1	OT	OT job 19:3	תַּהְכְּרוּ־לִי	you make yourselves strange to me
1	OT	OT job 19:4	מְשׁוּגָתִי	my error
1	OT	OT job 20:18	יַעֲלֹס	shall he rejoice
1	OT	OT job 21:24	עֲטִינָיו	his breasts
1	OT	OT job 21:32	וְעַל־גָּדִישׁ	and upon the tomb
1	OT	OT job 21:33	רִגְבֵי־נָחַל	the clods of a wadi
1	OT	OT job 22:14	וְחוּג	and the circle of
1	OT	OT job 22:16	אֲשֶׁר־קֻמְּטוּ	which were cut down
1	OT	OT job 24:8	יִרְטָבוּ	they are wet
1	OT	OT job 24:12	יִנְאָקוּ	they groan
1	OT	OT job 24:19	גַם־חֹם	also heat
1	OT	OT job 24:24	וְהֻמְּכוּ	and they are brought low
1	OT	OT job 26:11	יְרוֹפָפוּ	tremble
1	OT	OT job 26:14	וּמַה־שֵּׁמֶץ	but how little a portion
1	OT	OT job 27:14	לְמוֹ־חָרֶב	for a sword
1	OT	OT job 28:9	בַּחַלָּמִישׁ	on the flint
1	OT	OT job 28:16	לֹא־תְסֻלֶּה	it cannot be valued
1	OT	OT job 28:18	וְגָבִישׁ	and crystal
1	OT	OT job 28:19	תְסֻלֶּה	shall it be valued
1	OT	OT job 29:4	חׇרְפִּי	my youth
1	OT	OT job 29:8	וִישִׁישִׁים	and old men
1	OT	OT job 29:21	לְמוֹ	at
1	OT	OT job 30:3	וּבְכָפָן	and famine
1	OT	OT job 30:3	הַעֹרְקִים	fleeing into
1	OT	OT job 30:7	יִנְהָקוּ	they bray
1	OT	OT job 30:8	נִכְּאוּ	they were viler
1	OT	OT job 30:13	נָתְסוּ	they mar
1	OT	OT job 30:17	וְעֹרְקַי	and my sinews
1	OT	OT job 30:24	אִם־בְּפִידוֹ	though in his destruction
1	OT	OT job 30:25	עָגְמָה	was grieved
1	OT	OT job 30:27	רֻתְּחוּ	boiled
1	OT	OT job 31:29	בְּפִיד	in the disaster of
1	OT	OT job 31:36	אֶעֶנְדֶנּוּ	and bind it
1	OT	OT job 31:40	בׇאְשָׁה	cockle
1	OT	OT job 32:6	יְשִׁישִׁים	are very old
1	OT	OT job 32:6	זָחַלְתִּי	I was afraid
1	OT	OT job 33:7	וְאַכְפִּי	neither my hand
1	OT	OT job 33:20	וְזִהֲמַתּוּ	so that abhors
1	OT	OT job 33:24	פְּדָעֵהוּ	deliver him
1	OT	OT job 33:25	רֻטְפַשׁ	shall be fresher
1	OT	OT job 37:11	יַטְרִיחַ	He lades
1	OT	OT job 37:12	בְּתַחְבּוּלֹתָו	by His guidance
1	OT	OT job 37:15	וְהֹפִיעַ	and causes to shine
1	OT	OT job 38:9	חֲתֻלָּתוֹ	its swaddling band
1	OT	OT job 38:28	אֶגְלֵי־טָל	the drops of dew
1	OT	OT job 38:31	מַעֲדַנּוֹת	the chains of
1	OT	OT job 38:38	וּרְגָבִים	and the clods
1	OT	OT job 38:40	לְמוֹ־אָרֶב	for a lair
1	OT	OT job 39:10	בְּתֶלֶם	in a furrow
1	OT	OT job 39:13	נֶעֱלָסָה	beats joyously
1	OT	OT job 39:16	הִקְשִׁיחַ	she is hardened against
1	OT	OT job 39:20	נַחְרוֹ	his snorting
1	OT	OT job 39:23	תִּרְנֶה	rattles
1	OT	OT job 39:24	יְגַמֶּא־אָרֶץ	he swallows the ground
1	OT	OT job 39:30	יְעַלְעוּ־דָם	suck up blood
1	OT	OT job 40:4	לְמוֹ־פִי	upon my mouth
1	OT	OT job 40:12	וַהֲדֹךְ	and tread down
1	OT	OT job 40:18	כִּמְטִיל	like bars of
1	OT	OT job 40:21	וּבִצָּה	and fens
1	OT	OT job 40:22	צֶאֱלִים	the lotus-trees
1	OT	OT job 40:26	תִּקֹּב	or bore
1	OT	OT job 41:10	עֲטִישֹׁתָיו	his sneezings
1	OT	OT job 41:12	מִנְּחִירָיו	out of his nostrils
1	OT	OT job 41:14	תָּדוּץ	dances
1	OT	OT job 41:22	חַדּוּדֵי	sharpest
1	OT	OT job 41:22	יִרְפַּד	he spreads
1	OT	OT job 41:23	יַרְתִּיחַ	he makes to boil
1	OT	OT joe 1:12	גַּם־תָּמָר	also the palm tree
1	OT	OT joe 1:17	עָבְשׁוּ	is rotten
1	OT	OT joe 2:20	צַחֲנָתוֹ	its foul smell
1	OT	OT joe 2:25	וְהַגָּזָם	and the palmerworm
1	OT	OT joe 4:10	אִתֵּיכֶם	your plowshares
1	OT	OT joe 4:11	עוּשׁוּ	hurry
1	OT	OT jos 2:16	וְנַחְבֵּתֶם	and you will hide yourselves
1	OT	OT jos 8:11	בֵּינָו	between it
1	OT	OT jos 10:40	וְהָאֲשֵׁדוֹת	and the springs
1	OT	OT jos 12:8	וּבָאֲשֵׁדוֹת	and in the springs
1	OT	OT jos 13:30	וְכׇל־חַוֺּת	and all Havvoth
1	OT	OT jos 14:8	הִמְסִיו	they melted
1	OT	OT jos 16:3	תֹצְאֹתָו	its extremities
1	OT	OT jos 21:10	רִאישֹׁנָה	first
1	OT	OT lam 2:1	יָעִיב	he covers with a cloud
1	OT	OT lam 2:7	נִאֵר	he has repudiated
1	OT	OT lam 3:11	וַיְפַשְּׁחֵנִי	and he has torn in pieces me
1	OT	OT lam 3:16	וַיַּגְרֵס	and he has broken
1	OT	OT lam 3:16	הִכְפִּישַׁנִי	he has made cower me
1	OT	OT lam 4:1	יוּעַם	it is dimmed
1	OT	OT lam 4:2	הַמְסֻלָּאִים	who were weighed
1	OT	OT lam 4:8	צָפַד	it has shriveled
1	OT	OT lam 4:21	גַּם־עָלַיִךְ	also upon you
1	OT	OT lam 5:10	זַלְעֲפוֹת	the burning heat of
1	OT	OT lev 2:7	מַרְחֶשֶׁת	a baking pan
1	OT	OT lev 5:22	בָהֵנָּה	by them
1	OT	OT lev 6:8	בְּקֻמְצוֹ	in his handful
1	OT	OT lev 7:9	בַמַּרְחֶשֶׁת	in the baking pan
1	OT	OT lev 10:6	לֹא־תִפְרֹמוּ	not you shall tear
1	OT	OT lev 11:18	וְאֶת־הַקָּאָת	and the desert owl
1	OT	OT lev 11:22	וְאֶת־הַחַרְגֹּל	and the locust
1	OT	OT lev 11:30	וְהַלְּטָאָה	and the wall lizard
1	OT	OT lev 11:30	וְהַחֹמֶט	and the skink
1	OT	OT lev 13:4	וּשְׂעָרָהֿ	and hair
1	OT	OT lev 13:36	הַצָּהֹב	the yellow
1	OT	OT lev 13:39	בֹּהַק	a harmless rash
1	OT	OT lev 13:41	גִּבֵּחַ	bald in front
1	OT	OT lev 13:42	בַגַּבַּחַת	on the bald forehead
1	OT	OT lev 13:45	פְרֻמִים	torn
1	OT	OT lev 16:12	חׇפְנָיו	his handfuls
1	OT	OT lev 19:28	וְשֶׂרֶט	and a cut
1	OT	OT lev 19:28	קַעֲקַע	an incision
1	OT	OT lev 20:6	לִזְנֹת	to go a whoring
1	OT	OT lev 21:5	יִשְׂרְטוּ	they will cut
1	OT	OT lev 21:5	שָׂרָטֶת	cuts
1	OT	OT lev 21:10	יִפְרֹם	he will tear
1	OT	OT lev 22:24	וּמָעוּךְ	and one which is squashed
1	OT	OT lev 26:16	אֶת־הַשַּׁחֶפֶת	the consumption
1	OT	OT lev 26:16	וּמְדִיבֹת	and which make pine away
1	OT	OT mal 1:4	רֻשַּׁשְׁנוּ	we have been shattered
1	OT	OT mal 1:10	גַם־בָּכֶם	also in you
1	OT	OT mal 3:20	וּפִשְׁתֶּם	and you shall grow up
1	OT	OT mic 1:13	רְתֹם	harness
1	OT	OT mic 2:10	נִמְרָץ	grievous
1	OT	OT mic 6:14	וְיֶשְׁחֲךָ	and your casting down
1	OT	OT mic 7:3	בַּשִּׁלּוּם	for a reward
1	OT	OT mic 7:4	כְּחֵדֶק	is like a thorn bush
1	OT	OT mic 7:17	כְּזֹחֲלֵי	like things which crawl of
1	OT	OT nah 1:12	נָגוֹזּוּ	they shall be cut down
1	OT	OT nah 2:11	בּוּקָה	emptiness
1	OT	OT nah 2:11	וּמְבוּקָה	and emptiness
1	OT	OT nah 2:11	וּמְבֻלָּקָה	and devastation
1	OT	OT nah 2:13	וּמְחַנֵּק	and was strangling
1	OT	OT nah 3:2	דֹּהֵר	pransing
1	OT	OT nah 3:10	רֻתְּקוּ	they were bound
1	OT	OT nah 3:18	נָפֹשׁוּ	they are scattered
1	OT	OT neh 2:6	וְהַשֵּׁגַל	and the queen consort
1	OT	OT neh 5:13	גַּם־חׇצְנִי	also my bosom
1	OT	OT neh 6:8	בוֹדָאם	are inventing them
1	OT	OT neh 9:21	בָצֵקוּ	they became swollen
1	OT	OT neh 10:38	עֲרִיסֹתֵינוּ	our dough
1	OT	OT num 5:12	כִּי־תִשְׂטֶה	if she will stray
1	OT	OT num 5:29	תִּשְׂטֶה	she will stray
1	OT	OT num 7:3	צָב	covered
1	OT	OT num 11:5	אֵת־הַקִּשֻּׁאִים	the cucumbers
1	OT	OT num 11:5	וְאֶת־הַבְּצָלִים	and the onions
1	OT	OT num 11:8	דָכוּ	they pounded
1	OT	OT num 11:8	לְשַׁד	the moist part of
1	OT	OT num 13:20	אִם־רָזָה	if lean
1	OT	OT num 15:20	עֲרִסֹתֵכֶם	your dough
1	OT	OT num 15:21	עֲרִסֹתֵיכֶם	your dough
1	OT	OT num 21:7	וָבָךְ	and against you
1	OT	OT num 21:15	וְאֶשֶׁד	and the slope of
1	OT	OT num 22:32	כִּי־יָרַט	because it is precipitate
1	OT	OT num 24:25	וְגַם־בָּלָק	and also Balak
1	OT	OT num 25:4	וְהוֹקַע	and impale
1	OT	OT num 25:8	אֶל־קֳבָתָהּ	to her belly
1	OT	OT num 35:20	בִּצְדִיָּה	with lying in wait
1	OT	OT num 35:22	צְדִיָּה	lying in wait
1	OT	OT oba 1:6	נִבְעוּ	are sought up
1	OT	OT oba 1:16	וְלָעוּ	and they will swallow
1	OT	OT pro 2:22	יִסְּחוּ	they will be torn away
1	OT	OT pro 3:20	יִרְעֲפוּ־טָל	they drip dew
1	OT	OT pro 6:3	הִתְרַפֵּס	humble yourself
1	OT	OT pro 6:21	עׇנְדֵם	tie them
1	OT	OT pro 7:6	אֶשְׁנַבִּי	my lattice
1	OT	OT pro 7:16	רָבַדְתִּי	I have spread
1	OT	OT pro 7:18	נִתְעַלְּסָה	let us delight ourselves
1	OT	OT pro 7:22	וּכְעֶכֶס	and as fetters
1	OT	OT pro 7:25	אַל־יֵשְׂטְ	let it not decline
1	OT	OT pro 8:27	חוּג	a circle
1	OT	OT pro 9:3	עַל־גַּפֵּי	upon the elevations of
1	OT	OT pro 12:27	לֹא־יַחֲרֹךְ	does not roast
1	OT	OT pro 13:3	פֹּשֵׂק	one who opens
1	OT	OT pro 14:10	מׇרַּת	the bitterness of
1	OT	OT pro 15:19	חָדֶק	thorns
1	OT	OT pro 15:25	יִסַּח	tears down
1	OT	OT pro 16:26	כִּי־אָכַף	for craves
1	OT	OT pro 17:14	הִתְגַּלַּע	it has broken out
1	OT	OT pro 17:22	גֵּהָה	like a medicine
1	OT	OT pro 19:13	וְדֶלֶף	and are a dripping
1	OT	OT pro 21:8	וָזָר	and strange
1	OT	OT pro 21:14	יִכְפֶּה־אָף	it subdues anger
1	OT	OT pro 23:3	אַל־תִּתְאָו	be not desirous of
1	OT	OT pro 23:28	כְּחֶתֶף	as for a prey
1	OT	OT pro 23:29	אֲבוֹי	woe!
1	OT	OT pro 23:29	חַכְלִלוּת	redness of
1	OT	OT pro 24:22	וּפִיד	and the ruin of
1	OT	OT pro 24:31	קִמְּשֹׂנִים	thorns
1	OT	OT pro 24:31	חֲרֻלִּים	nettles
1	OT	OT pro 26:3	מֶתֶג	a bridle
1	OT	OT pro 26:18	כְּמִתְלַהְלֵהַּ	like a madman
1	OT	OT pro 26:20	יִשְׁתֹּק	ceases
1	OT	OT pro 26:28	דַכָּיו	those afflicted by it
1	OT	OT pro 27:15	דֶּלֶף	a dripping
1	OT	OT pro 27:22	בַּמַּכְתֵּשׁ	in the mortar
1	OT	OT pro 27:22	הָרִיפוֹת	the grain
1	OT	OT pro 28:3	סֹחֵף	sweeping
1	OT	OT pro 29:13	תְּכָכִים	the deceitful man
1	OT	OT pro 29:21	מְפַנֵּק	one who pampers
1	OT	OT pro 30:4	בְּחׇפְנָיו	in his hands
1	OT	OT pro 30:15	לַעֲלוּקָה	to a leech
1	OT	OT pro 30:25	הַנְּמָלִים	the ants
1	OT	OT pro 30:33	מִיץ	squeezing of
1	OT	OT pro 30:33	וּמִיץ־אַף	and the wringing of the nose
1	OT	OT pro 30:33	וּמִיץ	and squeezing of
1	OT	OT psa 5:2	הֲגִיגִי	my meditation
1	OT	OT psa 5:10	גְּרֹנָם	their throat
1	OT	OT psa 9:10	לַדָּךְ	for the oppressed
1	OT	OT psa 9:17	נוֹקֵשׁ	is snared
1	OT	OT psa 10:7	וָתֹךְ	and fraud
1	OT	OT psa 10:8	לְחֵלְכָה	on the helpless
1	OT	OT psa 10:14	חֵלֵכָה	the helpless
1	OT	OT psa 10:18	וָדָךְ	and the oppressed
1	OT	OT psa 11:6	זִלְעָפוֹת	scorching wind
1	OT	OT psa 18:46	וְיַחְרְגוּ	and shall come trembling
1	OT	OT psa 22:15	כַּדּוֹנָג	like the wax
1	OT	OT psa 22:20	אֱיָלוּתִי	O my strength
1	OT	OT psa 27:12	וִיפֵחַ	and such as breathe out
1	OT	OT psa 31:21	מֵרֻכְסֵי־אִישׁ	from the plots of men
1	OT	OT psa 32:7	רׇנֵּי	with songs of
1	OT	OT psa 32:9	בְּמֶתֶג־וָרֶסֶן	with bridle and halter
1	OT	OT psa 32:9	לִבְלוֹם	must be held in
1	OT	OT psa 35:6	וַחֲלַקְלַקֹּת	and slippery
1	OT	OT psa 38:13	וַיְנַקְשׁוּ	and they lay snares
1	OT	OT psa 39:2	מַחְסוֹם	a muzzle
1	OT	OT psa 39:4	בַּהֲגִיגִי	while I mused
1	OT	OT psa 39:12	וַתֶּמֶס	and You make to consume away
1	OT	OT psa 40:13	אָפְפוּ־עָלַי	have compassed me about
1	OT	OT psa 42:5	אֶדַּדֵּם	leading them in procession
1	OT	OT psa 42:8	צִנּוֹרֶיךָ	Your cataracts
1	OT	OT psa 45:2	רָחַשׁ	overflows
1	OT	OT psa 45:10	שֵׁגַל	the queen
1	OT	OT psa 48:14	פַּסְּגוּ	consider
1	OT	OT psa 49:3	גַּם־בְּנֵי־אִישׁ	also sons of men
1	OT	OT psa 51:7	יֶחֱמַתְנִי	did conceive me
1	OT	OT psa 52:7	וְיִסָּחֲךָ	and pluck you out
1	OT	OT psa 55:9	סֹעָה	stormy
1	OT	OT psa 55:12	תֹּךְ	oppression
1	OT	OT psa 58:8	חִצָּו	his arrows
1	OT	OT psa 58:10	אָטָד	the thorns
1	OT	OT psa 64:5	לִירֹת	to shoot
1	OT	OT psa 65:12	יִרְעֲפוּן	drop
1	OT	OT psa 66:11	מוּעָקָה	affliction
1	OT	OT psa 68:3	דּוֹנַג	wax
1	OT	OT psa 68:17	תְּרַצְּדוּן	do you look with envy
1	OT	OT psa 68:31	מִתְרַפֵּס	trampling
1	OT	OT psa 68:31	בִּזַּר	He has scattered
1	OT	OT psa 69:16	וְאַל־תֶּאְטַר־עָלַי	and let not shut upon me
1	OT	OT psa 69:21	וָאָנוּשָׁה	and I am full of heaviness
1	OT	OT psa 71:6	גוֹזִי	He that took me
1	OT	OT psa 72:6	זַרְזִיף	that water
1	OT	OT psa 73:8	יָמִיקוּ	they scoff
1	OT	OT psa 74:21	דַּךְ	the oppressed
1	OT	OT psa 76:4	רִשְׁפֵי־קָשֶׁת	the arrows of the bow
1	OT	OT psa 76:12	יֹבִילוּ	bring
1	OT	OT psa 78:21	וְגַם־אַף	and anger also
1	OT	OT psa 78:48	לָרְשָׁפִים	to thunderbolts
1	OT	OT psa 80:14	יְכַרְסְמֶנָּה	wastes it
1	OT	OT psa 80:17	כְּסוּחָה	it is cut down
1	OT	OT psa 88:16	אָפוּנָה	I am distraught
1	OT	OT psa 90:10	כִּי־גָז	for it is soon cut off
1	OT	OT psa 91:6	מִקֶּטֶב	of the destruction
1	OT	OT psa 94:19	שַׂרְעַפַּי	my disquieting thoughts
1	OT	OT psa 99:1	תָּנוּט	let quake
1	OT	OT psa 102:7	לִקְאַת	a pelican of
1	OT	OT psa 107:30	כִי־יִשְׁתֹּקוּ	because they are quiet
1	OT	OT psa 109:11	יְנַקֵּשׁ	let seize
1	OT	OT psa 109:16	וְנִכְאֵה	and the broken in
1	OT	OT psa 109:19	וּלְמֵזַח	and for a girdle
1	OT	OT psa 114:8	חַלָּמִישׁ	the flint
1	OT	OT psa 119:20	גָּרְסָה	breaks
1	OT	OT psa 119:20	לְתַאֲבָה	for longing
1	OT	OT psa 119:53	זַלְעָפָה	burning indignation
1	OT	OT psa 119:69	טָפְלוּ	have forged
1	OT	OT psa 119:70	טָפַשׁ	is as gross
1	OT	OT psa 119:103	מַה־נִּמְלְצוּ	how sweet are
1	OT	OT psa 119:131	יָאָבְתִּי	I longed
1	OT	OT psa 119:158	וָאֶתְקוֹטָטָה	and I felt disgust
1	OT	OT psa 125:5	עֲקַלְקַלּוֹתָם	their crooked ways
1	OT	OT psa 129:7	וְחִצְנוֹ	nor his bosom
1	OT	OT psa 139:15	עׇצְמִי	my frame
1	OT	OT psa 139:21	אֶתְקוֹטָט	am I not grieved
1	OT	OT psa 139:23	שַׂרְעַפָּי	my disquieting thoughts
1	OT	OT psa 140:11	בְּמַהֲמֹרוֹת	into deep pits
1	OT	OT psa 143:3	הוֹשִׁבַנִי	he has made me to dwell
1	OT	OT psa 144:2	הָרוֹדֵד	who subdues
1	OT	OT psa 145:14	וְזוֹקֵף	and raises up
1	OT	OT psa 146:8	זֹקֵף	raises up
1	OT	OT psa 147:18	וְיַמְסֵם	and melts them
1	OT	OT rth 1:13	תֵּעָגֵנָה	will you refrain
1	OT	OT rth 2:14	וַיִּצְבׇּט־לָהּ	and he reached to her
1	OT	OT rth 2:16	מִן־הַצְּבָתִים	from the bundles of grain
1	OT	OT rth 2:17	וַתַּחְבֹּט	and she beat out
1	OT	OT rth 3:14	מַרְגְּלוֹתָו	at his feet
1	OT	OT sos 1:6	שֶׁשְּׁזָפַתְנִי	on whom has looked on me
1	OT	OT sos 1:10	בַּחֲרוּזִים	with strings of beads
1	OT	OT sos 2:5	בָּאֲשִׁישׁוֹת	with raisin cakes
1	OT	OT sos 2:5	רַפְּדוּנִי	refresh me
1	OT	OT sos 2:9	כׇּתְלֵנוּ	the wall of us
1	OT	OT sos 2:9	מִן־הַחֲרַכִּים	from the lattices
1	OT	OT sos 2:13	חָנְטָה	it has ripened
1	OT	OT sos 2:14	הַמַּדְרֵגָה	the steep place
1	OT	OT sos 3:10	רְפִידָתוֹ	its back
1	OT	OT sos 4:2	הַקְּצוּבוֹת	the shorn ewes
1	OT	OT sos 5:3	אֲטַנְּפֵם	will I dirty them
1	OT	OT sos 5:7	אֶת־רְדִידִי	my garment
1	OT	OT sos 7:2	חַמּוּקֵי	the curves of
1	OT	OT sos 7:3	אַגַּן	the bowl of
1	OT	OT sos 7:3	הַמָּזֶג	the mixed wine
1	OT	OT sos 8:5	מִתְרַפֶּקֶת	leaning herself
1	OT	OT sos 8:6	רְשָׁפֶיהָ	its flashes
1	OT	OT sos 8:6	רִשְׁפֵּי	flashes of
1	OT	OT zec 1:17	תְּפוּצֶנָה	shall be spread abroad
1	OT	OT zec 4:12	צַנְתְּרוֹת	the pipes of
1	OT	OT zec 10:1	חֲזִיזִים	bright clouds
1	OT	OT zec 11:8	בָּחֲלָה	it loathed
1	OT	OT zec 12:3	שָׂרוֹט	severely
1	OT	OT zec 12:3	יִשָּׂרֵטוּ	they will injure themselves
1	OT	OT zep 1:12	הַקֹּפְאִים	that are settled
1	OT	OT zep 1:14	צֹרֵחַ	shall cry
1	OT	OT zep 2:9	מִמְשַׁק	the breeding of
1	OT	OT zep 2:14	גַּם־קָאַת	also desert owl
1	OT	OT zep 2:14	גַּם־קִפֹּד	also the bittern
1	OT	OT zep 3:6	נִצְדּוּ	are destroyed
1	NT	NT 1co 1:2	וְשֶׁלָּנוּ	and-ours
1	NT	NT 1co 1:9	לְחֶבְרַת	unto-the-fellowship-of
1	NT	NT 1co 1:27	וּבֶחָלוּשׁ	and-the-weak-things
1	NT	NT 1co 2:1	הַדִבּוּר	speech
1	NT	NT 1co 3:15	יַפְסִידֶנּוּ	he-shall-suffer-loss
1	NT	NT 1co 4:8	עֲשַׁרְתֶּם	you-are-rich
1	NT	NT 1co 4:9	הִצִּיג	hath-set-forth
1	NT	NT 1co 4:9	גַּם־לִבְנֵי	and-to-the-sons-of
1	NT	NT 1co 4:13	וְנִתְחַנָּן	and-we-intreat
1	NT	NT 1co 5:1	שֶׁזְּנוּת	that-there-is-fornication
1	NT	NT 1co 5:2	מִתְגָּאִים	are-puffed-up
1	NT	NT 1co 5:7	עִסָּה	a-lump
1	NT	NT 1co 5:7	גַּם־לָנוּ	even-for-us
1	NT	NT 1co 5:10	וְגַזְלָנִים	or-extortioners
1	NT	NT 1co 5:10	סוֹפְכֶם	must-you-needs
1	NT	NT 1co 5:11	גַזְלָן	an-extortioner
1	NT	NT 1co 6:7	שֶׁתָּרִיבוּ	that-you-go-to-law
1	NT	NT 1co 6:7	מִן־הָעֲלוּבִים	of-them-that-are-wronged
1	NT	NT 1co 6:10	הַגַּזְלָנִים	extortioners
1	NT	NT 1co 6:11	הָצְדַקְתֶּם	you-are-justified
1	NT	NT 1co 6:12	יְשַׁעְבְּדֵנִי	I-will-be-brought-under-the-power-of
1	NT	NT 1co 6:13	לַכְּרֵשׂ	for-the-belly
1	NT	NT 1co 6:13	וְהַכְּרֵשׂ	and-the-belly
1	NT	NT 1co 7:9	אֶת־יִצְרָם	their-passion
1	NT	NT 1co 7:9	לָהוּט	inflamed
1	NT	NT 1co 7:22	מְשֻׁחֲרָר	freeman
1	NT	NT 1co 7:31	וְהַנֶּהֱנִים	and-they-that-use
1	NT	NT 1co 7:32	נִטְרָדִים	troubled
1	NT	NT 1co 7:39	וּכְשֶׁמֵּת	but-when-is-dead
1	NT	NT 1co 9:1	טהֲלֹא	am-I-not
1	NT	NT 1co 9:7	וּפַרְנַסְתּוֹ	at-his-own-charges
1	NT	NT 1co 9:11	שֶׁנִּקְצֹר	that-we-reap
1	NT	NT 1co 9:18	לַהֲנָאַת	for-benefit-of
1	NT	NT 1co 9:24	בָּאִצְטַדְיוֹן	in-a-race
1	NT	NT 1co 9:25	לְהִתְגּוֹשֵׁשׁ	to-strive
1	NT	NT 1co 9:27	וַאֲשַׁעְבְּדֶנּוּ	and-bring-it-into-subjection
1	NT	NT 1co 9:27	נֶאֱלָח	a-castaway
1	NT	NT 1co 10:16	מְבָרֲכִים	bless
1	NT	NT 1co 10:17	שֶׂחֵלֶק	are-partakers
1	NT	NT 1co 10:22	הֲנָעֵז	do-we-dare
1	NT	NT 1co 10:29	תִּדּוֹן	is-judged
1	NT	NT 1co 11:2	שֶׁזְּכַרְתֶּם	that-you-remember
1	NT	NT 1co 11:4	מְנַוֵּל	dishonoreth
1	NT	NT 1co 11:5	מְנַוָּלֶת	dishonoreth
1	NT	NT 1co 11:6	אֶת־שְׂעָרָהּ	her-hair
1	NT	NT 1co 11:15	שְׂעָרָהּ	hair
1	NT	NT 1co 11:18	כְּשֶׁתִּוָּעֲדוּ	when-you-come-together
1	NT	NT 1co 11:21	יִשְׁתַּכָּר	is-drunken
1	NT	NT 1co 11:24	הַנִּבְצָע	which-is-broken
1	NT	NT 1co 11:32	נִוָּסֵר	we-are-chastened
1	NT	NT 1co 11:32	נְחֻיַּב	we-should-be-condemned
1	NT	NT 1co 12:2	נִמְשַׁכְתֶּם	you-were-led
1	NT	NT 1co 12:22	רָפִים	more-feeble
1	NT	NT 1co 12:23	נַלְבִּישׁ	we-clothe-with
1	NT	NT 1co 12:24	מָזַג	hath-tempered
1	NT	NT 1co 12:27	וְאֵבָרָיו	and-his-members
1	NT	NT 1co 12:28	לִמְלַמְּדִים	teachers
1	NT	NT 1co 13:3	תוֹעִילֵנִי	profiteth-me
1	NT	NT 1co 13:5	תִתְמַרְמַר	is-easily-provoked
1	NT	NT 1co 13:8	לֹא־תִבֹּל	faileth-not
1	NT	NT 1co 13:8	תִּבָּטַלְנָה	they-shall-fail
1	NT	NT 1co 13:9	שֶׁנִּבֵּאנוּ	that-we-prophesy
1	NT	NT 1co 13:13	שֶׁבָּהֶן	of-these
1	NT	NT 1co 14:1	וְהִשְׁתַּדְּלוּ	and-desire
1	NT	NT 1co 14:1	שֶׁתִּתְנַבָּאוּ	that-you-may-prophesy
1	NT	NT 1co 14:3	וּלְיַסְּרָם	and-exhortation
1	NT	NT 1co 14:3	ולְנַחֲמָם	and-comfort
1	NT	NT 1co 14:9	מְפֹרַָשׁ	easy-to-understand
1	NT	NT 1co 14:12	לְהַעְדִּיף	that-you-may-excel
1	NT	NT 1co 14:13	יְפָרֲשֶׁנָּה	may-interpret
1	NT	NT 1co 14:16	הַהֶדְיוֹטוֹת	the-unlearned
1	NT	NT 1co 14:19	מִלְּדַבֵּר	than-to-speak
1	NT	NT 1co 14:23	שֶׁמְּשֻׁגָּעִים	that-mad
1	NT	NT 1co 14:24	הֶדְיוֹט	one-unlearned
1	NT	NT 1co 14:28	מְפָרֵשׁ	interpreter
1	NT	NT 1co 14:34	תִּשְׁתֹּקְנָה	let-them-keep-silence
1	NT	NT 1co 14:36	הֲמִכֶּם	was-it-from-you
1	NT	NT 1co 14:40	וְכַשּׁוּרָה	and-in-order
1	NT	NT 1co 15:8	גַם־אֵלַי	of-me-also
1	NT	NT 1co 15:8	הַדֹּמֶה	like
1	NT	NT 1co 15:21	גַּם־תְּחִיַּת	also-the-resurrection-of
1	NT	NT 1co 15:24	כְּשֶׁיִּמְסֹר	when-he-shall-have-delivered-up
1	NT	NT 1co 15:27	שֶׁהַשָּׁת	that-he-that-did-put
1	NT	NT 1co 15:30	מִסְתַּכְּנִים	stand-we-in-jeopardy
1	NT	NT 1co 15:35	וּכְשֶׁיָּשׁוּבוּ	and-when-they-come
1	NT	NT 1co 15:37	וּכְשֶׁתִּזְרַע	and-that-which-you-sow
1	NT	NT 1co 15:37	הַזְּרָעִים	the-grains
1	NT	NT 1co 15:42	הַזְּרִיעָה	the-sowing-is
1	NT	NT 1co 15:55	עָקְצְךָ	your-sting
1	NT	NT 1co 15:55	נִצְחוֹנֵךְ	your-victory
1	NT	NT 1co 15:58	וְהַעְדִּיפוּ	abounding
1	NT	NT 1co 16:1	גִּבּוּי	the-gathering-of
1	NT	NT 1co 16:13	הִתְאֹשֲׂשׁוּ	quit-you-like-men
1	NT	NT 1co 16:17	אֶת־חֶסְרֹנְכֶם	that-which-was-lacking-on-your-part
1	NT	NT 1co 16:19	וְגַם־הַקְּהִלָּה	and-also-the-church
1	NT	NT 1jn 1:3	וְנִתְחַבַּרְנוּ	and-our-fellowship-is
1	NT	NT 1jn 2:4	הִכַּרְתִּיו	I-know-him
1	NT	NT 1jn 2:8	גַּם־בּוֹ	in-him
1	NT	NT 1jn 2:13	הִתְגַּבַּרְתֶּם	you-have-overcome
1	NT	NT 1jn 2:14	וְהִתְגַּבַּרְתֶּם	and-you-have-overcome
1	NT	NT 1jn 2:27	תִצְטָרֲכוּ	you-need
1	NT	NT 1jn 2:27	שֶׁיְּלַמֵּד	teach
1	NT	NT 1jn 3:4	פְּשִׁיעָה	is-the-transgression-of
1	NT	NT 1jn 3:19	נַשְׁקִיט	shall-assure
1	NT	NT 1jn 4:14	וַנָּעִידָה	and-do-testify
1	NT	NT 1pe 1:3	בַּהֲקָמַת	by-the-resurrection-of
1	NT	NT 1pe 1:6	הַמִּתְעַצְּבִים	are-in-heaviness
1	NT	NT 1pe 1:12	מְשַׁמְּשִׁים	minister
1	NT	NT 1pe 1:18	נִפְדֵּיתֶם	you-were-redeemed
1	NT	NT 1pe 1:22	לְאַחֲוָה	unto-brotherly-love
1	NT	NT 1pe 3:2	תִצְנַעְנָה	you-are-chaste
1	NT	NT 1pe 3:3	וּפְאֵרְכֶן	whose-adorning
1	NT	NT 1pe 3:7	גַם־לָהֶן	also-with-them
1	NT	NT 1pe 3:9	שֶׁלָּזֹאת	that-thereunto
1	NT	NT 1pe 3:16	לְהַלְשִׁין	they-speak-evil-of
1	NT	NT 1pe 3:17	מִשֶּׁתְּעֻנּוּ	than-that-you-suffer
1	NT	NT 1pe 4:13	גַּם־תִּשְׂמְחוּ	you-may-also-be-glad
1	NT	NT 1pe 4:14	וְאֶצְלְכֶם	but-on-your-part
1	NT	NT 1pe 4:19	גַּם־הַמְעֻנִּים	let-them-that-suffer
1	NT	NT 1pe 5:2	וְהַשְׁגִּיחוּ	taking-the-oversight
1	NT	NT 1pe 5:14	בִּנְשִׁיקַת	with-a-kiss-of
1	NT	NT 1th 1:2	בְּהַזְכִּירֵנוּ	in-our-remembering
1	NT	NT 1th 2:7	מְפַנֶּקֶת	cherishing
1	NT	NT 1th 2:9	וְאֶת־תְּלָאָתֵנוּ	and-travail
1	NT	NT 1th 2:12	וַנָּעַד	and-we-charged
1	NT	NT 1th 2:16	שֶׁיִּוָּשֵׁעוּ	that-they-might-be-saved
1	NT	NT 1th 3:3	בַּמְּצוּקוֹת	by-these-afflictions
1	NT	NT 1th 3:4	לְהִלָּחֵץ	suffer-tribulation
1	NT	NT 1th 3:5	יְגִיעָתֵנוּ	our-labor
1	NT	NT 1th 4:1	גַּם־הִתְהַלַּכְתֶּם	also-you-walk
1	NT	NT 1th 4:4	לְהִשְׁתַּמֵּשׁ	to-use
1	NT	NT 1th 4:11	וְתִשְׁתַּדְּלוּ	and-that-you-study
1	NT	NT 1th 4:12	תִּצְטָרֲכוּ	you-may-have-lack
1	NT	NT 1th 4:17	לָאֲוִיר	to-the-air
1	NT	NT 1th 5:4	שֶׁיַּשִׂיג	that-he-shall-overtake
1	NT	NT 1th 5:6	מְפֻכָּחִים	sober
1	NT	NT 1th 5:7	וְהַמִּשְׁתַּכְּרִים	and-they-that-be-drunken
1	NT	NT 1th 5:7	מִשְׁתַּכְּרִים	are-drunken
1	NT	NT 1ti 1:10	וְשַׁקְרָנִים	and-liars
1	NT	NT 1ti 2:8	שֶׁיִּתְפַּלֲלוּ	that-pray
1	NT	NT 1ti 2:9	תִּתְיַפֶּינָה	adorn-themselves
1	NT	NT 1ti 3:2	וְהֶגְמוֹן	and-a-bishop
1	NT	NT 1ti 3:4	וּמַדְרִיךְ	having
1	NT	NT 1ti 3:7	גַם־צָרִיךְ	moreover-must
1	NT	NT 1ti 3:8	גַּם־הַשַּׁמָּשִׁים	also-the-deacons
1	NT	NT 1ti 3:11	מַלְשִׁינוֹת	slanderers
1	NT	NT 1ti 3:11	משְׁלוֹת	sober
1	NT	NT 1ti 3:13	הַמְשַׁמְּשִׁים	those-who-serve
1	NT	NT 1ti 3:15	וּמְכוֹנָהּ	and-ground
1	NT	NT 1ti 3:16	וּבְוַדָּי	and-without-controversy
1	NT	NT 1ti 4:2	וְנִכְוִים	and-seared
1	NT	NT 1ti 4:2	בְּמַדָּעָם	in-their-conscience
1	NT	NT 1ti 4:4	כׇל־בְּרִיַּת	every-creature-of
1	NT	NT 1ti 4:4	מְשֻׁקָּץ	to-be-refused
1	NT	NT 1ti 4:8	תּוֹעִיל	is-profitable
1	NT	NT 1ti 4:10	וְנֶעֱלָבִים	and-suffer-reproach
1	NT	NT 1ti 5:5	מַתְמֶדֶת	continueth
1	NT	NT 1ti 5:11	יִצְרָן	their-lust
1	NT	NT 1ti 5:13	בּוֹטֹת	tattlers
1	NT	NT 1ti 5:14	שֶׁהַצְּעִירוֹת	that-the-younger-women
1	NT	NT 1ti 5:16	לְהַסְפִּיק	relieve
1	NT	NT 1ti 5:22	תִשְׁתַּתֵּף	be-partaker
1	NT	NT 1ti 6:2	שֶׁמַּאֲמִינִים	that-believing
1	NT	NT 1ti 6:4	וַחֲשָׁד	and-surmisings
1	NT	NT 1ti 6:5	וִכּוּחֵי	disputings-of
1	NT	NT 1ti 6:8	נִסְתַּפְּקָה	let-us-be-content
1	NT	NT 1ti 6:9	הַמַּשְׁקִיעוֹת	which-drown
1	NT	NT 1ti 6:17	בָּעֹשֶׂר	in-riches
1	NT	NT 1ti 6:17	הַמַּסְפִּיק	the-sufficient
1	NT	NT 2co 1:14	שֶׁיְּדַעְתֶּם	that-you-have-acknowledged
1	NT	NT 2co 1:22	גַם־חֲתָמָנוּ	hath-also-sealed-us
1	NT	NT 2co 1:24	שֶׁמּשְׁלִים	that-we-have-dominion
1	NT	NT 2co 2:2	אַעֲצִיבְכֶם	make-you-sorry
1	NT	NT 2co 2:3	שֶׁשִּׂמְחָתִי	that-my-joy
1	NT	NT 2co 2:8	שֶׁתִּתְיָעֲצוּ	that-you-would-confirm
1	NT	NT 2co 3:5	לֹא־שֶׁכְּשֵׁרִים	not-that-sufficient
1	NT	NT 2co 3:14	נִטַּמְטְמוּ	were-blinded
1	NT	NT 2co 3:18	וְנִתְהַפֵּךְ	are-changed
1	NT	NT 2co 3:18	שֶׁמִּתְחַלֵּף	transformed
1	NT	NT 2co 4:2	לְעַקֵּם	handling-deceitfully
1	NT	NT 2co 4:8	נִלְחָצִים	troubled
1	NT	NT 2co 4:10	גַם־חַיֵּי	also-the-life-of
1	NT	NT 2co 4:11	גַּם־חַיֵּי	also-the-life-of
1	NT	NT 2co 4:12	וּבָכֶם	but-in-you
1	NT	NT 2co 5:2	גַם־עַתָּה	even-now
1	NT	NT 2co 5:6	שֶׁמּוֹשָׁבֵנוּ	we-are-at-home
1	NT	NT 2co 5:9	נִשְׁתַּדֵּל	we-labor
1	NT	NT 2co 5:12	מִשְׁתַּבְּחִים	commend-ourselves
1	NT	NT 2co 6:9	וְגַם־יְדוּעִים	and-yet-well-known
1	NT	NT 2co 6:9	כִּמְיֻסָּרִים	as-chastened
1	NT	NT 2co 6:15	הַסְכָּמָה	concord
1	NT	NT 2co 7:5	גַּם־בְּבֹאֵנוּ	when-we-were-come
1	NT	NT 2co 7:8	גַּם־אִם־הֶעֱצַבְתִּי	though-I-made-you-sorry
1	NT	NT 2co 7:10	גֹּרֶמֶת	worketh
1	NT	NT 2co 7:12	הָעֹלֵב	him-that-did-the-wrong
1	NT	NT 2co 7:12	הַנֶּעֱלָּב	him-that-suffered-wrong
1	NT	NT 2co 7:13	בְנֶחָמַתְכֶם	in-your-comfort
1	NT	NT 2co 7:14	גַּם־תְּהִלָּתֵנוּ	also-our-boasting
1	NT	NT 2co 8:2	עֲנִיּוּתָם	their-poverty
1	NT	NT 2co 8:5	וְגַם־לָנוּ	and-unto-us
1	NT	NT 2co 8:6	זֵרַזְנוּ	we-desired
1	NT	NT 2co 8:7	וּבְדִבּוּר	and-utterance
1	NT	NT 2co 8:11	הִתְנַדַּבְתֶּם	there-was-a-readiness
1	NT	NT 2co 8:11	גַּם־תִּגְמְרוּ	there-may-be-a-performance-also
1	NT	NT 2co 8:14	מַחְסֹרְכֶם	your-want
1	NT	NT 2co 8:16	כַּשְּׁקִידָה	the-same-earnest-care
1	NT	NT 2co 8:17	לְבַקָּשָׁתֵנוּ	our-exhortation
1	NT	NT 2co 8:17	וּבִשְׁקִידָתוֹ	but-in-his-diligence
1	NT	NT 2co 8:19	שֶׁהַקְּהִלּוֹת	that-the-churches
1	NT	NT 2co 8:19	הַגָּבוּי	which-is-administered
1	NT	NT 2co 8:20	הַגְּבוּיָה	which-is-administered
1	NT	NT 2co 8:22	אֶת־שְׁקִידָתוֹ	his-diligence
1	NT	NT 2co 9:8	לְהַשְׁפִּיעַ	to-make-abound
1	NT	NT 2co 9:8	סִפּוּקְכֶם	your-need
1	NT	NT 2co 9:12	שֵׁרוּתְכֶם	your-ministration
1	NT	NT 2co 9:13	הוֹדָאַתְכֶם	your-profession
1	NT	NT 2co 10:7	יַחֲזֹר	let-him-again
1	NT	NT 2co 10:9	כִּמְאַיֵּם	as-if-I-would-terrify
1	NT	NT 2co 10:10	חָלוּשׁ	weak
1	NT	NT 2co 10:11	בַדִּבּוּר	in-word
1	NT	NT 2co 10:12	אַל־נָעֵז	we-dare-not
1	NT	NT 2co 10:12	הַמְשַׁבְּחִים	that-commend
1	NT	NT 2co 10:13	גַּם־עָדֵיכֶם	even-unto-you
1	NT	NT 2co 10:15	בִּיגִיעַת	of-the-labors-of
1	NT	NT 2co 11:3	תִּשְׂטֶינָה	should-be-corrupted
1	NT	NT 2co 11:5	מֵהַשְּׁלִיחִים	the-apostles
1	NT	NT 2co 11:6	מִדִּבּוּר	in-speech
1	NT	NT 2co 11:7	בְּהַשְׁפִּילִי	in-abasing
1	NT	NT 2co 11:7	הַגְבִּיהֲכֶם	you-might-be-exalted
1	NT	NT 2co 11:8	אֲשָׁרֶתְכֶם	do-you-service
1	NT	NT 2co 11:15	גַּם־מְשָׁרֲתָיו	his-ministers-also
1	NT	NT 2co 11:17	אָעֹז	I-am-bold
1	NT	NT 2co 11:17	וְאֶתְהַלָּל	and-boast
1	NT	NT 2co 11:20	יְשַׁעְבֵּד	bring-into-bondage
1	NT	NT 2co 11:23	בִּיגִיעוֹת	in-labors
1	NT	NT 2co 11:23	בִּמְצוּקוֹת	in-perils-of
1	NT	NT 2co 11:24	לָקִיתִי	received-I-stripes
1	NT	NT 2co 11:25	סְפִינָתִי	my-ship
1	NT	NT 2co 12:4	לְמַלֲלָם	to-utter
1	NT	NT 2co 12:13	נִגְרַעְתֶּם	you-were-inferior
1	NT	NT 2co 12:19	שֶׁמִּתְנַצְּלִים	that-we-excuse-ourselves
1	NT	NT 2co 13:7	שֶׁנֵּרָאֶה	that-we-should-appear
1	NT	NT 2pe 1:7	וְעַל־הָאַחֲוָה	and-to-brotherly-kindness
1	NT	NT 2pe 1:8	מִתְעַצְּלִים	barren
1	NT	NT 2pe 1:12	וְהִתְכּוֹנַנְתֶּם	and-are-established
1	NT	NT 2pe 1:15	גַּם־אַחֲרֵי	also-after
1	NT	NT 2pe 1:19	וַהֲטִיבֹתֶם	you-do-well
1	NT	NT 2pe 2:3	בִדּוּי	feigned
1	NT	NT 2pe 2:5	וְגַם־עַל־הַדּוֹרוֹת	and-also-the-generations
1	NT	NT 2pe 2:8	עֲגוּמָה	was-vexed
1	NT	NT 2pe 2:11	יְגַדְּפוּם	bring-railing-accusation-against-them
1	NT	NT 2pe 2:13	עֶדְנַת	to-riot-in
1	NT	NT 2pe 2:13	וּמְזֻהָמִים	and-blemishes
1	NT	NT 2pe 2:13	הַמִּתְפַּנְּקִים	sporting-themselves
1	NT	NT 2pe 2:14	יְצוֹדֵדוּ	they-beguile
1	NT	NT 2pe 2:22	בָּרָפֶשׁ	in-the-mire
1	NT	NT 2pe 3:3	וְיִתְלוֹצֲצוּ	and-scoffing
1	NT	NT 2pe 3:5	שֶׁלְּפָנִים	that-of-old
1	NT	NT 2pe 3:10	וְהִתְמֹגֲגוּ	and-melt
1	NT	NT 2pe 3:16	וּבָהֶן	in-which
1	NT	NT 2th 1:4	עַל־סַבְלָנוּתְכֶם	for-your-patience
1	NT	NT 2th 1:10	וּלְהִתְפַּלֵּא	and-to-be-admired
1	NT	NT 2th 1:11	גַּם־נִתְפַּלֵּל	also-we-pray
1	NT	NT 2th 2:2	בְדִבּוּר	by-word
1	NT	NT 2th 2:7	שֶׁיּוּסַר	until-be-taken
1	NT	NT 2th 2:8	בְּהוֹפָעַת	with-the-brightness-of
1	NT	NT 2th 2:10	וּבְכׇל־מִרְמַת	and-in-all-deceit-of
1	NT	NT 2th 2:16	נֶחָמַת	consolation-of
1	NT	NT 2th 3:1	כְּהִכָּבְדוֹ	even-as-it-is
1	NT	NT 2th 3:7	שֶׁצְּרִיכִים	that-ought
1	NT	NT 2th 3:12	מִשֶּׁלָּהֶם	their-own
1	NT	NT 2th 3:13	אַל־תִּתְרַפּוּ	be-not-weary
1	NT	NT 2ti 1:5	זְקֵנָתְךָ	your-grandmother
1	NT	NT 2ti 1:5	גַּם־בָּךְ	also-in-you
1	NT	NT 2ti 2:4	בְּעִסְקֵי	the-affairs-of
1	NT	NT 2ti 2:5	וְגַּם	and-also
1	NT	NT 2ti 2:12	גַּם־נִמְלֹךְ	also-we-shall-reign
1	NT	NT 2ti 2:17	וְשִׂיחָתָם	and-their-word
1	NT	NT 2ti 2:18	וַיְבַלְבְּלוּ	and-overthrow
1	NT	NT 2ti 2:20	גַם־שֶׁל־עֵץ	also-of-wood
1	NT	NT 2ti 2:26	צָדָם	are-taken-captive
1	NT	NT 2ti 3:2	וּכְפוּיֵי	unthankful
1	NT	NT 2ti 3:6	וְנִתְעוֹת	led-away
1	NT	NT 2ti 3:13	וְנִתְעִים	and-being-deceived
1	NT	NT 2ti 3:15	לְהַחְכִּימְךָ	to-make-you-wise
1	NT	NT 2ti 4:1	בְּהוֹפָעָתוֹ	at-his-appearing
1	NT	NT 2ti 4:2	וְהַתְמֵד	be-instant
1	NT	NT 2ti 4:6	אֻסַּךְ	I-am-ready-to-be-offered
1	NT	NT 2ti 4:13	הַקְּלָף	the-parchments
1	NT	NT 2ti 4:16	בְּהִצְטַדְּקִי	at-my-first-answer
1	NT	NT 3jn 1:13	וּבְקוֹלָמוֹס	and-pen
1	NT	NT acts 1:19	דְּמָא	dama,
1	NT	NT acts 1:25	וְהַשְּׁלִיחוּת	and apostleship,
1	NT	NT acts 2:6	כִּשְׂפַת	in the tongue of
1	NT	NT acts 2:23	הַנִּמְסָר	being delivered
1	NT	NT acts 2:23	הוֹקַעְתֶּם	you have crucified
1	NT	NT acts 2:24	בְּהַתִּירוֹ	having loosed
1	NT	NT acts 3:12	וּבַחֲסִידוּתֵנוּ	or holiness
1	NT	NT acts 3:13	וְכִחַשְׁתֶּם	and denied
1	NT	NT acts 3:14	כִּחַשְׁתֶּם	denied
1	NT	NT acts 3:21	שֶׁיְּקַבְּלוּ	receive
1	NT	NT acts 4:16	וְגַם־מְפֻרְסָם	and is well known
1	NT	NT acts 4:23	הִפָּטְרָם	they were let go,
1	NT	NT acts 4:29	אֶת־גַּעֲרָתָם	their threatenings:
1	NT	NT acts 5:2	מִן־הַמְּחִיר	of-the-price,
1	NT	NT acts 5:4	וְגַם־אַחֲרֵי	and-also-after
1	NT	NT acts 5:9	נוֹעַצְתֶּם	you-have-agreed-together
1	NT	NT acts 5:16	וְאֶת־הַנִּלְחָצִים	and-them-which-were-vexed
1	NT	NT acts 6:1	אֶת־אֲרוּחָתָן	their-daily-ministration.
1	NT	NT acts 6:2	וּנְשַׁמֵּשׁ	and-serve
1	NT	NT acts 7:28	אֶתְמֹל	yesterday
1	NT	NT acts 7:34	וְאֶת־נַאֲקָתָם	and-their-groaning
1	NT	NT acts 8:3	וַיְשׁוֹטֵט	entering
1	NT	NT acts 8:23	וְחַרְצֻבּוֹת	and-the-bond-of
1	NT	NT acts 8:27	לְקַנְדַּק	under-Candace
1	NT	NT acts 8:27	עַל־כׇּל־גְּנָזֶיהָ	of-all-her-treasure,
1	NT	NT acts 8:31	יוֹרֵנִי	should-guide-me?
1	NT	NT acts 9:1	יְפֵחַ	he may breathe out
1	NT	NT acts 9:7	נֶאֱלָמִים	speechless
1	NT	NT acts 9:22	בְּהוֹכִיחוֹ	in-they-rebuked
1	NT	NT acts 9:24	אָרְבָּם	their-laying-await
1	NT	NT acts 9:29	זַמֲמוּ	went-about
1	NT	NT acts 9:31	בְּנֶחָמַת	in-the-comfort-of
1	NT	NT acts 9:34	הַצָּע	and-make
1	NT	NT acts 10:38	אֶת־כׇּל־הַנִּכְבָּשִׁים	all-that-were-oppressed
1	NT	NT acts 10:39	בְּהוֹקִיעָם	and-hanged
1	NT	NT acts 11:5	עָדָי	even-to-me:
1	NT	NT acts 11:19	עַד־פִּינוּקְיָא	as-far-as-Phenice,
1	NT	NT acts 12:5	וְהַקְּהִילָּה	but-the-church
1	NT	NT acts 12:5	הֶעְתִּירָה	made-prayer
1	NT	NT acts 12:14	וּמִשִּׂמְחָתָהּ	for-gladness
1	NT	NT acts 13:9	גַּם־פּוֹלוֹס	also-Paul,)
1	NT	NT acts 13:9	וַיִּסְתַּכֵּל	set-his-eyes
1	NT	NT acts 13:10	לְסַלֵּף	to-pervert
1	NT	NT acts 13:45	הַכְחֵשׁ	contradicting
1	NT	NT acts 13:46	וְדַנְתֶּם	and-judge
1	NT	NT acts 13:46	זַכָּאִים	worthy
1	NT	NT acts 14:9	הִסְתַּכֵּל	stedfastly-beholding
1	NT	NT acts 15:8	גַם־לָהֶם	also-to-them
1	NT	NT acts 15:19	לְהַחֲמִיר	we-trouble
1	NT	NT acts 15:24	וּמְקַלְקְלִים	subverting
1	NT	NT acts 15:25	חֲבִיבֵינוּ	our-beloved,
1	NT	NT acts 15:33	שֹׁלְחֵיהֶם	the-apostles.
1	NT	NT acts 15:35	וְגַם־רַבִּים	with-many
1	NT	NT acts 16:12	וּקְלוֹנְיָא	and-a-colony
1	NT	NT acts 16:20	עֹכְרִים	do-exceedingly-trouble
1	NT	NT acts 17:3	שֶׁיְּעֻנֶּה	suffered,
1	NT	NT acts 17:6	גַּם־הֲלוֹם	hither-also;
1	NT	NT acts 17:18	הַפִילוֹסוֹפִים	the-philosophers
1	NT	NT acts 17:18	הַמְּפַטְפֵּט	babbler
1	NT	NT acts 17:25	יִצְטָרֵךְ	he-needed
1	NT	NT acts 17:26	זְמַנִּים	the-times
1	NT	NT acts 17:28	וּמִתְנוֹעֲעִים	and-move,
1	NT	NT acts 17:28	בִּמְשׁוֹרֲרֵיכֶם	of-your-own-poets
1	NT	NT acts 17:29	שֶׁהָאֱלָהוּת	that-the-Godhead
1	NT	NT acts 18:17	לֹא־שָּׁת	set-not
1	NT	NT acts 19:14	סְקֵוָה	one-Sceva,
1	NT	NT acts 19:25	הָעֹסְקִים	the-workmen
1	NT	NT acts 19:29	בְּמַסָּעָיו	in-travel.
1	NT	NT acts 19:34	כְּהַכִּירָם	when-they-knew
1	NT	NT acts 19:34	כִּשְׁתֵּי	about-the-space-of-two
1	NT	NT acts 20:15	וַנָּלֶן	and-tarried
1	NT	NT acts 20:35	מִשֶּׁתִּקָּח	than-to-receive.
1	NT	NT acts 21:13	וְתָמֵסּוּ	and-break
1	NT	NT acts 21:14	וַנִּרֶף	we-ceased
1	NT	NT acts 21:16	גַּם־תַּלְמִידִים	also-certain-of-the-disciples
1	NT	NT acts 21:29	שֶׁפּוֹלוֹס	that-Paul
1	NT	NT acts 22:1	וְאֶצְטַדֵּק	my-defense
1	NT	NT acts 22:4	וּמַסְגִּיר	and-delivering
1	NT	NT acts 22:5	גַּם־יָעִיד	also-doth-bear-witness
1	NT	NT acts 22:5	יִוָּסֵרוּ	to-be-punished.
1	NT	NT acts 22:11	וַיּוֹלִיכוּנִי	they-led-me
1	NT	NT acts 22:16	תִתְמַהְמֵהַּ	tarriest-you?
1	NT	NT acts 22:19	וְהִלְקֵיתִי	and-beat
1	NT	NT acts 22:24	לְהַלְקוֹת	that-he-should-be-scourged
1	NT	NT acts 22:25	בִרְצוּעוֹת	with-thongs,
1	NT	NT acts 23:3	הַמְּסֻיָּד	whited:
1	NT	NT acts 23:15	וַיוֹרִידֵהוּ	that-he-bring-him-down
1	NT	NT acts 23:16	אֶת־אָרְבָּם	of-their-lying-in-wait,
1	NT	NT acts 23:24	לְהַרְכִּיב	that-they-may-set-on,
1	NT	NT acts 23:35	גַם־שׂטְנֶיךָ	yours-accusers-also
1	NT	NT acts 24:2	בְּהַשְׁגָּחָתֶךָ	by-your-providence,
1	NT	NT acts 24:4	אוֹגִיעֲךָ	I-be-tedious-unto-you
1	NT	NT acts 24:4	שֶׁתִּשְׁמָעֵנוּ	that-you-would-hear-us
1	NT	NT acts 24:4	כְּחֶמְלָתֶךָ	of-your-clemency.
1	NT	NT acts 24:5	כְּקֶטֶב	a-pestilent-fellow,
1	NT	NT acts 24:11	עֲלוֹתִי	I-went-up
1	NT	NT acts 24:25	וְלִכְשֶׁאֶפְנֶה	when-I-have-a-convenient-season,
1	NT	NT acts 25:7	וַיַּאֲשִׁימוּ	and-laid-against
1	NT	NT acts 25:8	הִצְטַדֵּק	answered-for-himself,
1	NT	NT acts 25:11	לְהַסְגִּירֵנִי	deliver-me
1	NT	NT acts 26:1	יִצְטַדֵּק	answered-for-himself:
1	NT	NT acts 26:5	הַמַּקְפֶּדֶת	straitest
1	NT	NT acts 26:7	לְחַיְּבֵנִי	accused.
1	NT	NT acts 26:11	וַאֲנַסְתִּים	and-compelled-them
1	NT	NT acts 26:11	וָאֶתְהוֹלֲלָה	and-being-exceedingly-mad
1	NT	NT acts 26:23	לְהֵעָנוֹת	suffer,
1	NT	NT acts 27:1	דִּינֵנוּ	our-cause
1	NT	NT acts 27:8	לִימֶנֶס	havens
1	NT	NT acts 27:10	וְלׇאֳנִיָּה	and-ship,
1	NT	NT acts 27:14	נַחֲשֹׁל	tempestuous,
1	NT	NT acts 27:15	וַנֶּרֶף	we-let-go
1	NT	NT acts 27:17	אֶת־דָּפְנֵי	the-sides-of
1	NT	NT acts 27:17	רֻכְסֵי	the-banks-of
1	NT	NT acts 27:27	לְטִלְטוּלֵנוּ	as-we-were-driven-up-and-down
1	NT	NT acts 27:33	חִכִּיתֶם	you-have-tarried
1	NT	NT acts 27:40	אֶת־הָעוֹגִינִים	the-anchors,
1	NT	NT acts 27:40	גַּם־אֶת־מֵיתְרֵי	also-the-bands-of
1	NT	NT acts 27:43	וַיָּנֵא	kept-them
1	NT	NT acts 28:4	הַלֹּעֲזִים	the-barbarians
1	NT	NT acts 28:9	גַּם־הַחֹלִים	others-also-which-had-diseases
1	NT	NT col 1:6	גַּם־בְּתוֹכֲכֶם	also-among-you
1	NT	NT col 1:6	וְהִכַּרְתֶּם	and-knew
1	NT	NT col 1:9	שֶׁתִּמָּלְאוּ	that-you-be-filled
1	NT	NT col 1:12	הַמְזַכֶּה	who-hath-made-worthy
1	NT	NT col 1:13	חִלְּצָנוּ	hath-delivered-us
1	NT	NT col 1:29	וּמִתְגּוֹשֵׁשׁ	and-striving
1	NT	NT col 2:3	גְּנוּזִים	are-hid
1	NT	NT col 2:5	גַּם־אִם	though
1	NT	NT col 2:8	בְּפִילֹסוֹפְיָה	in-philosophy
1	NT	NT col 2:11	גַם־נִמַּלְתֶּם	also-you-are-circumcised
1	NT	NT col 2:12	נִקְבַּרְתֶּם	you-were-buried
1	NT	NT col 2:14	וַיִּמְחַק	and-He-blotted-out
1	NT	NT col 2:14	בַּצְּלוּב	to-the-cross
1	NT	NT col 2:20	תִשְׁתַּעְבְּדוּ	are-you-subject
1	NT	NT col 2:22	בְּתַשְׁמִישָׁם	in-their-use
1	NT	NT col 3:12	וְהַחֲבִיבִים	and-the-beloved-ones
1	NT	NT col 3:12	וּנְמִיכוּת	and-lowness
1	NT	NT col 3:13	וְתִמְחֲלוּ	and-forgiving
1	NT	NT col 3:19	וְאַל־תִּתְמַרְמְרוּ	and-do-not-be-bitter
1	NT	NT col 3:21	אַל־תַּרְגִּיזוּ	do-not-provoke
1	NT	NT col 4:9	וְהֶחָבִיב	and-the-beloved
1	NT	NT col 4:12	הַמִּתְגּוֹשֵׁשׁ	laboring-fervently
1	NT	NT col 4:17	קִבַּלְתָּהּ	you-received
1	NT	NT eph 1:13	גַּם־נֶחְתַּמְתֶּם	also-you-were-sealed
1	NT	NT eph 2:16	צְלִיבָתוֹ	his-crucifixion
1	NT	NT eph 3:19	וְנִמְלֵאתֶם	and-you-be-filled-with
1	NT	NT eph 4:4	גַּם־נִקְרֵאתֶם	also-you-are-called
1	NT	NT eph 4:24	וְלִלְבּשׁ	and-put-on
1	NT	NT eph 4:30	נֶחְתַּמְתֶּם	you-were-sealed
1	NT	NT eph 5:3	לַקְּדשִׁים	to-the-saints
1	NT	NT eph 5:11	וְאַל־תִּשְׁתַּתְּפוּ	and-do-not-partake
1	NT	NT eph 5:13	כְּשֶׁיּוּכַח	when-reproved
1	NT	NT eph 5:18	וְאַל־תִּשְׁתַּכְּרוּ	and-do-not-be-drunk
1	NT	NT eph 5:19	שִׂיחַתְכֶם	your-conversation
1	NT	NT eph 5:27	וָקֶמֶט	or-wrinkle
1	NT	NT eph 6:5	וָרֶתֶת	and-trembling
1	NT	NT eph 6:18	לְהַעְתִּיר	to-pray
1	NT	NT eph 6:19	מְלִיצָהּ	an-ambassador-for-it
1	NT	NT eph 6:20	אֵחָת	be-dismayed
1	NT	NT gal 1:4	לְחַלְּצֵנוּ	to-deliver-us
1	NT	NT gal 1:7	הָעֹכְרִים	the-troublers
1	NT	NT gal 1:12	קִבַּלְתִּיהָ	I-received-it
1	NT	NT gal 2:2	שֶׁבָּהֶם	that-in-them
1	NT	NT gal 2:3	גַּם־טִיטוֹס	also-Titus
1	NT	NT gal 2:8	גַם־אֹתִי	also-me
1	NT	NT gal 2:12	וּפוֹרֵשׁ	and-separating
1	NT	NT gal 2:13	גַּם־בַּר־נַבָּא	also-Barnabas
1	NT	NT gal 2:14	תַּכְרִיחַ	do-you-compel
1	NT	NT gal 2:16	שֶׁיּוֹדְעִים	that-are knowing
1	NT	NT gal 3:4	נַעֲנֵיתֶם	you-suffered
1	NT	NT gal 3:15	יְפֵרֶנָּה	annuls-it
1	NT	NT gal 3:16	וְלִזְרָעֶיךָ	and-to-your-seeds
1	NT	NT gal 3:17	וּשְׁלשִׁים	and-thirty
1	NT	NT gal 3:21	שֶׁבְּכֹחָהּ	that-in-her-power
1	NT	NT gal 3:23	וּסְגוּרִים	and-shut(pl)
1	NT	NT gal 4:3	מְשֻׁעְבָּדִים	enslaved(pl)
1	NT	NT gal 4:9	שֶׁנּוֹדַעְתֶּם	that-you-are-known
1	NT	NT gal 4:9	אֶל־הַתִּיקּוּנִים	to-the-elements
1	NT	NT gal 5:1	שִׁחֲרַר	hath-made-free
1	NT	NT gal 5:1	לְהִכָּבֵשׁ	to-be-subjected
1	NT	NT gal 5:3	שֶׁחַיָּב	that-he-is-a-debtor
1	NT	NT gal 5:4	נִגְזַרְתֶּם	you-are-severed
1	NT	NT gal 5:8	הַפִּתּוּי	the-persuasion
1	NT	NT gal 6:14	בִּצְלוּב	in-the-cross-of
1	NT	NT gal 6:15	לֹא־הַמִּילָה	not-the-circumcision
1	NT	NT gal 6:17	אַל־יַלְאֵנִי	let-none-trouble-me
1	NT	NT heb 2:3	הַנֶּאֱמָרָה	began-to-be-spoken
1	NT	NT heb 2:9	הַמְחֻסָּר	who-was-made-lower
1	NT	NT heb 2:11	גַּם־הַמְּקֻדָּשִׁים	and-they-who-are-sanctified
1	NT	NT heb 2:17	רַחֲמָן	merciful
1	NT	NT heb 3:1	הוֹדָאָתֵנוּ	of-our-profession
1	NT	NT heb 3:14	נַרְפֶּנָּה	unto
1	NT	NT heb 3:17	הִתְקוֹטֵט	was-he-grieved
1	NT	NT heb 4:13	שֶׁלָּנּוּ	of-ours
1	NT	NT heb 4:15	לְהִצְטָעֵר	be-touched-with-the-feeling-of
1	NT	NT heb 5:2	עַל־הַשֹּׁגֲגִים	on-the-ignorant
1	NT	NT heb 5:12	וְהִצְטָרַכְתֶּם	and-are-become-such-as-have-need
1	NT	NT heb 5:14	שֶׁהָרְגְּלוּ	exercised
1	NT	NT heb 6:8	לְהִשָׂרֵף	to-be-burned
1	NT	NT heb 6:10	שֶׁשֵּׁרַתֶּם	that-you-have-ministered
1	NT	NT heb 6:18	מִשְׁתַּנִּים	immutable
1	NT	NT heb 6:19	כְּעֹגֶן	as-an-anchor
1	NT	NT heb 7:12	בְּהִשְׁתַּנּוֹת	being-changed
1	NT	NT heb 7:12	שֶׁתִּשְׁתַּנֶּה	a-change-of
1	NT	NT heb 7:16	הֶפְסֵק	end
1	NT	NT heb 7:25	לְהַפְגִּיע	to-make-intercession
1	NT	NT heb 8:7	גְּמוּרָה	faultless
1	NT	NT heb 8:13	וּמַזְקִין	and-waxeth-old
1	NT	NT heb 9:16	שֶׁתִּוָּדַע	of-necessity
1	NT	NT heb 10:1	בִּיכָלְתָּהּ	with-its-ability
1	NT	NT heb 10:2	בְּהִטָּהֲרָם	being-purged
1	NT	NT heb 10:11	וּמוֹסִיף	and-offering
1	NT	NT heb 10:24	וְנִתְבּוֹנֲנָה	and-let-us-consider
1	NT	NT heb 10:25	אֶת־כְּנֵסִיָּתֵנוּ	the-assembling-of-ourselves
1	NT	NT heb 10:33	בְּהִשְׁתַּתֵּף	whilst-you-became-companions
1	NT	NT heb 10:34	הִצְטָעַרְתֶּם	you-had-compassion
1	NT	NT heb 11:2	שֶׁהוּעֲדָה	obtained-a-good-report
1	NT	NT heb 11:3	מִן־הַנֶּעְלָם	from-the-invisible
1	NT	NT heb 11:6	שֶׁיַּאֲמִין	believe
1	NT	NT heb 11:11	לְהַזְרִיעַ	to-conceive-seed
1	NT	NT heb 11:36	וְגַם־נִמְסְרוּ	yea-moreover
1	NT	NT heb 11:37	נֻסְּרוּ	they-were-sawn-asunder
1	NT	NT heb 11:37	נִבְחֲנוּ	were-tempted
1	NT	NT heb 11:37	בְיִסּוּרִים	with-trials
1	NT	NT heb 12:1	כׇּל־טֹרַח	every-weight
1	NT	NT heb 12:1	הַמַּקִּיף	which-doth-beset
1	NT	NT heb 12:2	וּמַשְׁלִימָהּ	and-finisher
1	NT	NT heb 12:9	מְיַסְּרִים	which-corrected
1	NT	NT heb 12:10	יִסְּרוּנוּ	chastened-us
1	NT	NT heb 12:23	הַנִּשְׁלָמִים	made-perfect
1	NT	NT heb 12:24	הַהַזָּאָה	sprinkling
1	NT	NT heb 12:27	הַמִּתְעַרְעָרִים	that-are-shaken
1	NT	NT heb 13:15	הַמּוֹדוֹת	giving-thanks
1	NT	NT heb 13:19	אוּשַׁב	I-may-be-restored
1	NT	NT jas 1:1	שֶּׁבַּגּוֹלָה	which-are-scattered-abroad
1	NT	NT jas 1:2	בְּנִסְיֹנוֹת	into-temptations
1	NT	NT jas 1:5	יְבַקְשֶׁנָּה	let-him-ask
1	NT	NT jas 1:5	הוֹנָאַת	upbraideth-not
1	NT	NT jas 1:6	שֶׁיְּבַקֵּשׁ	that-he-ask
1	NT	NT jas 1:13	נִסָּנִי	I-am-tempted
1	NT	NT jas 1:14	תְּסִיתֵהוּ	he-is-drawn-away
1	NT	NT jas 1:18	יְצוּרָיו	his-creatures
1	NT	NT jas 1:21	כׇּל־טִנּוּף	all-filthiness
1	NT	NT jas 1:22	לְרַמּוֹת	deceiving
1	NT	NT jas 1:25	הַמַּשְׁקִיף	whoso-looketh-into
1	NT	NT jas 2:25	גַּם־רָחָב	also-Rahab
1	NT	NT jas 3:1	נַחְמִיר	shall-receive-the-greater
1	NT	NT jas 3:6	הַמַּגְאֶלֶת	that-defileth
1	NT	NT jas 3:7	וְנִכְבָּשִׁים	and-hath-been-tamed
1	NT	NT jas 3:12	גַּם־מַעְיָן	no-fountain
1	NT	NT jas 4:3	תְּבַלּוּ	you-may-consume-it
1	NT	NT jas 4:5	הִשְׁכִּין	he-made-to-dwell
1	NT	NT jas 4:8	חֲלוּקֵי	you-double
1	NT	NT jas 5:3	חֶלְאָתָם	the-rust-of-them
1	NT	NT jas 5:3	אֲצַרְתֶּם	you-have-heaped-together
1	NT	NT jas 5:4	עֲשַׁקְתֶּם	you-kept-back-by-fraud
1	NT	NT jas 5:5	הִתְעַדַּנְתֶּם	you-have-lived-in-pleasure
1	NT	NT jas 5:5	וְהִשְׁמַנְתֶּם	you-have-nourished
1	NT	NT john 2:10	שְׁתוֹתָם	men have drunk
1	NT	NT john 2:15	וַיְעַבְּתֵם	and twisted them
1	NT	NT john 2:15	הַשֻּׂלְחָנִים	of the changers,
1	NT	NT john 2:15	שֻׁלְחֲנֹתֵיהֶם	the tables;
1	NT	NT john 2:20	תְּקִימֶנּוּ	rear it up
1	NT	NT john 3:11	נָעִיד	testify
1	NT	NT john 4:38	נִכְנַסְתֶּם	are entered
1	NT	NT john 5:7	בְּהֵרָעֵשׁ	when is troubled
1	NT	NT john 5:11	הֶחֱלִימַנִי	made me whole,
1	NT	NT john 5:45	אֶטְעֹן	will accuse
1	NT	NT john 6:1	לְטִיבַרְיָה	the sea of Tiberias.
1	NT	NT john 6:19	בְּמִשּׁוֹטֵיהֶם	with their oars
1	NT	NT john 6:21	וַיּוֹאִילוּ	Then they willingly received
1	NT	NT john 7:3	גַם־תַּלְמִידֶיךָ	your disciples also
1	NT	NT john 8:9	נֹקְפָם	convicting them,
1	NT	NT john 8:10	הֲהִרְשִׁיעָךְ	hath condemned you?
1	NT	NT john 8:11	אַרְשִׁיעֵךְ	condemn you:
1	NT	NT john 8:46	יוֹכִיחֵנִי	convinceth me
1	NT	NT john 8:49	תִּבְזוּנִי	do dishonor me.
1	NT	NT john 10:5	תִּבְרַחְנָה	will flee
1	NT	NT john 10:16	גַּם־אֹתָן	them also,
1	NT	NT john 10:33	עַל־גַּדֶּפְךָ	for blasphemy;
1	NT	NT john 10:35	לֹא־יוּפָר	cannot be broken;
1	NT	NT john 11:11	אֲעִירֶנּוּ	I may awake him out of sleep.
1	NT	NT john 11:38	לְהִזָּעֵם	groaning in himself
1	NT	NT john 11:40	תֶּחֲזִי	you should see
1	NT	NT john 11:44	כְּרוּכֹת	bound
1	NT	NT john 11:44	בְּתַכְרִיכִין	with graveclothes:
1	NT	NT john 11:44	לוּטִים	was bound about
1	NT	NT john 12:3	לִטְרָא	a pound
1	NT	NT john 12:19	תוֹעִילוּ	you prevail
1	NT	NT john 12:23	שֶׁיִּפֹאַר	that should be glorified.
1	NT	NT john 12:26	גַּם־מְשָׁרֲתִי	also my servant
1	NT	NT john 12:33	לִרְמוֹז	signifying
1	NT	NT john 12:48	יִבְזֵנִי	rejecteth me,
1	NT	NT john 13:1	שַׁעְתּוֹ	his hour
1	NT	NT john 13:11	יִמְסְרֵיהוּ	should betray him;
1	NT	NT john 13:13	וְהֵיטַבְתֶּם	and you say well;
1	NT	NT john 13:24	לִדְרֹשׂ	that he should ask
1	NT	NT john 13:27	בִלְעוֹ	the sop
1	NT	NT john 14:9	תֵּדָעֵנִי	hast known me,
1	NT	NT john 14:26	וְהַפְּרַקְלִיט	But the Comforter,
1	NT	NT john 16:30	תִצְטָרֵךְ	needest
1	NT	NT john 17:4	פֵּאַרְתִּיךָ	have glorified you
1	NT	NT john 17:8	קִבְּלוּם	have received them,
1	NT	NT john 17:10	וְשֶׁלְּךָ	and yours
1	NT	NT john 17:10	וְנִתְפָּאַרְתִּי	and I am glorified
1	NT	NT john 17:15	שֶׁתִּצְּרֵם	that you should keep them
1	NT	NT john 17:20	מַעְתִּיר	pray
1	NT	NT john 18:16	אֶל־הַשֹּׁעֶרֶת	unto her that kept the door,
1	NT	NT john 18:17	הַשֹּׁעֶרֶת	that kept the door
1	NT	NT john 18:30	הִסְגַּרְנֻהוּ	we would have delivered him up
1	NT	NT john 19:6	וְהַצְלִיבֻהוּ	and crucify him:
1	NT	NT john 19:10	לִצְלָבְךָ	to crucify you,
1	NT	NT john 19:11	הַמַּסְגִּיר	he that delivered
1	NT	NT john 19:14	וְכַשָּׁעָה	and about hour:
1	NT	NT john 19:15	אֶצְלֹב	shall I crucify
1	NT	NT john 19:23	תְפוּרָה	seam,
1	NT	NT john 19:39	גַּם־נַקְדִּימוֹן	also Nicodemus,
1	NT	NT john 19:40	וַיְחַתְּלוּהָ	and wound it
1	NT	NT john 19:40	בְתַכְרִיכִין	in linen clothes
1	NT	NT john 20:7	הַתַּכְרִיכִין	the linen clothes,
1	NT	NT john 20:23	תַּאֲשִׁימוּ	you retain,
1	NT	NT john 21:6	לׇאֳנִיָּה	of the ship,
1	NT	NT john 21:10	לְכַדְתֶּם	you have caught.
1	NT	NT john 21:20	יִמְסְרֶךָ	betrayeth you?
1	NT	NT john 21:22	שֶׁיִּשָּׁאֵר	that he tarry
1	NT	NT john 21:25	שֶׁגַּם־הָעוֹלָם	that even the world
1	NT	NT jude 1:14	וְגַם־חֲנוֹךְ	and-also-Enoch
1	NT	NT jude 1:19	מִן־הַצִּבּוּר	from-the-congregation
1	NT	NT jude 1:21	וְחִכִּיתֶם	looking-for
1	NT	NT luke 1:36	קְרוֹבָתֵךְ	your kinswoman,
1	NT	NT luke 1:62	וַיִּרְמְזוּ	And they signed
1	NT	NT luke 2:7	וַתְּחַתְּלֵהוּ	and swaddled him,
1	NT	NT luke 2:12	מָחְתָּל	swaddled
1	NT	NT luke 2:22	טׇהֳרָם	their purification
1	NT	NT luke 2:37	מָשָׁה	departed she
1	NT	NT luke 2:43	וְהוֹרָיו	and his parents
1	NT	NT luke 2:48	בִּקַּשְׁנוּךָ	have sought you.
1	NT	NT luke 3:12	גַם־מוֹכְסִים	also tax-collectors
1	NT	NT luke 4:20	אֶל־הַחַזָּן	unto the attendant,
1	NT	NT luke 5:7	וּלְעׇזְרָם	and to help them;
1	NT	NT luke 5:19	הָרְעָפִים	the tiles,
1	NT	NT luke 6:11	וַיִּוָּסְדוּ	and took counsel
1	NT	NT luke 6:18	וְגַם־הַמְעֻנִּים	and also they that were tormented
1	NT	NT luke 6:24	אֵת־נֶחָמַתְכֶם	your consolation.
1	NT	NT luke 6:30	אַל־תִּתְבַּע	do not demand it
1	NT	NT luke 6:33	לְמֵטִיבֵיכֶם	unto those who do good unto you,
1	NT	NT luke 6:35	גַּם־לִכְפוּיֵי	also unto the ungrateful for
1	NT	NT luke 6:37	אַל־תְּחַיְּבוּ	condemn not,
1	NT	NT luke 6:37	תְחֻיָּבוּ	shall you be condemned;
1	NT	NT luke 6:37	נַקּוּ	absolve,
1	NT	NT luke 6:38	וּגְדוּשָׁה	and heaped up,
1	NT	NT luke 6:39	לְהַדְרִיךְ	lead
1	NT	NT luke 7:6	תִטְרַח	trouble thyself,
1	NT	NT luke 7:25	וְהַמְעֻנָּגִים	and they that live in delicacies,
1	NT	NT luke 7:43	שֶׁמָּחַל	unto whom he forgave
1	NT	NT luke 7:46	סַכְתָּ	didst anoint
1	NT	NT luke 8:17	גָּנוּז	concealed
1	NT	NT luke 8:24	וַיִּשְׁתְּקוּ	and they ceased,
1	NT	NT luke 8:29	בַּזִּיקִים	with fetters
1	NT	NT luke 8:43	לְרַפֹּאתָהּ	to heal her,
1	NT	NT luke 8:49	אַל־תַּטְרִיחַ	do not trouble
1	NT	NT luke 9:29	וְהִבְרִיק	and shone.
1	NT	NT luke 9:31	יְמַלְּאֶנָּה	he should accomplish
1	NT	NT luke 9:33	כְּהִפָּרְדָם	as they were parting
1	NT	NT luke 9:40	מִתַּלְמִידֶיךָ	of your disciples
1	NT	NT luke 9:42	וַיְרוֹצֲצֵהוּ	and convulsed him.
1	NT	NT luke 9:45	אֶת־הַמַּאֲמָר	the saying
1	NT	NT luke 9:45	עַל־הַמַּאֲמָר	concerning the saying
1	NT	NT luke 10:11	נְנַעֲרֵהוּ	we shake off
1	NT	NT luke 10:24	חָשְׁקוּ	have desired
1	NT	NT luke 10:30	וְגַם־פְּצָעֻהוּ	and also wounded him,
1	NT	NT luke 10:34	וַיְסוּכֵם	and poured into them
1	NT	NT luke 11:24	תְּשׁוֹטֵט	walketh
1	NT	NT luke 11:27	נְשָׂאַתְךָ	bare you,
1	NT	NT luke 11:30	גַם־בֶּן־הָאָדָם	also the Son of man
1	NT	NT luke 11:34	גַּם־גּוּפֶךָ	your body also.
1	NT	NT luke 11:42	וְאֶת־הַפִּיגַם	and rue
1	NT	NT luke 11:43	בִשְׁלוֹמְכֶם	of your peace
1	NT	NT luke 12:3	לְחַשְׁתֶּם	you have spoken in the ear
1	NT	NT luke 12:9	וְהַמְכַחֵשׁ	But he that denieth
1	NT	NT luke 12:37	וְיוֹשִׁיבֵם	and make them to sit down to meat,
1	NT	NT luke 12:42	אֶת־אֲרֻחָתָם	their portion of meat
1	NT	NT luke 12:58	הִשְׁתַּדֵּל	give diligence
1	NT	NT luke 12:58	יִמְסָרְךָ	deliver you
1	NT	NT luke 13:11	זְקוּפָה	upright.
1	NT	NT luke 13:12	מֵחָלְיֵךְ	from your infirmity.
1	NT	NT luke 13:18	אַמְשִׁילֶנָּה	shall I resemble it?
1	NT	NT luke 13:32	אֶל־הַשּׁוּעָל	fox,
1	NT	NT luke 13:34	אֶת־הַנִּשְׁלָחִים	them that are sent
1	NT	NT luke 14:23	אֶל־הָעָבֶד	unto the servant,
1	NT	NT luke 14:26	וְאֶת־אַחְיֹתָיו	and sisters,
1	NT	NT luke 15:7	לֹא־יִצְטָרְכוּ	need no
1	NT	NT luke 15:8	וּתְטַאטֵא	and sweep
1	NT	NT luke 15:16	מֵהַחֲרוּבִים	with the husks
1	NT	NT luke 16:1	וַיַּלְשִׁינֻהוּ	and the same was accused
1	NT	NT luke 16:3	וְלַחֲזוֹר	to go begging
1	NT	NT luke 16:24	לְקָרֵר	and cool
1	NT	NT luke 17:18	שֶׁיָּשׁוּב	returned
1	NT	NT luke 18:3	מִמְּרִיבִי	of mine adversary.
1	NT	NT luke 18:5	וְדִכְּאַתְנִי	she weary me
1	NT	NT luke 19:12	מִן־הָאַצִּילִים	nobleman
1	NT	NT luke 19:24	הַמָּנִים	pounds.
1	NT	NT luke 19:36	הִצִּיעוּ	they spread
1	NT	NT luke 19:39	בְּתַלְמִידֶיךָ	your disciples.
1	NT	NT luke 19:40	תִּזְעָקְנָה	would immediately cry out.
1	NT	NT luke 19:43	וְצָרוּ	and keep in
1	NT	NT luke 20:6	שֶׁיּוֹחָנָן	that John
1	NT	NT luke 20:20	מִתְחַפְּשִׂים	which should feign themselves
1	NT	NT luke 20:23	אֶת־נִכְלֵיהֶם	their craftiness,
1	NT	NT luke 20:37	וְגַם־משֶׁה	Now that Moses
1	NT	NT luke 20:37	רָמַז	shewed
1	NT	NT luke 21:2	נֹתֶנֶת	casting in
1	NT	NT luke 21:14	תִּצְטַדָּקוּ	you shall answer:
1	NT	NT luke 21:16	וְגַם־תִּמָּסְרוּ	And you shall be betrayed
1	NT	NT luke 21:20	חָרְבָּנָהּ	the desolation thereof
1	NT	NT luke 21:36	וְהִתְיַצַּבְתֶּם	and to stand
1	NT	NT luke 22:6	תּוֹאֲנָה	opportunity
1	NT	NT luke 22:24	וְגַם־מְרִיבָה	And also a strife
1	NT	NT luke 22:29	הִנְחִילַנִי	hath appointed unto me;
1	NT	NT luke 22:35	וְתַרְמִיל	and scrip,
1	NT	NT luke 22:36	גַּם־אֶת־הַתַּרְמִיל	his scrip:
1	NT	NT luke 22:39	גַּם־תַּלְמִידָיו	his disciples also.
1	NT	NT luke 22:53	שְׁעַתְכֶם	is your hour,
1	NT	NT luke 23:5	מַדִּיחַ	He stirreth up
1	NT	NT luke 23:11	זְהוֹרִית	gorgeous
1	NT	NT luke 23:15	וְגַם־הוֹרְדוֹס	No, nor yet Herod:
1	NT	NT luke 23:18	כׇל־הֲמוֹנָם	all at once,
1	NT	NT luke 23:31	הַלָּח	green
1	NT	NT luke 23:48	בְּהַבִּיטָם	beholding
1	NT	NT luke 23:53	וַיִּכְרְכֶהָ	and wrapped it
1	NT	NT luke 23:56	וַתָּכֵנָּה	and prepared
1	NT	NT luke 24:7	וּלְהִצָּלֵב	and be crucified,
1	NT	NT luke 24:35	קָרָם	was done
1	NT	NT luke 24:42	חֲתִיכַת	a piece of
1	NT	NT mark 1:7	מִלִּכְרֹעַ	to stoop down
1	NT	NT mark 2:21	תֹּפֵר	also seweth
1	NT	NT mark 2:21	מִלוּיוֹ	that which filleth it up,
1	NT	NT mark 3:6	לְהִתְיָעֵץ	took counsel
1	NT	NT mark 3:9	יִדְחָקוּהוּ	they should throng him.
1	NT	NT mark 3:11	וַתִּצְעַקְנָה	and cried,
1	NT	NT mark 3:12	לֹא־תְגַלֶּינָה	they should not make
1	NT	NT mark 4:22	נִגְנַז	was kept secret
1	NT	NT mark 4:30	נַמְשִׁילֶנָּה	shall we compare it?
1	NT	NT mark 4:39	וַתָּשָׁךְ	And ceased,
1	NT	NT mark 5:34	מִנִּגְעֵךְ	of your plague.
1	NT	NT mark 5:38	וְהַמְיַלֲלִים	and wailed
1	NT	NT mark 6:9	סַנְדָּל	with sandals;
1	NT	NT mark 6:56	שֶׁיִּגְּעוּ	that they might touch
1	NT	NT mark 7:19	אִם־בִּכְרֵשׂוֹ	into the belly,
1	NT	NT mark 7:25	בְּבִתָּהּ	into her daughter
1	NT	NT mark 7:36	יַזְהִירֵם	he charged them,
1	NT	NT mark 9:20	וַיְזַעֲזֵעֵנוּ	tare him,
1	NT	NT mark 9:20	וַיִּתְגּוֹלֵל	and wallowed
1	NT	NT mark 9:26	וַיְזַעֲזֵעַ	and rent
1	NT	NT mark 9:43	קִטֵּע	maimed,
1	NT	NT mark 11:18	מִשְׁתּוֹמְמִים	was astonished
1	NT	NT mark 11:21	אֵרַרְתָּהּ	you cursedst
1	NT	NT mark 12:4	מָחֲצוּ	wounded
1	NT	NT mark 12:15	אֶת־חֲנֻפָּתָם	their hypocrisy,
1	NT	NT mark 12:31	הַדֹּמָה	is like,
1	NT	NT mark 13:28	כְּשֶׁיִּרְטַב	When is yet tender,
1	NT	NT mark 13:34	וְאֶת־הַשׂוֹעֵר	and the porter
1	NT	NT mark 14:4	מִתְרָעֲמִים	had indignation
1	NT	NT mark 14:4	אִבּוּד	waste
1	NT	NT mark 14:7	וּכְשֶׁתִּרְצוּ	and whensoever you will
1	NT	NT mark 14:8	קִדְּמָה	she is come aforehand
1	NT	NT mark 14:44	וְהַמּוֹסֵר	And he that betrayed
1	NT	NT mark 14:59	וְגַם־בָּזֹאת	But neither so
1	NT	NT mark 15:11	הַתִּיר	release
1	NT	NT mark 15:31	הִתְלוֹצְצוּ	mocking said
1	NT	NT mark 15:32	וְגַם־הַנִּצְלָבִים	And they that were crucified
1	NT	NT mark 15:34	שְׁבַקְתַּנִי	sabachthani?
1	NT	NT mark 15:42	שֶׁלִּפְנֵי	before
1	NT	NT mark 15:46	וַיִּכְרְכֵהוּ	and wrapped him
1	NT	NT mark 15:46	וַיָּגָל	and rolled
1	NT	NT mark 16:4	וּבְהַבִּיטָן	And when they looked,
1	NT	NT mark 16:5	וַתִּשְׁתּוֹמַמְנָה	and they were affrighted.
1	NT	NT mark 16:6	אַל־תִּשְׁתּוֹמַמְנָה	Be not affrighted:
1	NT	NT mark 16:8	וַתְּנוּסֶינָה	and fled
1	NT	NT matt 1:12	גְּלוֹתָם	they were brought
1	NT	NT matt 1:20	הַנּוֹצָר	that which is conceived
1	NT	NT matt 4:19	לְדַיְּגֵי	fishers of
1	NT	NT matt 4:24	הַמְעֻנִּים	that were taken with
1	NT	NT matt 5:28	כׇּל־הַמִּסְתַּכֵּל	That whosoever looketh
1	NT	NT matt 5:33	שְׁבֻעוֹתֶיךָ	your oaths:
1	NT	NT matt 5:46	גַּם־הַמֹּכְסִים	the publicans
1	NT	NT matt 5:47	גַם־הַמֹּכְסִים	the publicans
1	NT	NT matt 6:2	אַל־תָּרִיעַ	do not sound
1	NT	NT matt 6:7	אַל־תְּפַטְפְּטוּ	use not vain repetitions,
1	NT	NT matt 6:14	יִמְחַל	will also forgive
1	NT	NT matt 6:15	לֹא־יִמְחַל	forgive
1	NT	NT matt 7:24	אֲדַמֵּהוּ	I will liken him
1	NT	NT matt 8:20	לַשׂוּעָלִים	The foxes
1	NT	NT matt 8:28	רַגְזָנִים	fierce,
1	NT	NT matt 8:32	הִשְׂתָּעֵר	ran violently
1	NT	NT matt 9:36	אֶת־הַהֲמֹנִים	the multitudes,
1	NT	NT matt 9:36	מִתְעַלְּפִים	fainted,
1	NT	NT matt 10:28	בְּגֵיהִנֹּם	in hell.
1	NT	NT matt 11:17	סְפַדְתֶּם	lamented.
1	NT	NT matt 11:29	אֶת־עֻלִי	my yoke
1	NT	NT matt 12:25	הַנֶּחֱלָקִים	divided
1	NT	NT matt 12:37	תְּחֻיָּב	you shall be condemned.
1	NT	NT matt 13:7	וַיְמַעֲכֻהוּ	and choked them:
1	NT	NT matt 13:12	וְיַעֲדִיף	and he shall have more abundance:
1	NT	NT matt 13:22	יְמַעֲכוּ	choke
1	NT	NT matt 13:26	גַּם־הַזּוּנִין	the tares also.
1	NT	NT matt 13:29	וְשֵׁרַשְׁתֶּם	you root up
1	NT	NT matt 14:22	וַיָּאֶץ	And straightway constrained
1	NT	NT matt 15:2	נֹטְלִים	wash
1	NT	NT matt 15:11	הַנִּכְנָס	that which goeth into
1	NT	NT matt 15:17	אֶל־הַכֶּרֶשׂ	into the belly,
1	NT	NT matt 15:19	רְצִיחוֹת	murders,
1	NT	NT matt 15:28	בִתָּהּ	her daughter
1	NT	NT matt 15:31	וְהַקִּטְּעִים	the maimed
1	NT	NT matt 17:12	גַּם־בֶּן־הָאָדָם	shall also the Son of man
1	NT	NT matt 17:24	גַּבָּאֵי	they that received
1	NT	NT matt 18:8	קִטֵּעַ	maimed,
1	NT	NT matt 18:14	שֶׁיֹּאבַד	that should perish.
1	NT	NT matt 18:24	לְחַשֵׁב	to reckon,
1	NT	NT matt 18:27	וַיִּמְחֹל	and forgave
1	NT	NT matt 18:28	וַיַּחְנְקֵהוּ	and took him by the throat,
1	NT	NT matt 18:33	גַם־עָלֶיךָ	you also
1	NT	NT matt 19:12	שֶׁיּוּכַל	is able
1	NT	NT matt 19:21	אֶת־רְכֻשְׁךָ	that you have,
1	NT	NT matt 19:25	הִשְׁתּוֹמֲמוּ	they were amazed
1	NT	NT matt 20:2	וַיִּפְסַק	And when he had agreed
1	NT	NT matt 20:9	הַנִּשְׂכָּרִים	that were hired
1	NT	NT matt 20:12	אֶת־טֹרַח	the burden
1	NT	NT matt 20:12	וְחֻמּוֹ	and heat.
1	NT	NT matt 20:13	פָּסַקְתָּ	agree
1	NT	NT matt 20:19	וְלִצְלֹב	and to crucify
1	NT	NT matt 20:31	לְהַחֲשֹׁתָם	because they should hold their peace:
1	NT	NT matt 21:30	גַּם־אֵלָיו	also.
1	NT	NT matt 21:39	וַיִּדְחָפוּהוּ	and cast
1	NT	NT matt 22:31	אֶת־הַנֶּאֱמָר	that which was spoken
1	NT	NT matt 23:4	לַהֲנִיעָם	to move them
1	NT	NT matt 23:5	אֶת־תְּפִלֵּיהֶם	their phylacteries,
1	NT	NT matt 23:15	גַּיֵּר	make a proselyte of
1	NT	NT matt 23:21	וּבַשׂוֹכֵן	and by him that dwelleth
1	NT	NT matt 23:23	וְאֶת־הַכַּמֹּן	and cummin,
1	NT	NT matt 23:23	וַתַּנִּיחוּ	and have omitted
1	NT	NT matt 23:24	הַמְסַנֲנִים	which strain at
1	NT	NT matt 23:24	אֵת־הַיַּתּוּשׁ	a gnat,
1	NT	NT matt 23:25	וְגַרְגְּרָנוּת	and excess.
1	NT	NT matt 23:27	הַמְסֻיָּדִים	whited
1	NT	NT matt 23:34	וְתִצְלְבוּ	and crucify;
1	NT	NT matt 24:32	יִרְטַב	is yet tender,
1	NT	NT matt 25:5	וַתָּנֹמְנָה	they slumbered
1	NT	NT matt 25:5	וַתֵּרָדַמְנָה	and slept.
1	NT	NT matt 25:7	וַתֵּיטַבְנָה	and trimmed
1	NT	NT matt 25:8	מִשַׁמְנְכֶן	of your oil;
1	NT	NT matt 25:10	הַנְּכֹנוֹת	they that were ready
1	NT	NT matt 25:11	גַּם־יֶתֶר	also the other
1	NT	NT matt 25:24	גַּם־הַלֹּקֵחַ	he which had received
1	NT	NT matt 25:29	וְיַעְדִּיף	and he shall have abundance:
1	NT	NT matt 25:35	וַתַּאֲכִילֻנִי	and you gave me meat:
1	NT	NT matt 25:37	וַנְּכַלְכְּלֶךָ	and fed you?
1	NT	NT matt 25:43	בִקַּרְתֶּם	you visited
1	NT	NT matt 25:44	שֵׁרַתְנוּךָ	minister unto you?
1	NT	NT matt 26:8	הָאִבּוּד	is waste?
1	NT	NT matt 26:53	לִגְיוֹנוֹת	legions
1	NT	NT matt 27:16	מְפֻרְסָם	notable,
1	NT	NT matt 27:20	הִסִּיתוּ	persuaded
1	NT	NT matt 27:29	וַיִּתְלוֹצֲצוּ	and mocked
1	NT	NT matt 27:38	וַיִּצָּלְבוּ	Then were there crucified
1	NT	NT matt 27:46	שְׁבַקְתָּנִי	sabachthani?
1	NT	NT matt 27:65	סִכְרוּהוּ	make it as sure
1	NT	NT matt 28:8	וַתָּרֹצְנָה	and did run
1	NT	NT matt 28:9	וַתֹּאחַזְנָה	and held him
1	NT	NT matt 28:10	וְהַגֵּדְנָה	tell
1	NT	NT matt 28:14	נְפַיְסֵהוּ	will persuade him,
1	NT	NT phm 1:10	עַל־אֳנִיסִימוֹס	concerning-Onesimus
1	NT	NT phm 1:11	גַּם־לְךָ	also-for-you
1	NT	NT phm 1:13	שֶׁיְּשָׁרֲתֵנִי	that-he-might-minister-to-me
1	NT	NT phm 1:22	וְגַם־לִי	and-also-to-me
1	NT	NT php 1:6	שֶׁגַּם־יִגְמְרֶנּוּ	that-also-He-will-complete-it
1	NT	NT php 1:16	מִמְּרִיבָה	from-strife
1	NT	NT php 1:18	שֶׁיֻּכְרַז	that-is-proclaimed
1	NT	NT php 1:30	גַם־לָכֶם	also-to-you
1	NT	NT php 2:13	גַּם־לַחְפֹּץ	both-to-will
1	NT	NT php 2:13	גַּם־לִפְעֹל	and-to-do
1	NT	NT php 2:27	גַּם־עָלַי	also-I-must
1	NT	NT php 2:30	בְּשָׁרֶתְכֶם	in-your-service
1	NT	NT php 3:1	טֹרַח	grievous
1	NT	NT php 3:4	שֶׁגַּם־לִי	that-also-to-me
1	NT	NT php 3:4	שֶׁיָּכֹל	that-he-may
1	NT	NT php 3:8	וָאֶחְשְׁבֵם	and-I-count-them
1	NT	NT php 3:8	לְהַרְוִיחַ	to-gain
1	NT	NT php 3:12	שֶׁהִשַׂגְתִּי	that-I-had-attained
1	NT	NT php 3:12	שֶׁהָשְׁלַמְתִּי	were-already-perfect
1	NT	NT php 3:12	גַּם־הִשִׂיגַנִי	I-am-apprehended-of
1	NT	NT php 3:13	וְאֶשְׁתַּטֵּחַ	and-reaching-forth
1	NT	NT php 3:19	כְּרֵסָם	their-belly
1	NT	NT php 3:20	אֶזְרָחוּתֵנוּ	our-citizenship
1	NT	NT php 4:1	הַחֲבִיבִים	the-beloved-ones
1	NT	NT php 4:3	שֶׁיָּגְעוּ	who-labored
1	NT	NT php 4:10	הֶחֱלַפְתֶּם	you-have-revived
1	NT	NT php 4:10	וְגַם־מַשְׁגִּיחִים	and-also-careful
1	NT	NT php 4:11	לְהִסְתַּפֵּק	to-be-content
1	NT	NT php 4:14	בְּהִתְחַבֶּרְכֶם	in-your-sharing
1	NT	NT php 4:17	בְּחֶשְׁבֹּנְכֶם	to-your-account
1	NT	NT php 4:19	כְּעשֶׁר	according-to-the-riches-of
1	NT	NT rev 1:14	צַחַר	white
1	NT	NT rev 2:2	וְאֶת־סָבְלֶךָ	and-your-patience
1	NT	NT rev 2:3	יָעָפְתָּ	hast-fainted
1	NT	NT rev 2:11	יִנָּזֵק	shall-be-hurt
1	NT	NT rev 2:15	גַּם־בְּךָ	also-in-you
1	NT	NT rev 2:17	אַאֲכִילֶנּוּ	will-I-give-to-eat
1	NT	NT rev 2:17	הַגָּנוּז	hidden
1	NT	NT rev 2:19	וְסָבְלֶךָ	and-your-patience
1	NT	NT rev 2:20	תַנִּיחַ	you-sufferest
1	NT	NT rev 2:27	וְרָעָם	and-he-shall-rule-them
1	NT	NT rev 3:10	מִשְּׁעַת	from-the-hour-of
1	NT	NT rev 3:16	פּוֹשֵׁר	lukewarm
1	NT	NT rev 3:16	אֲקִיאֲךָ	I-will-spue-you-out
1	NT	NT rev 3:18	וְקִלּוּרִית	and-eyesalve
1	NT	NT rev 5:4	וָאֵבְךְּ	and-I-wept
1	NT	NT rev 5:5	חוֹתָמָיו	seals-thereof
1	NT	NT rev 5:9	נִשְׁחַטְתָּ	wast-slain
1	NT	NT rev 6:6	קַבִּים	measures-of
1	NT	NT rev 6:11	שֶׁסּוֹפָם	that-should-be
1	NT	NT rev 7:16	וְשָׁרָב	nor-any-heat
1	NT	NT rev 9:5	לְהַכְאִיבָם	that-they-should-be-tormented
1	NT	NT rev 9:5	וּכְאֵבָם	and-their-torment
1	NT	NT rev 9:8	כִּשְׂעַר	as-the-hair-of
1	NT	NT rev 9:10	וׇעֳקָצִים	and-there-were-stings
1	NT	NT rev 9:10	וְהָשְׁלְטוּ	and-their-power-was
1	NT	NT rev 9:21	וּלְכַשֵּׁף	and-to-use-sorcery
1	NT	NT rev 10:6	שָׁהוּת	time
1	NT	NT rev 11:2	וְאַל־תְּמֻדֶּנָּה	and-measure-it-not
1	NT	NT rev 11:18	קֶצְפְּךָ	your-wrath
1	NT	NT rev 12:9	הַמַּדִּיחַ	which-deceiveth
1	NT	NT rev 13:3	וַתִּשְׁתּוֹמֵם	and-wondered
1	NT	NT rev 13:13	וְנֹתֶנֶת	and-he-doeth
1	NT	NT rev 13:16	יַתְווּ	that-they-should-receive
1	NT	NT rev 14:9	צַלְמָהּ	his-image
1	NT	NT rev 14:12	סַבְלָנוּתָם	the-patience
1	NT	NT rev 15:2	וְאֶת־הַמִּתְגַּבְּרִים	and-them-that-had-victory
1	NT	NT rev 15:6	עַל־חֲזוֹתֵיהֶם	about-their-breasts
1	NT	NT rev 16:11	מִמַּכְאֹבָם	because-of-their-pains
1	NT	NT rev 16:12	לְיַשֵּׁר	to-prepare
1	NT	NT rev 16:17	בַּאֲוִיר	into-the-air
1	NT	NT rev 17:7	הִשְׁתּוֹמַמְתָּ	did-you-marvel
1	NT	NT rev 17:15	וַהֲמֹנִים	and-multitudes
1	NT	NT rev 18:4	וּפֶן־תֻּכּוּ	and-that-you-receive-not
1	NT	NT rev 18:6	שֶׁגָּמְלָה	as-she-rewarded
1	NT	NT rev 18:12	וָשָׁיִשׁ	and-marble
1	NT	NT rev 18:13	וַאֲמוֹמוֹן	and-odors
1	NT	NT rev 18:14	וּמִַצְהִיר	and-goodly
1	NT	NT rev 21:2	הַמְקֻשֶּׁטֶת	adorned
1	NT	NT rev 21:4	וְגַם־אֵבֶל	neither-sorrow
1	NT	NT rev 21:8	רַכֵּי	the-fearful-of
1	NT	NT rev 21:11	הַמַּבְהֶקֶת	clear
1	NT	NT rev 21:20	אַחְלָמָה	amethyst
1	NT	NT rev 22:1	מַבְהִיק	bright
1	NT	NT rev 22:5	יִצְטָרְכוּ	they-need
1	NT	NT rev 22:11	לְהִטַּמֵּא	filthy
1	NT	NT rom 1:10	אַצְלִיחַ	I-might-prosper
1	NT	NT rom 1:16	וְגַם־לַיְּוָנִי	and-also-to-the-Greek
1	NT	NT rom 1:27	וַיֵּחַמּוּ	burned
1	NT	NT rom 1:27	בְּתַאֲוָתָם	in-their-lust
1	NT	NT rom 1:32	גַם־רוֹצִים	also-have-pleasure
1	NT	NT rom 2:1	תְּחַיֵּב	you-condemnest
1	NT	NT rom 2:9	וְגַם־עַל־הַיְּוָנִי	and-also-of-the-Gentile
1	NT	NT rom 2:25	מִילָתְךָ	your-circumcision
1	NT	NT rom 2:27	וְהַמִּילָה	and-circumcision
1	NT	NT rom 2:28	לֹא־הַמְצֻיָּן	not-he-that-is-outward
1	NT	NT rom 3:3	הַיְבַטֵּל	shall-make-without-effect
1	NT	NT rom 3:8	מְחָרֲפֵינוּ	them-which-slander-us
1	NT	NT rom 3:19	שֶׁיִּסָּכֵר	may-be-stopped
1	NT	NT rom 3:20	שֶׁמִּמַּעֲשֵׂי	by-the-deeds-of
1	NT	NT rom 3:27	אֵיזוּ	what
1	NT	NT rom 3:31	הַמְבַטְּלִים	do-we-make-void
1	NT	NT rom 4:5	בַּמַּצְדִּיק	on-him-that-justifieth
1	NT	NT rom 4:12	גַּם־לַמּוּלִים	of-circumcision-also
1	NT	NT rom 4:20	כִּמְחֻסַּר	through-lack-of
1	NT	NT rom 4:22	גַּם־נֶחְשְׁבָה־לּוֹ	it-was-imputed-to-him
1	NT	NT rom 4:23	שֶׁנֶּחְשְׁבָה	that-it-was-imputed
1	NT	NT rom 4:24	לְהֵחָשֵׁב	be-imputed
1	NT	NT rom 5:2	וְנִתְהַלֵּל	and-rejoice
1	NT	NT rom 5:4	עֲמִידָה	experience
1	NT	NT rom 5:5	תָבִישׁ	maketh-ashamed
1	NT	NT rom 5:7	שֶׁיִּשָׂאֵהוּ	would-move-him
1	NT	NT rom 5:9	שֶׁנִּוָּשַׁע	we-shall-be-saved
1	NT	NT rom 5:11	שֶׁמִּתְהַלֲלִים	that-we-joy
1	NT	NT rom 6:4	מְחֻדָּשִׁים	newness-of
1	NT	NT rom 6:5	דְּבוּקִים	planted-together
1	NT	NT rom 6:14	יִשְׂתָּרֵר	shall-have-dominion
1	NT	NT rom 6:18	שֻׁחֲרַרְתֶּם	you-were-made-free
1	NT	NT rom 6:18	הִשְׁתַּעְבַּדְתֶּם	you-became-servants
1	NT	NT rom 6:22	מְשֻׁחֲרָרִים	made-free
1	NT	NT rom 6:22	וּמְשֻׁעְבָּדִים	and-become-servants
1	NT	NT rom 7:6	חִדּוּשׁ	newness-of
1	NT	NT rom 7:7	הַחִמּוּד	lust
1	NT	NT rom 7:8	כׇּל־חִמּוּד	all-manner-of-concupiscence
1	NT	NT rom 7:11	וַיְמִיתֵנִי	and-slew-me
1	NT	NT rom 7:13	שֶׁיֵּרָאֶה	might-appear
1	NT	NT rom 7:23	הַלּחֵם	warring-against
1	NT	NT rom 8:3	שֶׁנֶּחֱלַשׁ	was-weak
1	NT	NT rom 8:4	שֶׁתְּקֻיַּם	might-be-fulfilled
1	NT	NT rom 8:7	שֶׁמַּחֲשֶׁבֶת	the-mind-of
1	NT	NT rom 8:7	תִשְׁתַּעְבֵּד	is-subject
1	NT	NT rom 8:18	שֶׁעִנּוּיֵי	that-the-sufferings-of
1	NT	NT rom 8:25	וְנוֹחִיל	with-patience
1	NT	NT rom 8:30	גַּם־הִצְדִיק	he-also-justified
1	NT	NT rom 8:34	יַאֲשִׁימֵם	that-condemneth
1	NT	NT rom 8:39	לְהַפְרִידֵנוּ	to-separate-us
1	NT	NT rom 9:23	גַּם־אֶת־עשֶׁר	also-the-riches-of
1	NT	NT rom 10:2	שֶׁמְּקַנְּאִים	that-they-have-a-zeal
1	NT	NT rom 10:12	הַפְרֵשׁ	difference
1	NT	NT rom 10:19	אַקְנִיאֲכֶם	will-provoke-you-to-jealousy
1	NT	NT rom 11:11	הַקְנִיאָם	to-provoke-them-to-jealousy
1	NT	NT rom 11:12	וְנִזְקָם	and-their-loss
1	NT	NT rom 11:16	הָעִסָּה	the-lump
1	NT	NT rom 11:17	וְנִתְחַבַּרְתָּ	and-partakest
1	NT	NT rom 11:21	גַּם־עָלֶיךָ	also-you
1	NT	NT rom 11:23	לְהַרְכִּיבָם	to-graff-them-in
1	NT	NT rom 11:24	שֶׁיֻּרְכְּבוּ	shall-be-graffed
1	NT	NT rom 11:25	טִמְטוּם	blindness-of
1	NT	NT rom 11:31	חֲנִינַתְכֶם	your-mercy
1	NT	NT rom 12:7	יַעֲסֹק	wait-on
1	NT	NT rom 12:8	בְּסֵבֶר	with-cheerfulness
1	NT	NT rom 12:10	מְחַבְּבִים	being-kindly-affectioned
1	NT	NT rom 13:1	נִתְמַנּוּ	are-ordained
1	NT	NT rom 13:9	הַמַּאֲמָר	the-saying
1	NT	NT rom 13:10	לָרֵע	to-his-neighbor
1	NT	NT rom 14:2	שֶׁמֻּתָּר	he-may
1	NT	NT rom 14:2	וְהֶחָלוּשׁ	and-he-that-is-weak
1	NT	NT rom 14:14	שֶׁיַּחְשְׁבֶנּוּ	that-esteemeth-it
1	NT	NT rom 14:15	בְּאׇכְלְךָ	with-your-meat
1	NT	NT rom 15:18	לֹא־אָעֵז	I-dare-not
1	NT	NT rom 15:20	בְּהִשְׁתַּדְּלִי	yea-so-have-I-strived
1	NT	NT rom 15:30	בְּהַעְתִּירְכֶם	in-your-prayers
1	NT	NT rom 16:4	גַּם־כׇּל־קְהִלּוֹת	also-all-the-churches-of
1	NT	NT rom 16:23	הַמְאָרֵחַ	host-of
1	NT	NT rom 16:25	וְכִקְרִיאַת	and-the-preaching-of
1	NT	NT rom 16:26	נִתְפַּרְסֵם	is-made-manifest
1	NT	NT tit 1:10	וּמַתְעֵי	and-deceivers
1	NT	NT tit 1:12	כְּרֵשִׂים	slow
1	NT	NT tit 2:2	משְׁלִים	sober
1	NT	NT tit 2:3	דַרְכָּן	in-behavior
1	NT	NT tit 2:6	תַּזְהִיר	exhort
1	NT	NT tit 2:9	וְיִתְרַצּוּ	and-to-please-them-well
1	NT	NT tit 2:14	הַזָּרִיז	zealous
1	NT	NT tit 2:15	וְתַזְהִיר	and-exhort
1	NT	NT tit 3:1	וְלַשִּׁלְטוֹנִים	and-powers
1	NT	NT tit 3:3	וְתוֹעִים	deceived
1	NT	NT tit 3:5	וְחִדּוּשׁ	renewing-of
1	NT	NT tit 3:8	שֶׁתְּקַיֵּם	that-you-affirm-constantly
1	D&C	D&C dc101_110 1:9	אֶזְנְחֵם	I will cast them off
1	D&C	D&C dc101_110 1:19	יִתְקַיְּמוּ	might be fulfilled
1	D&C	D&C dc101_110 1:41	יִוָּסְרוּ׃	be chastened—
1	D&C	D&C dc101_110 1:53	חוֹמוֹתָיו	the walls thereof—
1	D&C	D&C dc101_110 1:53	לְהֵרָדֵם	have fallen asleep,
1	D&C	D&C dc101_110 1:55	לְהִשָּׁאֵר׃	to tarry;
1	D&C	D&C dc101_110 1:61	חוֹתָמִי	my seal
1	D&C	D&C dc101_110 1:81	לְהִתְעַלֵּף	to faint,
1	D&C	D&C dc101_110 1:82	חָשַׁשׁ	regarded
1	D&C	D&C dc101_110 1:84	תַּלְאֶה	she weary
1	D&C	D&C dc101_110 1:89	יַרְגִּיז	vex
1	D&C	D&C dc101_110 1:92	לְצַעֲקַתְכֶם	unto your cries,
1	D&C	D&C dc101_110 1:2	תָּקֹמְנָה	might arise
1	D&C	D&C dc101_110 1:2	לְהִתְיַשֵּׁב	settled
1	D&C	D&C dc101_110 1:10	וּזְכוּתוֹ	and it is his privilege
1	D&C	D&C dc101_110 1:17	זוּגִיִּים	even
1	D&C	D&C dc101_110 1:17	וְי״ב	and 12
1	D&C	D&C dc101_110 1:6	עַצְמָהּ׃	very itself
1	D&C	D&C dc101_110 1:14	נַחֲלוֹתֵיהֶם׃	their inheritances.
1	D&C	D&C dc101_110 1:26	בְּהִנָּקְמִי	in avenging me
1	D&C	D&C dc101_110 1:36	כׇּל־נִצָּחוֹן	All victory
1	D&C	D&C dc101_110 1:2	בְּהַבְטָחָה	With promise
1	D&C	D&C dc101_110 1:10	תִּמְסְרוּהוּ	that you shall deliver him over
1	D&C	D&C dc101_110 1:16	בְּהַשְׁפָּלַת	shall be exalted, in that are made low
1	D&C	D&C dc101_110 1:18	בְּיִסּוּרִים׃	being in torment.
1	D&C	D&C dc101_110 1:20	הַבֻּרְסְקִי	the tannery
1	D&C	D&C dc101_110 1:48	הִתְאַרְגְּנָם	they are organized
1	D&C	D&C dc101_110 1:58	לְהִתְאַרְגֵּן	to organize yourselves,
1	D&C	D&C dc101_110 1:71	יִשְׁתַּמְּשׁוּ	be used,
1	D&C	D&C dc101_110 1:80	לְהַצָּלַתְכֶם׃	for your deliverance
1	D&C	D&C dc101_110 1:82	הַנִּצָּחוֹן׃	the victory.
1	D&C	D&C dc101_110 1:84	זְכוּתְכֶם׃	your privilege
1	D&C	D&C dc101_110 1:22	יִתְקַיְּמוּ׃	shall be fulfilled.
1	D&C	D&C dc101_110 1:31	וְדִגְלָיו	and that her banners
1	D&C	D&C dc101_110 1:34	גְאֻלָּתָהּ׃	her redemption
1	D&C	D&C dc101_110 1:2	וְיַטִּיף	And should preach
1	D&C	D&C dc101_110 1:15	רְשׁוּתָהּ׃	authority of the same.
1	D&C	D&C dc101_110 1:18	הָרוּחָנִיּוֹת׃	spiritual—
1	D&C	D&C dc101_110 1:26	הַמְיֻחָדִים	special
1	D&C	D&C dc101_110 1:31	עֲקָרִים	unfruitful
1	D&C	D&C dc101_110 1:36	סַנְהֶדְרִיּוֹת	The councils of
1	D&C	D&C dc101_110 1:53	עוֹנְדִי	ondi-
1	D&C	D&C dc101_110 1:62	וְגַם׃	and also the deacons
1	D&C	D&C dc101_110 1:68	הַזְּמַנִּיִּים׃	temporal
1	D&C	D&C dc101_110 1:71	לְהֻפְרָשׁ	be set apart
1	D&C	D&C dc101_110 1:77	הַסַּנְהֶדְרִיּוֹת	the councils
1	D&C	D&C dc101_110 1:96	מֵהֶכְרֵחַ׃	of necessity
1	D&C	D&C dc101_110 1:6	וְיִתְקַיֵּם	And it shall be fulfilled
1	D&C	D&C dc101_110 1:9	תִּשָּׁפַכְנָה	shall be poured out,
1	D&C	D&C dc109 1:10	לִכְבוֹדְךָ	to your honor
1	D&C	D&C dc109 1:31	בְּהֵעִידָם	in bearing record
1	D&C	D&C dc109 1:36	מְפֻצָּלוֹת	cloven
1	D&C	D&C dc109 1:36	וּפֵרוּשָׁן׃	and the interpretation thereof.
1	D&C	D&C dc109 1:37	סוֹעָה	rushing
1	D&C	D&C dc109 1:38	וּבְהַכְרִיזָם	and proclaim
1	D&C	D&C dc109 1:39	מִנּוּיֶיךָ	your appointment,
1	D&C	D&C dc109 1:43	בְּהַשְׁמָדַת	in the destruction
1	D&C	D&C dc109 1:54	הָעִקָּרִים	those principles,
1	D&C	D&C dc109 1:59	יִתְגַּלְגֵּל	may roll on
1	D&C	D&C dc109 1:62	לְהִגָּאֵל׃	to be redeemed;
1	D&C	D&C dc109 1:66	מִמִּרְדֵיהֶם׃	their rebellions
1	D&C	D&C dc109 1:72	וְסוֹבְלֵיהֶם	and afflicted ones,
1	D&C	D&C dc109 1:74	וְתָמֵס	and cause to flow down
1	D&C	D&C dc109 1:79	נְעָרֵב	we may mingle
1	D&C	D&C dc109 1:79	הַמְּאִירִים	bright,
1	D&C	D&C dc111_120 1:1	בַּמַּסָּע	journey,
1	D&C	D&C dc111_120 1:5	לְחוֹבוֹתֵיכֶם	about your debts,
1	D&C	D&C dc111_120 1:5	אַזְהָרָתְךָ	your warning
1	D&C	D&C dc111_120 1:9	לַפּוֹשֵׁעַ	unto the transgressor;
1	D&C	D&C dc111_120 1:14	אֶת־צְלַבְכֶם	your cross,
1	D&C	D&C dc111_120 1:21	וּמֻרְשִׁים	duly recommended and authorized
1	D&C	D&C dc111_120 1:3	הַחֹטֶר	the rod
1	D&C	D&C dc111_120 1:6	בְּלֹא־מֶזֶג	without mixture
1	D&C	D&C dc11_20 1:15	תִּקָּרֵא׃	you are called
1	D&C	D&C dc11_20 1:5	וְהֵעַדְתֶּם	and you shall testify
1	D&C	D&C dc11_20 1:18	וְאֶסּוֹג׃	and shrink
1	D&C	D&C dc11_20 1:20	אֶת־הׇעֳנָשִׁים	these punishments
1	D&C	D&C dc11_20 1:20	טָעַמְתָּ	you have tasted
1	D&C	D&C dc11_20 1:26	לְהַדְפָּסַת	to the printing of
1	D&C	D&C dc11_20 1:30	אֶת־הַמְחָרְפִים׃	against revilers
1	D&C	D&C dc11_20 1:33	תָּקֵל	you will slight
1	D&C	D&C dc11_20 1:35	חָל	is incurred
1	D&C	D&C dc11_20 1:35	הַמַּדְפִּיס	the printer
1	D&C	D&C dc11_20 1:8	בָּאֶמְצָעִים	by the means
1	D&C	D&C dc11_20 1:10	וְהֻשְׁמַע	and is declared
1	D&C	D&C dc11_20 1:16	הַנֶּהְדָּרָה	glorious
1	D&C	D&C dc11_20 1:26	הֵעִירָם	they were inspired
1	D&C	D&C dc11_20 1:31	וּמַדָּעָם	and minds
1	D&C	D&C dc11_20 1:37	וְנֶחְרָצִים	having a determination
1	D&C	D&C dc11_20 1:41	אֶת־הַנִּטְבָּלִים	those who are baptized
1	D&C	D&C dc11_20 1:50	וְיַטְבִּיל׃	and baptize
1	D&C	D&C dc11_20 1:68	הִתְקַבְּלָם	they are received
1	D&C	D&C dc11_20 1:80	הַנִּתְפָּס	being overtaken
1	D&C	D&C dc121_130 1:1	אֶת־מִסְתָּרֶךָ׃	your hiding place?
1	D&C	D&C dc121_130 1:4	וּמִסְתָּרֶךָ	and your hiding place
1	D&C	D&C dc121_130 1:7	צָרָתְךָ	your adversity
1	D&C	D&C dc121_130 1:10	יַאֲשִׁימוּךָ	charge you
1	D&C	D&C dc121_130 1:11	וְהַמַּאֲשִׁימִים	and they who charge
1	D&C	D&C dc121_130 1:12	וּזְמַנִּים	and seasons,
1	D&C	D&C dc121_130 1:20	טַנְאָם	Their basket
1	D&C	D&C dc121_130 1:33	גּוֹלְלִים	rolling
1	D&C	D&C dc121_130 1:36	קְשׁוּרוֹת	are connected
1	D&C	D&C dc121_130 1:41	בְּפִתּוּי	by persuasion,
1	D&C	D&C dc121_130 1:46	וְשַׁרְבִיטְךָ	and your scepter
1	D&C	D&C dc121_130 1:6	יְסֹבְבוּךָ	prowl around you
1	D&C	D&C dc121_130 1:7	יִפְעַר	shall gape open
1	D&C	D&C dc121_130 1:2	הַנְּזָקִים	of damages
1	D&C	D&C dc121_130 1:5	הָעִתִּיִּים	the periodical
1	D&C	D&C dc121_130 1:10	וְהַמַּשְׁחִירִים	and blackening
1	D&C	D&C dc121_130 1:10	לְהַרְעִיד	to make shudder,
1	D&C	D&C dc121_130 1:16	בְּהִשָּׁמְרָהּ	by being kept
1	D&C	D&C dc121_130 1:1	וּבְהוֹדָאוֹתֶיךָ	and acknowledgments,
1	D&C	D&C dc121_130 1:2	תְּמֻרְטֶטֶת	shall be polished
1	D&C	D&C dc121_130 1:5	יִקְרֵם	shall befall them
1	D&C	D&C dc121_130 1:17	וְאַכְתִּירֵהוּ	and will crown him
1	D&C	D&C dc121_130 1:23	הָעֵיף	the weary
1	D&C	D&C dc121_130 1:26	עַתִּיקוֹת	of antiquities,
1	D&C	D&C dc121_130 1:26	וְהַתִּדְהָר	and the pine tree,
1	D&C	D&C dc121_130 1:39	נִסְדָּרִים	are ordained
1	D&C	D&C dc121_130 1:50	הַמְעַכְּבִים	those who hindered
1	D&C	D&C dc121_130 1:53	וּבְעָשֶׁק	and by oppression,
1	D&C	D&C dc121_130 1:55	וְאַכְתִּיר	and crown you
1	D&C	D&C dc121_130 1:67	אֶת־הַמְּנָיָה׃	the stock
1	D&C	D&C dc121_130 1:68	כׇּל־מְנָיָה	any stock
1	D&C	D&C dc121_130 1:69	בַּמְּנָיָה	that stock,
1	D&C	D&C dc121_130 1:71	הַסְכָּמַת	the consent of
1	D&C	D&C dc121_130 1:86	וְיַמְשִׁיכוּ	and shall continue
1	D&C	D&C dc121_130 1:88	תְּנִיעֵהוּ	shall move him
1	D&C	D&C dc121_130 1:88	וּבִשְׁקִידָה	and diligently
1	D&C	D&C dc121_130 1:99	הָאָרְסִי	poisonous
1	D&C	D&C dc121_130 1:104	וְהוֹדָאוֹת	and acknowledgments
1	D&C	D&C dc121_130 1:105	וְיוֹשִׁיב	and let him locate
1	D&C	D&C dc121_130 1:115	הַהֶסְכֵּם	the contract
1	D&C	D&C dc121_130 1:121	יַסְכִּימוּ	shall be agreed
1	D&C	D&C dc121_130 1:123	הַשַּׁיָּכוֹת	belonging
1	D&C	D&C dc121_130 1:124	לַהַבְטָחָה	of promise
1	D&C	D&C dc121_130 1:126	לְכׇל־הַכְּנֵסִיָּה׃	for the whole church.
1	D&C	D&C dc121_130 1:145	בְּבִנְיַתְכֶם	when you build
1	D&C	D&C dc121_130 1:2	בְּמַסָּעֶיךָ	in journeyings
1	D&C	D&C dc121_130 1:1	בַּהֲקִימָם	in the getting up of
1	D&C	D&C dc121_130 1:1	כׇּל־חוֹבוֹתַי	all my debts
1	D&C	D&C dc121_130 1:1	בְּמָסְרָם	by turning out
1	D&C	D&C dc121_130 1:2	כְּפוֹלוֹס	like Paul
1	D&C	D&C dc121_130 1:9	בְּגִנְזֵי	in the archives
1	D&C	D&C dc121_130 1:1	עַל־עִנְיָנִים	in relation to subjects
1	D&C	D&C dc121_130 1:3	בְּדִקְדּוּק	accurate
1	D&C	D&C dc121_130 1:3	וִידַקְדֵּק	and let him be precise
1	D&C	D&C dc121_130 1:5	לִמְדֻקְדָּק	to be very particular
1	D&C	D&C dc121_130 1:9	רוֹשֵׁם	records
1	D&C	D&C dc121_130 1:12	יַסְכִּים	might accord
1	D&C	D&C dc121_130 1:12	לְהַקְבִּילוֹ	to form a relationship
1	D&C	D&C dc121_130 1:14	גַּם־הַשָּׁמַיְמִיִּים	also-the heavenly
1	D&C	D&C dc121_130 1:17	בְּהֶמְשֵׁךְ	in connection with
1	D&C	D&C dc121_130 1:21	בְּהוֹשִׁיטָם	by holding forth
1	D&C	D&C dc121_130 1:21	וּבְאַמְּצָם	confirming
1	D&C	D&C dc121_130 1:24	רִשְׁמֵי	containing the records of
1	D&C	D&C dc121_130 1:8	יוֹשִׁיט	he will offer
1	D&C	D&C dc121_130 1:3	דֵּעַת	a notion of
1	D&C	D&C dc121_130 1:13	בְּהִתְפַּלְלִי	while I was praying earnestly
1	D&C	D&C dc131_138 1:8	בְּהִטַּהֵר	when are purified
1	D&C	D&C dc131_138 1:10	הַאֲקַבֵּל	will I receive
1	D&C	D&C dc131_138 1:14	יְזֻעְזַע	shall be shaken
1	D&C	D&C dc131_138 1:15	וּלְחֻפָּתָם	and their marriage
1	D&C	D&C dc131_138 1:19	בְתׇקְפּוֹ	of full force
1	D&C	D&C dc131_138 1:22	הַמּוֹבִיל	that leads
1	D&C	D&C dc131_138 1:23	אֶת־הִתְנַשְּׂאוּתְכֶם	your exaltation;
1	D&C	D&C dc131_138 1:49	אֶת־הִתְנַשְּׂאוּתְךָ	your exaltation,
1	D&C	D&C dc131_138 1:54	וְאַשְׁמִידֶנָּה	and will destroy her
1	D&C	D&C dc131_138 1:56	אֲבָרְכֶנָּה	will bless her,
1	D&C	D&C dc131_138 1:56	וְאַרְבֶּנָּה	and multiply her,
1	D&C	D&C dc131_138 1:61	תֹּאבֶה	give her consent,
1	D&C	D&C dc131_138 1:14	הָרוּחָנִית׃	spiritual
1	D&C	D&C dc131_138 1:23	וְתֻשַּׁב	and it shall be driven back
1	D&C	D&C dc131_138 1:36	וּמְסָרָהּ	and has committed it
1	D&C	D&C dc131_138 1:41	תַּרְתִּיחַ	causes to boil
1	D&C	D&C dc131_138 1:72	וְנִמְסַרְתֶּם	and you were delivered over
1	D&C	D&C dc131_138 1:1	בִּדְבָרָן	in relation to them,
1	D&C	D&C dc131_138 1:3	לְאַכֵּף	to enforce
1	D&C	D&C dc131_138 1:5	לְהֵעָנֵשׁ	be punished
1	D&C	D&C dc131_138 1:6	וּלְהַעֲנִישׁ	and the punishment
1	D&C	D&C dc131_138 1:6	וְהַשַּׁלְוָה	and harmony
1	D&C	D&C dc131_138 1:6	לְהַסְדִּיר	for the express purpose of regulating
1	D&C	D&C dc131_138 1:8	וְיִשְׁתַּמֵּשׁ	and use
1	D&C	D&C dc131_138 1:10	אֶת־חֶבְרָתָם׃	their fellowship.
1	D&C	D&C dc131_138 1:11	וּמֵהַסָּגַת	and encroachments
1	D&C	D&C dc131_138 1:12	מַצָּבָם	their situations
1	D&C	D&C dc131_138 1:12	לְהֵאָחֵז	allowing to be held
1	D&C	D&C dc131_138 1:1	חָמוּס	an armed
1	D&C	D&C dc131_138 1:4	קָר	cold blood.
1	D&C	D&C dc131_138 1:4	אֶת־הַפְּסָקָה	the paragraph
1	D&C	D&C dc131_138 1:4	וְקִפֵּל	and turned down
1	D&C	D&C dc131_138 1:5	יֵחַר	it matters
1	D&C	D&C dc131_138 1:6	הָרָטֹב	green
1	D&C	D&C dc131_138 1:7	הַשְּׁבוּרָה	the broken
1	D&C	D&C dc131_138 1:1	בְּמַסְעָם	in their journeyings
1	D&C	D&C dc131_138 1:34	גֵּרֶשְׁךָ׃	has driven you out
1	D&C	D&C dc131_138 1:35	פֻּרְעָנוּתָם	their calamity,
1	D&C	D&C dc131_138 1:3	הַלּוֹהֵט	blazing
1	D&C	D&C dc131_138 1:7	הֻרְשׁוּ	they had been permitted
1	D&C	D&C dc131_138 1:6	אֶת־הַמִּקְרָא	the scripture
1	D&C	D&C dc131_138 1:6	בִּפְרָקִים	in chapters
1	D&C	D&C dc131_138 1:15	גְּאֻלָּתָם׃	their redemption.
1	D&C	D&C dc131_138 1:18	וְשׂוֹחֵחַ	and conversed,
1	D&C	D&C dc131_138 1:21	וּבְאַזְהֲרוֹתֵיהֶם	and the warnings
1	D&C	D&C dc131_138 1:23	בִּגְאֻלָּתָם	in their redemption,
1	D&C	D&C dc131_138 1:24	קׇדְשׁוֹ׃	his holy
1	D&C	D&C dc131_138 1:27	קְצוּבָה	limited
1	D&C	D&C dc131_138 1:29	וְחֻדְּדָה	quickened,
1	D&C	D&C dc131_138 1:47	לִטַּע	to plant
1	D&C	D&C dc131_138 1:49	לִגְאֻלָּתָם׃	for their redemption,
1	D&C	D&C dc131_138 1:51	לְהִכָּתֵר	to be crowned
1	D&C	D&C dc1_10 1:33	תָדוֹן	shall strive
1	D&C	D&C dc1_10 1:1	יֻפְרוּ	shall be frustrated
1	D&C	D&C dc1_10 1:8	וּמְחַזֶּקְךָ	and strengthen you
1	D&C	D&C dc1_10 1:4	בַּדּוֹת	feign
1	D&C	D&C dc1_10 1:29	יַלְאֵנִי	trouble me
1	D&C	D&C dc1_10 1:19	מָתוּן	temperate
1	D&C	D&C dc1_10 1:31	עֲמָלְךָ׃	your labors
1	D&C	D&C dc1_10 1:9	וְתַשְׁכִּיחֲךָ	and shall cause you to forget
1	D&C	D&C dc1_10 1:11	בְּהַחִלְּךָ	when you commenced
1	D&C	D&C dc1_10 1:13	בְכַזְּבָם	by their lying
1	D&C	D&C dc1_10 1:13	בָּדִיתָ	you pretended
1	D&C	D&C dc1_10 1:26	בְּפַחָם׃	in their snare
1	D&C	D&C dc1_10 1:28	לַמְשַׁקֵּר	to him that lies
1	D&C	D&C dc1_10 1:31	וּבָדִיתָ	and pretended
1	D&C	D&C dc1_10 1:32	יְפַרְסְמוּ	they will publish
1	D&C	D&C dc1_10 1:68	כׇּל־הַמֹּסִיף	whoever declares more
1	D&C	D&C dc21_30 1:8	וְאַשְׁבִּיתֶנּוּ	and I will cause that he shall
1	D&C	D&C dc21_30 1:2	אֶת־קְרִיאָתְךָ	your calling
1	D&C	D&C dc21_30 1:6	אֶת־צְלַבְךָ	your cross
1	D&C	D&C dc21_30 1:7	לְהִלָּווֹת	to unite
1	D&C	D&C dc21_30 1:1	מִצָּרֹתֶיךָ	out of your afflictions
1	D&C	D&C dc21_30 1:8	יִהְיֶינָה	shall be
1	D&C	D&C dc21_30 1:18	וּלְתַרְמִיל׃	and for scrip
1	D&C	D&C dc21_30 1:5	קְרִיאָתֵךְ	your calling
1	D&C	D&C dc21_30 1:10	תַּנִּיחִי	you shall lay aside
1	D&C	D&C dc21_30 1:12	חָפְצָה	delights
1	D&C	D&C dc21_30 1:21	תִמְשֹׁלְנָה׃	reign
1	D&C	D&C dc21_30 1:25	רֶגֶב	mote
1	D&C	D&C dc21_30 1:27	לְהַכִּירָם	to own them
1	D&C	D&C dc21_30 1:44	הָרוּחָנִית	spiritual
1	D&C	D&C dc21_30 1:6	לְהַצָּלָתוֹ	for his
1	D&C	D&C dc21_30 1:6	וּלְהַצָּלָתְךָ	and your deliverance
1	D&C	D&C dc21_30 1:10	וַעֲבֹדָתְךָ	and your labor
1	D&C	D&C dc31_40 1:4	יִבְדּוּ	shall pretend
1	D&C	D&C dc31_40 1:13	אֶל־חַלְּשֵׁי	upon the weak things of
1	D&C	D&C dc31_40 1:17	בֵּרַכְתִּיו׃	I blessed him
1	D&C	D&C dc31_40 1:18	אָטַע	I will plant
1	D&C	D&C dc31_40 1:12	חָבוּר׃	is combined
1	D&C	D&C dc31_40 1:41	קְרִיאַתְכֶם	your preaching
1	D&C	D&C dc31_40 1:9	מְאַסְתַּנִי	you have rejected me
1	D&C	D&C dc31_40 1:23	תַּטְבִּיל	you shall baptize
1	D&C	D&C dc31_40 1:2	הִסִּיתֻהוּ	caused him
1	D&C	D&C dc41_50 1:2	לְהִוָּעֵד	to agree
1	D&C	D&C dc41_50 1:10	אֶתְּנֵם׃	I shall give them
1	D&C	D&C dc41_50 1:30	יוּפַר׃	can be broken
1	D&C	D&C dc41_50 1:42	הַפּוֹעֵל׃	the laborer
1	D&C	D&C dc41_50 1:77	תְקַבְּלוּם׃	you receive them
1	D&C	D&C dc41_50 1:15	נִשְׁלַחְתֶּם	you are sent forth
1	D&C	D&C dc41_50 1:1	וְהַקַּיָּמִים׃	and exist
1	D&C	D&C dc41_50 1:15	וְאִוָּכַח	and I will reason
1	D&C	D&C dc41_50 1:17	הַנָּפוֹץ׃	the scattered
1	D&C	D&C dc41_50 1:37	לְהַפְרִיחַ	to shoot forth
1	D&C	D&C dc41_50 1:46	יְשַׁנְתֶּם	you have slept
1	D&C	D&C dc41_50 1:57	נִתְעוּ	have been deceived
1	D&C	D&C dc41_50 1:1	וּלְלִמּוּדְכֶם׃	and learning
1	D&C	D&C dc41_50 1:13	וְנִצְלַב	and was crucified
1	D&C	D&C dc41_50 1:4	אֲבָרְכֶנּוּ	I will bless him
1	D&C	D&C dc41_50 1:5	הַמְקַבְּלוֹ	he that receives him
1	D&C	D&C dc41_50 1:23	לְהֵרָעֵשׁ	for to be shaken
1	D&C	D&C dc41_50 1:12	אֶתְוַכַּח	will reason
1	D&C	D&C dc41_50 1:13	נִסְמַכְתֶּם׃	were you ordained
1	D&C	D&C dc41_50 1:15	הֲנִצְדַּקְתֶּם׃	are you justified
1	D&C	D&C dc41_50 1:19	הֲמְקַבֵּל	does he receive
1	D&C	D&C dc51_60 1:15	לְהֵעָרֵךְ	of organizing themselves
1	D&C	D&C dc51_60 1:17	הָרוֹעֵד	he that trembles
1	D&C	D&C dc51_60 1:18	הַנִּכְבָּשׁ	he that is overcome
1	D&C	D&C dc51_60 1:43	אֲחִישׁ	will hasten
1	D&C	D&C dc51_60 1:4	הַדְּפוּס	printing
1	D&C	D&C dc51_60 1:11	לְמַדְפִּיס	as a printer
1	D&C	D&C dc51_60 1:13	וּלְהַגִּיהַ	and to correct
1	D&C	D&C dc51_60 1:11	לַחֲתֻנַּת	to the marriage of
1	D&C	D&C dc51_60 1:22	לַשִּׁלְטוֹנוֹת	to the authorities
1	D&C	D&C dc51_60 1:26	הַנֶּאֱלָץ	he that is compelled
1	D&C	D&C dc51_60 1:28	שְׂכָרָם׃	their reward
1	D&C	D&C dc51_60 1:37	הַדְּפוּס׃	the printing
1	D&C	D&C dc51_60 1:60	לְהַסְתִּירָם׃	to hide them
1	D&C	D&C dc51_60 1:12	וְהִתְוַדֵּיתָ	confessing
1	D&C	D&C dc51_60 1:13	אׇכְלְךָ	your food
1	D&C	D&C dc51_60 1:13	צוֹמְךָ	your fasting
1	D&C	D&C dc51_60 1:13	שִׂמְחָתְךָ׃	your joy
1	D&C	D&C dc51_60 1:20	לְהֵעָבֵד	to be used
1	D&C	D&C dc51_60 1:22	תַּלְאוּנִי	trouble me
1	D&C	D&C dc61_70 1:9	חֶבְרָתָם	their company
1	D&C	D&C dc61_70 1:12	תִּוָּעֲדוּ׃	you shall agree
1	D&C	D&C dc61_70 1:18	תַּזְהִירוּ	you shall forewarn
1	D&C	D&C dc61_70 1:31	לְהִבָּשֵׁל	to be ripened
1	D&C	D&C dc61_70 1:3	הָעַדְתֶּם	you have borne
1	D&C	D&C dc61_70 1:4	לְגֵיהִנֹּם׃	down to hell
1	D&C	D&C dc61_70 1:11	לְדִינָם׃	unto their condemnation
1	D&C	D&C dc61_70 1:17	בַּאֲגָם	in the lake
1	D&C	D&C dc61_70 1:29	תֻּשַּׂג	shall be obtained
1	D&C	D&C dc61_70 1:38	אֶת־עִנְיְנֵיהֶם	their concerns
1	D&C	D&C dc61_70 1:43	לְהִשָּׁלֵחַ	to be sent
1	D&C	D&C dc61_70 1:64	לְהֵאָמֵר	be spoken
1	D&C	D&C dc61_70 1:9	מֻרְשָׁע	condemned
1	D&C	D&C dc61_70 1:22	אַרְשִׁיעַ	will hold guilty
1	D&C	D&C dc61_70 1:5	תַּכְרִיז	you should proclaim
1	D&C	D&C dc61_70 1:6	תִּתְמַהְמַהּ	tarry
1	D&C	D&C dc61_70 1:9	תָּשֹׁב	return
1	D&C	D&C dc61_70 1:10	זְכוּתְכֶם	it is your privilege
1	D&C	D&C dc61_70 1:10	בָּרוּחָנִית׃	with the spiritual
1	D&C	D&C dc61_70 1:20	מֻרְשִׁים	authorized
1	D&C	D&C dc61_70 1:21	יַחְשָׂם	their lineage
1	D&C	D&C dc61_70 1:23	יֻפַר	be impeached
1	D&C	D&C dc61_70 1:33	בְּעִתָּן	in the season thereof
1	D&C	D&C dc61_70 1:5	עִנְיְנֵיהֶם	their concerns
1	D&C	D&C dc71_80 1:17	וּלְהִתְקַבֵּל	and to be received
1	D&C	D&C dc71_80 1:19	יֻמְלַץ	let him be recommended
1	D&C	D&C dc71_80 1:23	יִוָּסְדוּ	they shall be established
1	D&C	D&C dc71_80 1:3	תִתְמַהְמְהוּ	tarry
1	D&C	D&C dc71_80 1:3	תֻפַרְנָה	fail
1	D&C	D&C dc71_80 1:15	לַפָּסוּק	to the verse
1	D&C	D&C dc71_80 1:35	וְצָלְבוּ	and having crucified
1	D&C	D&C dc71_80 1:39	בְּנִצְחוֹן	through the triumph of
1	D&C	D&C dc71_80 1:39	נִשְׁחַט	was slain
1	D&C	D&C dc71_80 1:45	יִסּוּרָם	their torment
1	D&C	D&C dc71_80 1:73	וְהִכְרִיז	and preached
1	D&C	D&C dc71_80 1:2	הַנִּזְכָּרוֹת	spoken of
1	D&C	D&C dc71_80 1:3	בְּאׇשְׁרָם	of their felicity
1	D&C	D&C dc71_80 1:4	וְגוֹ׳׃	etc.
1	D&C	D&C dc71_80 1:3	לְתַכֵּן	in regulating
1	D&C	D&C dc71_80 1:12	וְהַמְפִירָהּ	And he who breaks it
1	D&C	D&C dc71_80 1:14	בְּהַשְׁגִּיחִי	through my providence
1	D&C	D&C dc81_90 1:14	תֵּרָחַבְנָה	be enlarged-;
1	D&C	D&C dc81_90 1:22	בְּמָמוֹן	with the mammon of
1	D&C	D&C dc81_90 1:2	פּוֹשְׁעוֹת	transgressors
1	D&C	D&C dc81_90 1:5	לְהוֹרֵיהֶם	their parents
1	D&C	D&C dc81_90 1:72	לְהַזִּיקָם׃	to harm them.
1	D&C	D&C dc81_90 1:79	וְהַפּוֹעֵל	and the laborer
1	D&C	D&C dc81_90 1:82	טוֹוִים	do they spin-;
1	D&C	D&C dc81_90 1:89	יַאֲכִיל	will feed
1	D&C	D&C dc81_90 1:89	וְיַלְבִּישׁ	and clothe
1	D&C	D&C dc81_90 1:90	הַמַּלְבִּישׁ	clothes
1	D&C	D&C dc81_90 1:104	וְחָקְקָם	and the printing thereof
1	D&C	D&C dc81_90 1:107	אֶת־הַנִּסְמָכִים	those who are ordained
1	D&C	D&C dc81_90 1:107	לְהוֹעִיד	to make
1	D&C	D&C dc81_90 1:113	חֻלּוֹ	his secular affairs
1	D&C	D&C dc81_90 1:117	אֶת־שִׁמְמַת	the desolation of
1	D&C	D&C dc81_90 1:118	אַרְעִישׁ	I will shake
1	D&C	D&C dc81_90 1:2	אֶת־נַחֲלוֹתֵיהֶם׃	their inheritances.
1	D&C	D&C dc81_90 1:8	הַלּוֹהֵט׃	vivid.
1	D&C	D&C dc81_90 1:10	יְקַיֵּם׃	he will fulfil.
1	D&C	D&C dc81_90 1:3	חוֹנְקִים	choke
1	D&C	D&C dc81_90 1:3	וּמַדִּיחִים	and drive
1	D&C	D&C dc81_90 1:6	חַלָּשָׁה	is weak
1	D&C	D&C dc81_90 1:7	לְהִשָּׂרֵף׃	to be burned.
1	D&C	D&C dc81_90 1:3	תֵּחָלַקְנָה	shall be divided
1	D&C	D&C dc81_90 1:35	שׁוֹבֵר	breaks
1	D&C	D&C dc81_90 1:44	בִּשְׁעוֹתֵיהֶם	in their hours
1	D&C	D&C dc81_90 1:45	בְּהִתְגַּלְגְּלָם	as they roll
1	D&C	D&C dc81_90 1:49	בְּהֵחָיוֹתְכֶם	being quickened
1	D&C	D&C dc81_90 1:50	לִרְבּוֹת׃	abound.
1	D&C	D&C dc81_90 1:56	וְשָׁהָה	and tarried
1	D&C	D&C dc81_90 1:58	בְּשָׁעָתוֹ	in his hour
1	D&C	D&C dc81_90 1:60	שָׁעָתוֹ	his hour
1	D&C	D&C dc81_90 1:62	לַהֲגוֹת	to ponder
1	D&C	D&C dc81_90 1:71	בָּאַזְהָרָה	the warning
1	D&C	D&C dc81_90 1:73	אֲמַהֵר	will hasten
1	D&C	D&C dc81_90 1:74	וְהֵעָרְכוּ	and organize yourselves
1	D&C	D&C dc81_90 1:4	קוֹשְׁרִים	conspiring
1	D&C	D&C dc81_90 1:4	וּמַזְהִיר	and forewarn
1	D&C	D&C dc81_90 1:8	הַטַּבָּק	tobacco
1	D&C	D&C dc81_90 1:17	וְלַחֲזִירִים	and for swine
1	D&C	D&C dc81_90 1:18	לְשָׁרָּם	to their navel
1	D&C	D&C dc81_90 1:28	לְהוֹצָאוֹתֶיהָ	to bear her expenses
1	D&C	D&C dc81_90 1:36	וַאֲיַסְּרֶנָּה	and chasten her
1	D&C	D&C dc91_100 1:30	קִיּוּם׃	existence.
1	D&C	D&C dc91_100 1:34	וּבְהִפָּרְדָם	And when separated,
1	D&C	D&C dc91_100 1:42	צָרָתֶךָ׃	your affliction.
1	D&C	D&C dc91_100 1:50	יוּסְרוּ	they shall be removed
1	D&C	D&C dc91_100 1:15	אֶת־בָּתַּי	my houses,
1	D&C	D&C dc91_100 1:2	מוּכָחִים	rebuked
1	D&C	D&C dc91_100 1:16	אֲדוֹנְכֶם׃	your Lord.
1	D&C	D&C dc91_100 1:7	וְשֻׁתָּף	and a partaker
1	D&C	D&C dc91_100 1:9	תִּסְמְכוּהוּ	you shall ordain him
1	D&C	D&C dc91_100 1:8	מְקֻבָּלִים	they are accepted
1	D&C	D&C dc91_100 1:23	יַטְרִיד	shall vex
1	D&C	D&C dc91_100 1:28	וַאֲבָרְכֶנָּה	And I will bless her
1	D&C	D&C dc91_100 1:12	וַאֲנַסֶּכֶם	and I will try you and prove you
1	D&C	D&C dc91_100 1:28	מִנִּקְמָתִי	my vengeance,
1	D&C	D&C dc91_100 1:34	יַכְרִיז	should proclaim
1	D&C	D&C dc91_100 1:36	וְהִצְדַּקְתִּים	and justify them
1	D&C	D&C dc91_100 1:38	לְהַצְדָּקָה	for justification
1	D&C	D&C dc91_100 1:2	בְּהוֹכָחַת	in the demonstration of
1	D&C	D&C dc91_100 1:11	בְּפָרֵשׁ	in expounding
1	D&C	D&C dc91_100 1:13	נוֹסְרָה	she is chastened
1	D&C	D&C dc91_100 1:14	גּוּלְד	and John Gould,
1	D&C	D&C dc_intro 1:2	הָאַזְהָרוֹת	the warnings
1	D&C	D&C dc_intro 1:4	מוֹדֶרְנִי	source
1	D&C	D&C dc_intro 1:6	הַנֶּחֱרָץ	the firm
1	D&C	D&C dc_intro 1:6	הַזְּמַנִּים	the times
1	D&C	D&C dc_intro 1:7	שֶׁבְּמַעֲרַב	in western
1	D&C	D&C dc_intro 1:9	שֶׁנּוּסְדָה	which had been established
1	D&C	D&C dc_intro 1:10	פּוֹעֶלֶת	was active
1	D&C	D&C dc_intro 1:10	אֶת־טַקְסֵי	ordinances of
1	D&C	D&C dc_intro 1:12	עִנְיָנִים	matters
1	D&C	D&C dc_intro 1:12	יְסוֹדִיִּים	fundamental
1	D&C	D&C dc_intro 1:12	כְּגוֹן	such as
1	D&C	D&C dc_intro 1:12	הֶכְרַח	the necessity for
1	D&C	D&C dc_intro 1:13	אֱלֹהוּתוֹ	His divinity
1	D&C	D&C od 1:1	מַצְהִיר	declares
1	D&C	D&C od 1:1	פִּרְסֵם	issued
1	D&C	D&C od 1:1	שֶׁהִתְקַבֵּל	which was accepted
1	D&C	D&C od 1:1	לְסִיּוּמוֹ	to the end
1	D&C	D&C od 1:3	עִתּוֹנוּת	press
1	D&C	D&C od 1:3	נֶעֱרָכִים	being solemnized
1	D&C	D&C od 1:3	פֻּמְבִּיּוֹת	public
1	D&C	D&C od 1:3	אֶת־הֶמְשֵׁךְ	the continuance of
1	D&C	D&C od 1:3	הַנָּשִׁים—	wives—
1	D&C	D&C od 1:5	אֶת־הַטֶּקֶס׃	the ceremony;
1	D&C	D&C od 1:6	אֶת־כַּוָּנָתִי	my intention
1	D&C	D&C od 1:6	וּלְהַשְׁתַּמֵּשׁ	and to use
1	D&C	D&C od 1:7	שֶׁאֶפְשָׁר	which can
1	D&C	D&C od 1:7	שֶׁנִּרְאֲתָה	which appeared
1	D&C	D&C od 1:11	הֵצִיעַ	offered
1	D&C	D&C od 1:12	מַצִּיעַ	move
1	D&C	D&C od 1:12	וְכָאָדָם	and as the man
1	D&C	D&C od 1:12	הַחֲתִימָה	the sealing,
1	D&C	D&C od 1:12	אֶת־הַכְרָזָתוֹ	his declaration
1	D&C	D&C od 1:12	כְּסַמְכוּתִית	as authoritative
1	D&C	D&C od 1:19	חִלּוּט	the confiscation
1	D&C	D&C od 1:19	וְחִלּוּט	and the confiscation of
1	D&C	D&C od 1:19	עוֹצְרִים	stop
1	D&C	D&C od 1:19	שֶּׁסָּבַלְנוּ	we have
1	D&C	D&C od 1:19	בִּדְבֵקוּתֵנוּ	through our adherence
1	D&C	D&C od 1:19	וּבְכָךְ	and through doing so
1	D&C	D&C od 1:19	וְלַעֲסֹק	and attend
1	D&C	D&C od 1:20	נִפְסָקִים	stopped
1	D&C	D&C od 1:20	נֶאֱנָסִים	compelled
1	D&C	D&C od 1:20	שֻׁחְרַר	has been delivered
1	D&C	D&C od 1:21	שֶּׁעָשִׂיתִי	I did do;
1	D&C	D&C od 1:21	שֶׁצֻּוֵּיתִי	that I was commanded
1	D&C	D&C od 1:21	שֶּׁאָמַר	told
1	D&C	D&C od 1:23	לְהַצִּיג	to have presented
1	D&C	D&C od 1:1	וּבִכְלָלָם	including
1	D&C	D&C od 1:1	הִפְסִיקוּ	stopped
1	D&C	D&C od 1:1	מַצִּיעִים	offer
1	D&C	D&C od 1:4	הִכְרִיזָה	announced
1	D&C	D&C od 1:4	שֶׁקִּבֵּל	he had received
1	D&C	D&C od 1:7	הַכְּלָלִיִּים	general
1	D&C	D&C od 1:9	וְהִצְטָרְפוּ	and have joined
1	D&C	D&C od 1:9	וְגָדֵלִים׃	-increasing.
1	D&C	D&C od 1:9	מַעֲנִיקָה׃	affords.
1	D&C	D&C od 1:10	לְהַדְרָכָה	for guidance
1	D&C	D&C od 1:10	אֱלֹהִית׃	divine.
1	D&C	D&C od 1:11	לְהַפְעִיל	to exercise
1	D&C	D&C od 1:11	לְוַדֵּא	to insure
1	D&C	D&C od 1:18	בַּהֲרָמַת	by raising
1	D&C	D&C od 1:18	הַמִּתְנַגְּדִים	opposed
1	D&C	D&C od 1:19	הַנַּ״ל	foregoing
1	PGP	PGP abraham 1:11	טׇהֳרָתָן	their virtue,
1	PGP	PGP abraham 1:14	חָקוּק	engraved.
1	PGP	PGP abraham 1:27	מִן־הַשּׁוּשֶׁלֶת	being of the lineage
1	PGP	PGP abraham 1:28	אֶשְׁתַּדֵּל	I shall endeavor,
1	PGP	PGP abraham 1:30	וַיִּתְעַנֶּה	and was sorely tormented
1	PGP	PGP abraham 1:31	וְאֶשְׁתַּדֵּל	and I shall endeavor
1	PGP	PGP abraham 2:11	הַמַּמָּשִׁי	literal,
1	PGP	PGP abraham 2:20	וָאֶסַּע	and removed
1	PGP	PGP abraham 3:4	הַמְּיֻעָד	appointed
1	PGP	PGP abraham 3:18	גְּנוֹלָאוּם	they are gnolaum,
1	PGP	PGP abraham 3:23	לְמוֹשְׁלָי	my rulers;
1	PGP	PGP abraham 3:25	וּנְנַסֵּם	And we will prove them
1	PGP	PGP abraham 4:20	לִשְׁרֹץ	to bring forth abundantly
1	PGP	PGP abraham 4:28	וּלְכָבְשָׁהּ	and subdue it,
1	PGP	PGP abraham 4:31	וּנְעָרְכֵם	and organize them;
1	PGP	PGP abraham 5:4	בְּהִוָּצְרָם	when they were formed,
1	PGP	PGP js_history 1:2	שֶׁאֵרְעוּ	transpired,
1	PGP	PGP js_history 1:3	לְדֵצֶמְבֶּר	day of December,
1	PGP	PGP js_history 1:3	וִינְדְּסוֹר	county,
1	PGP	PGP js_history 1:6	שֶׁקָּרְאוּ	they were pleased to call it,
1	PGP	PGP js_history 1:6	שֶׁיִּרְצוּ	they pleased;
1	PGP	PGP js_history 1:6	שֶׁרִגְשׁוֹתֵיהֶם	their feelings
1	PGP	PGP js_history 1:6	וְהַמִּתְגַּיְּרִים	and the converts
1	PGP	PGP js_history 1:6	מֵאֲמִתִּיִּים	than real;
1	PGP	PGP js_history 1:6	וּבְוִכּוּחַ	and a contest
1	PGP	PGP js_history 1:7	דְּהַיְנוּ	namely,
1	PGP	PGP js_history 1:8	שֶׁרִגְשׁוֹתַי	though my feelings
1	PGP	PGP js_history 1:8	לַמֶּתוֹדִיסְטִים	to the Methodist sect,
1	PGP	PGP js_history 1:8	לְמַסְקָנָה	any certain conclusion
1	PGP	PGP js_history 1:8	טוֹעֶה	mistaken
1	PGP	PGP js_history 1:9	וְהִשְׁתַּמְּשׁוּ	and used
1	PGP	PGP js_history 1:9	אֶת־טָעֻיּוֹתֵיהֶם	their errors,
1	PGP	PGP js_history 1:9	וְהַמֶּתוֹדִיסְטִים	and Methodists in their turn
1	PGP	PGP js_history 1:11	שֶׁנִּגְרַם	caused
1	PGP	PGP js_history 1:12	שֶׁנִּכְנַס	to enter
1	PGP	PGP js_history 1:12	הִרְהַרְתִּי	I reflected
1	PGP	PGP js_history 1:12	שֶּׁהָיְתָה	that was
1	PGP	PGP js_history 1:12	פְּסוּקֵי	passages of scripture
1	PGP	PGP js_history 1:13	לִמְסַקָּנָה	to the conclusion
1	PGP	PGP js_history 1:13	הֶחְלַטְתִּי	I at length came to the determination
1	PGP	PGP js_history 1:13	בְּהַסִּיקִי	concluding
1	PGP	PGP js_history 1:14	הֶחְלָטָתִי	this, my determination
1	PGP	PGP js_history 1:14	שֶׁנִּסִּיתִי	that I had made such an attempt,
1	PGP	PGP js_history 1:15	מַדְהִימָה	astonishing
1	PGP	PGP js_history 1:16	בְּיֵאוּשׁ	into despair
1	PGP	PGP js_history 1:16	וּלְהִמָּסֵר	and abandon myself
1	PGP	PGP js_history 1:16	מַדְהִים	astonishing
1	PGP	PGP js_history 1:16	שֶׁמֵּעוֹלָם	as I had never before
1	PGP	PGP js_history 1:17	בְּהַצְבִּיעָהּ	pointing
1	PGP	PGP js_history 1:18	לְאֵיזוֹ	which to
1	PGP	PGP js_history 1:18	שֶׁכֻּלָּן	that all were
1	PGP	PGP js_history 1:18	וּלְאֵיזוֹ	and which I should
1	PGP	PGP js_history 1:20	וּכְשֶׁשַׁבְתִּי	When I came to myself again,
1	PGP	PGP js_history 1:20	הִתְאוֹשַׁשְׁתִּי	recovering
1	PGP	PGP js_history 1:21	פָּעִיל	active
1	PGP	PGP js_history 1:21	בָּהִתְרַגְּשׁוּת	in the religious excitement
1	PGP	PGP js_history 1:21	הִפְתִּיעָה	I was greatly surprised
1	PGP	PGP js_history 1:21	הִתְיַחֵס	he treated
1	PGP	PGP js_history 1:21	פָּסְקוּ	had ceased
1	PGP	PGP js_history 1:22	שֶׁסִּפּוּרִי	that my telling the story
1	PGP	PGP js_history 1:22	מַסְפִּיק	enough
1	PGP	PGP js_history 1:22	מְשֻׁתָּף	common
1	PGP	PGP js_history 1:23	נֶאֱלָץ	who was doomed
1	PGP	PGP js_history 1:24	שֶׁהִרְגַּשְׁתִּי	that I felt much
1	PGP	PGP js_history 1:24	רַמַּאי	dishonest,
1	PGP	PGP js_history 1:24	נְשִׁימָתוֹ	his breath
1	PGP	PGP js_history 1:27	הָרְגִילוֹת	the usual
1	PGP	PGP js_history 1:27	דָּתִיִּים	both religious
1	PGP	PGP js_history 1:27	דָתִיִּים	irreligious,
1	PGP	PGP js_history 1:28	דָּתִית	religious
1	PGP	PGP js_history 1:28	וּלְהִתְיַחֵס	and to have treated me
1	PGP	PGP js_history 1:28	שְׁטוּתִיּוֹת	foolish
1	PGP	PGP js_history 1:28	הַשַּׂמֵּחַ	the joyous
1	PGP	PGP js_history 1:30	מוֹפִיעַ	appearing
1	PGP	PGP js_history 1:32	גְּלִימָתוֹ	was his robe
1	PGP	PGP js_history 1:33	שֶׁלֵּאלֹהִים	that God
1	PGP	PGP js_history 1:34	שֶׁמִּמֶּנּוּ	from whence
1	PGP	PGP js_history 1:36	וְצִטֵּט	and he quoted
1	PGP	PGP js_history 1:36	בַּתַּנַ״ךְ	in our Bibles.
1	PGP	PGP js_history 1:40	יא	eleventh
1	PGP	PGP js_history 1:40	וכג	and twenty-third,
1	PGP	PGP js_history 1:41	מִפָּסוּק	from the twenty-eighth verse
1	PGP	PGP js_history 1:42	שֶׁאֲצֻוֶּה	to whom I should be commanded
1	PGP	PGP js_history 1:42	שֶׁהִכַּרְתִּי	that I had known
1	PGP	PGP js_history 1:43	וְהִמְשִׁיךְ	and it continued
1	PGP	PGP js_history 1:43	צִנּוֹר	a conduit
1	PGP	PGP js_history 1:43	שֶׁנֶּעֱלָם	he entirely disappeared,
1	PGP	PGP js_history 1:44	וְהִרְהַרְתִּי	musing
1	PGP	PGP js_history 1:44	שֶׁחַדְרִי	that my room
1	PGP	PGP js_history 1:46	שֶׁבָּרְחָה	sleep had fled
1	PGP	PGP js_history 1:46	מֵהַשְׁתָּאוּת	overwhelmed in astonishment at
1	PGP	PGP js_history 1:46	מְחַזֵּר	rehearse
1	PGP	PGP js_history 1:47	לְהַרְהֵר	to ponder
1	PGP	PGP js_history 1:47	שֶׁשִּׂיחוֹתֵינוּ	our interviews
1	PGP	PGP js_history 1:48	מִמִּשְׁכָּבִי	from my bed,
1	PGP	PGP js_history 1:48	וְכָרָגִיל	and, as usual,
1	PGP	PGP js_history 1:48	בְּכַוָּנָה	with the intention
1	PGP	PGP js_history 1:49	הִסְתַּכַּלְתִּי	I looked up,
1	PGP	PGP js_history 1:50	צִיַּתְתִּי	I obeyed;
1	PGP	PGP js_history 1:50	חָזַרְתִּי	I returned
1	PGP	PGP js_history 1:51	בְּאֶמְצָעָהּ	and rounding in the middle
1	PGP	PGP js_history 1:51	שֶׁחֶלְקָהּ	so that the middle part of it
1	PGP	PGP js_history 1:51	הָאֶמְצָעִי	the middle
1	PGP	PGP js_history 1:52	שֶׁשָּׁכְבוּ	in which they lay
1	PGP	PGP js_history 1:52	מֵהַנָּחַת	by laying
1	PGP	PGP js_history 1:53	שֶׁהַזְּמַן	that the time
1	PGP	PGP js_history 1:54	וּבְאֵיזֶה	and in what
1	PGP	PGP js_history 1:55	שֶׁנְּסִיבוֹת	my father's worldly circumstances
1	PGP	PGP js_history 1:55	לְהִשְׂתַּכֵּר	hiring out
1	PGP	PGP js_history 1:56	בְּהַרְמוֹנִי	by the Spaniards at Harmony,
1	PGP	PGP js_history 1:56	שֶׁנִּשְׂכַּרְתִּי	that I was hired
1	PGP	PGP js_history 1:56	פּוֹעֲלָיו	his hands,
1	PGP	PGP js_history 1:56	שִׁכְנַעְתִּי	I prevailed with
1	PGP	PGP js_history 1:56	לְהַפְסִיק	to cease
1	PGP	PGP js_history 1:56	הַסִּפּוּר	the very prevalent story
1	PGP	PGP js_history 1:57	לְיָנוּאָר	day of January,
1	PGP	PGP js_history 1:58	שֶׁהִמְשַׁכְתִּי	my continuing
1	PGP	PGP js_history 1:58	נֶאֱלַצְתִּי	I was, therefore, under the necessity
1	PGP	PGP js_history 1:59	כָּרָגִיל	as usual
1	PGP	PGP js_history 1:59	אַחֲרַאי	responsible
1	PGP	PGP js_history 1:59	בְּרַשְׁלָנוּת	carelessly
1	PGP	PGP js_history 1:59	מִזְּנִיחָה	through any neglect
1	PGP	PGP js_history 1:60	קְפֵדָנִיּוֹת	strict
1	PGP	PGP js_history 1:60	שֶׁנִּדְרַשׁ	was required
1	PGP	PGP js_history 1:60	שֶׁנּוֹדַע	that became known
1	PGP	PGP js_history 1:61	מוּעֲסֶקֶת	all the time employed
1	PGP	PGP js_history 1:61	שֶׁנֶּאֱלַצְתִּי	that I was forced
1	PGP	PGP js_history 1:61	דּוֹלָר	dollars
1	PGP	PGP js_history 1:62	וּבְאֶמְצָעוּת	and by means of
1	PGP	PGP js_history 1:64	וְהִצַּגְתִּי	and presented
1	PGP	PGP js_history 1:64	בְּהֶשֵּׂגָיו	for his literary attainments.
1	PGP	PGP js_history 1:64	בַחֲזָרָה	back,
1	PGP	PGP js_history 1:64	שֶׁמָּצָא	where he found
1	PGP	PGP js_history 1:64	שֶׁמַּלְאַךְ	that an angel of
1	PGP	PGP js_history 1:65	עַכְשָׁו	now
1	PGP	PGP js_history 1:66	שֶׁבְּלַמְּדוֹ	that having been teaching
1	PGP	PGP js_history 1:66	לְהִתְאַכְסֵן	to board
1	PGP	PGP js_history 1:68	וּבְשׂוּמוֹ	and having laid
1	PGP	PGP js_history 1:72	שֶׁבִּקֵּר	who visited
1	PGP	PGP js_history 1:72	בְּהִזְדַּמְּנוּת	on this occasion
1	PGP	PGP js_history 1:72	וְהֶעֱנִיק	and conferred
1	PGP	PGP js_history 1:74	וְהַכַּוָּנָה	and intention
1	PGP	PGP js_history 1:74	פְּסוּקֵיהֶם	their more mysterious passages
1	PGP	PGP js_matthew 1:10	תִּקְרַר	shall wax cold
1	PGP	PGP js_matthew 1:30	תָּקֵר	shall wax cold
1	PGP	PGP js_matthew 1:38	עֲנָפֶיהָ	its branches are
1	PGP	PGP moses 1:11	קָמַלְתִּי	I should have withered
1	PGP	PGP moses 3:5	בָאֲוִיר	in the air;
1	PGP	PGP moses 3:7	וָאֶפַּח	and breathed
1	PGP	PGP moses 4:27	וָאַלְבִּשֵׁם	and clothed them.
1	PGP	PGP moses 5:3	לְהִפָּרֵד	to divide
1	PGP	PGP moses 5:23	אֲמַסֶּרְךָ	I will deliver you up,
1	PGP	PGP moses 5:49	לְגַלּוֹתוֹ	to reveal it
1	PGP	PGP moses 5:52	לִפְשֹׂט	to spread
1	PGP	PGP moses 5:53	וַתִּמְרֹדְנָה	and they rebelled
1	PGP	PGP moses 6:15	וַיִּזְעַם	and raged
1	PGP	PGP moses 6:33	עֲשָׂאכֶם	made you.
1	PGP	PGP moses 6:43	תִּוָּעֲצוּ	counsel you
1	PGP	PGP moses 6:59	וְתֵהָנוּ	and enjoy
1	PGP	PGP moses 6:63	זְמַנִּיִּים	temporal,
1	PGP	PGP moses 7:7	וָאֶתְנַבֵּא	and I prophesied,
1	PGP	PGP moses 7:8	וּשְׁמָמָתָהּ	and the barrenness thereof
1	PGP	PGP moses 7:26	וְשַׁלְשֶׁלֶת	and a chain
1	PGP	PGP moses 7:41	נִזְדַּעֲזֵעַ	shook.
1	PGP	PGP moses 7:42	זְמַנִּית	temporal.
1	PGP	PGP moses 7:63	וְנִשַּׁק	and we will kiss
1	PGP	PGP pgp_intro 1:3	תרי״א	1851
1	PGP	PGP pgp_intro 1:4	תְּפוּצָתָם	their-circulation
1	PGP	PGP pgp_intro 1:5	לְהַמְצִיא	to-make-available
1	PGP	PGP pgp_intro 1:6	זָכְתָה	received
1	PGP	PGP pgp_intro 1:6	תר״ם	1880
1	PGP	PGP pgp_intro 1:7	בַּתְּכָנִים	in-the-contents
1	PGP	PGP pgp_intro 1:7	שֶׁדָּרְשׁוּ	have-required
1	PGP	PGP pgp_intro 1:8	תרל״ח	1878
1	PGP	PGP pgp_intro 1:8	בַּמַּהֲדוּרָה	in-the-edition
1	PGP	PGP pgp_intro 1:9	שֶׁפֻּרְסְמוּ	also-published
1	PGP	PGP pgp_intro 1:10	לִפְרָקִים	into-chapters
1	PGP	PGP pgp_intro 1:10	וְלִפְסוּקִים	and-verses,
1	PGP	PGP pgp_intro 1:11	תרפ״א	1921.
1	PGP	PGP pgp_intro 1:12	תשל״ו	1976,
1	PGP	PGP pgp_intro 1:13	תשל״ט	1979
1	PGP	PGP pgp_intro 1:13	כִּפְרָקִים	as-sections
1	PGP	PGP pgp_intro 1:13	קלז	137
1	PGP	PGP pgp_intro 1:13	וקלח	and-138.
1	PGP	PGP pgp_intro 1:14	קוֹדְמִים	earlier.
1	PGP	PGP pgp_intro 1:15	לַתְּכָנִים	to-the-contents
1	PGP	PGP pgp_intro 1:15	שֶׁלְּפָנֵינוּ	present:
1	PGP	PGP pgp_intro 1:16	תק״ץ	1830
1	PGP	PGP pgp_intro 1:17	תקצ״ה	1835
1	PGP	PGP pgp_intro 1:17	פֻּרְסַם	was-published
1	PGP	PGP pgp_intro 1:18	ס-סא	60-61
1	PGP	PGP pgp_intro 1:19	תקצ״ח	1838
1	PGP	PGP pgp_intro 1:19	תקצ״ט	1839
1	PGP	PGP pgp_intro 1:20	שֶׁפֻּרְסְמָה	published
1	PGP	PGP pgp_intro 1:20	תר״ב	1842,