count	volume	first_ref	form	gloss	proposed_root	rule	root_meaning
16	BOM/D&C/PGP	BOM 1nephi 13:32	לְהִשָּׁאֵר	to remain	שאר	strong	(שָׁאַר) to remain, be left; (שְׁאָר) remnan
16	NT/D&C	NT john 13:20	וְהַמְקַבֵּל	and he that receives	קבל	strong	(קִבֵּל) to receive, accept
16	D&C	D&C dc101_110 1:39	ק.	K.		(no analysis)	
14	BOM/NT/D&C	BOM alma 34:39	מַזְהִיר	beseech	זהר	strong	(הִזְהִיר) to warn, admonish, exhort; (זֹהַר
14	D&C	D&C dc101_110 1:3	הַסַּנְהֶדְרִין	the council,		(no analysis)	
13	NT	NT acts 23:24	הַהֶגְמוֹן	the-governor	הגה	heuristic	(הָגָה) to utter, ponder, meditate
10	BOM	BOM 1nephi 6:3	לְהִכָּתֵב	be written	כתב	strong	(כָּתַב) to write; (כְּתָב) writing, record,
10	NT	NT 1co 3:21	שֶׁלָּכֶם	that-you	כומ	hollow	
9	BOM/NT/D&C/PGP	BOM 2nephi 5:9	לְהִקָּרֵא	to be called	קרא	strong	(קָרָא) to call, proclaim, read; (מִקְרָא) c
9	NT	NT 1co 1:2	שֶׁלָּהֶם	their	להמ	strong	burn in
8	BOM	BOM jacob 5:7	אֶת־הָעֲנָפִים	the branches	ענפ	heuristic	(עָנָף) branch
7	BOM/NT	BOM 1nephi 15:13	הָעֲנָפִים	the branches	ענפ	heuristic	(עָנָף) branch
7	BOM	BOM 3nephi 2:19	לִפֹּל	to fall	נפל	I-nun (dagesh)	to fall, fall down
7	BOM	BOM 3nephi 6:15	לְהָסִית	to stir up	סות	hollow (mater)	to entice, incite, stir up
7	NT/PGP	NT john 18:27	הַתַּרְנְגוֹל	the cock		(no analysis)	
7	D&C	D&C dc121_130 1:23	וְיַכְרִיזוּ	and declare	כרז	heuristic	(הִכְרִיז) to proclaim
6	BOM	BOM 3nephi 1:27	לְהִתְגַּבֵּר	to overpower	גבר	strong	to be strong, prevail; mighty man
6	BOM/D&C	BOM 3nephi 1:29	לְהִתְחַבֵּר	to combine	חבר	strong	(חָבַר) to join, unite; (חָבֵר) companion; (
6	BOM/D&C	BOM 3nephi 3:2	כּוֹתֵב	write	יתב	I-yod (vav for yod)	sit
6	BOM/D&C	BOM 3nephi 5:9	הַמְכִילִים	which contain		(no analysis)	
6	BOM	BOM alma 30:27	יָעֵזּוּ	they durst not	יעז	strong	bold
6	BOM/D&C	BOM helaman 6:18	נוֹסַד	was instituted	יסד	I-yod (vav for yod)	to found, establish, lay a foundation
6	BOM/NT	BOM moroni 10:3	אַזְהִיר	I would exhort	זהר	strong	(הִזְהִיר) to warn, admonish, exhort; (זֹהַר
6	OT/NT/D&C	OT isa 30:6	אֶפְעֶה	a-viper	פעה	strong	scream
6	NT	NT 2ti 1:2	הֶחָבִיב	the-beloved	חבב	strong	(חָבַב) to cherish
6	NT/D&C	NT acts 8:7	וּפִסְחִים	and the lame	פסח	heuristic	(פֶּסַח) passover; (פִּסֵּחַ) lame
6	NT	NT acts 13:40	הַנֶּאֱמָר	which was spoken	אמר	strong	(אָמַר) to say, speak; (לֵאמֹר) saying; (אֵמ
6	NT/D&C	NT luke 9:44	לְהִמָּסֵר	to be delivered	מסר	strong	(מָסַר) to deliver, commit
5	BOM/D&C	BOM 1nephi 15:35	לְהִשָּׁלֵךְ	to be cast out	שלכ	strong	throw
5	BOM	BOM 2nephi 1:2	בְּהַצִּילוֹ	in delivering	צול	hollow (mater)	
5	BOM/NT	BOM 2nephi 3:17	בְּדִבּוּר	in-word	דבר	strong	(דִּבֶּר) to speak; (דָּבָר) word, thing; (ד
5	BOM/NT	BOM 2nephi 25:23	בִּשְׁקִידָה	with care	שקד	strong	(שָׁקַד) to watch; (שָׁקֵד) almond
5	BOM	BOM 2nephi 28:9	לְהַסְתִּיר	to hide	סתר	strong	to hide, conceal; secret
5	BOM	BOM 3nephi 1:4	לְהִמָּלֵא	to be fulfilled	מלא	strong	(מָלֵא) to fill, be full; (מְלֹא) fulness
5	BOM/NT/D&C	BOM 3nephi 1:30	עֻנּוּ	were afflicted	ענו	strong	did we heed
5	BOM	BOM 3nephi 2:12	וַיֵּאָנְסוּ	and they were compelled	אנס	strong	insist
5	BOM/NT/PGP	BOM 3nephi 3:21	נָכִין	we may prepare	כונ	hollow (mater)	prepare
5	BOM/NT/D&C	BOM 3nephi 8:19	הָרְעָמִים	thunders	רעה	heuristic	(רַעְיָה) my love; (מִרְעֶה) pasture
5	BOM/NT	BOM 3nephi 19:25	כִּפְנֵי	as the countenance of	פנה	lamed-yod (yod hides the he)	face, presence; to turn
5	BOM/NT/D&C	BOM 3nephi 26:21	הַנִּטְבָּלִים	those who were baptized		(no analysis)	
5	BOM/D&C	BOM 4nephi 1:37	הָאֲמִתִּיִּים	the true	אמנ	heuristic	trust
5	BOM/D&C/PGP	BOM alma 5:62	שֻׁתָּפִים	partakers	פימ	strong	
5	BOM	BOM alma 24:26	מִמִּסְפַּר	than the number of	ספר	strong	(סִפֵּר) to tell, recount; (סָפַר) to count;
5	BOM/NT/PGP	BOM alma 26:13	הִתִּיר	loosed	תור	hollow (mater)	(תּוּר) to spy out, search
5	BOM	BOM alma 37:41	בְּמַסָּעָם	in their journey	נסע	heuristic	to pull up, set out, journey
5	BOM	BOM alma 39:6	לְהִסָּלַח	to obtain	סלח	strong	to forgive, pardon
5	BOM/D&C	BOM alma 42:19	נִתֶּנֶת	given	נתנ	I-nun (dagesh)	put
5	BOM/D&C	BOM helaman 7:5	לִנְאֹף	to commit adultery	נאפ	strong	commit adultery
5	OT/NT/PGP	OT sos 1:6	שֶׁלִּי	which to me	שלה	lamed-yod (yod hides the he)	dominion
5	NT/D&C	NT 1co 9:24	הַנִּצָּחוֹן	the-victory	צחנ	strong	
5	NT	NT heb 3:15	שֶׁנֶּאֱמַר	while-it-is-said	אמר	strong	(אָמַר) to say, speak; (לֵאמֹר) saying; (אֵמ
5	NT/D&C	NT john 19:16	לְהִצָּלֵב	to be crucified.	צלב	strong	(צְלָב) cross; (צָלַב) to crucify
5	NT	NT luke 14:3	הֲמֻתָּר	Is it lawful	נתר	I-nun (dagesh)	(הִתִּיר) to loose, unloose — Ps 146:7 מַתִּ
5	NT/PGP	NT luke 21:26	יִתְמוֹטָטוּ	shall be shaken.		(no analysis)	
5	NT/D&C	NT matt 5:22	לְסַנְהֶדְרִין	to the council of		(no analysis)	
5	D&C	D&C dc101_110 1:17	ו׳	W.		(no analysis)	
5	D&C/PGP	D&C dc11_20 1:26	בְּאֶמְצַע	in the meridian of	מצע	heuristic	couch
5	D&C	D&C dc11_20 1:64	הַנִּסְמָךְ	he that is ordained	סמכ	strong	prop
5	D&C	D&C od 1:16	…	…		(no analysis)	
4	BOM	BOM 1nephi 7:21	בְּמַסָּעֵנוּ	on our journey	נסע	I-nun (dagesh)	to pull up, set out, journey
4	BOM	BOM 1nephi 16:19	מִמַּסָּעָם	because of their march	נסע	heuristic	to pull up, set out, journey
4	BOM/NT/D&C	BOM 2nephi 1:28	אַנִּיחַ	I leave	נוח	hollow (mater)	(נוּחַ) to rest; (מָנוֹחַ) resting place; Ma
4	BOM/NT	BOM 2nephi 9:28	תוֹעִיל	does it profit	יעל	I-yod (vav for yod)	(יָעֵל) Jael; (הוֹעִיל) to profit
4	BOM/NT	BOM 2nephi 9:47	אָעִיר	I awaken	עור	hollow (mater)	(עוֹר) skin; (עוּר) to awake
4	BOM	BOM 2nephi 10:18	וְנִמְנוּ	and be numbered	נומ	hollow	slumber
4	BOM/D&C	BOM 2nephi 10:22	הוֹבִיל	led	יבל	I-yod (vav for yod)	(יָבַל) to lead, carry; (הוֹבִיל) to lead; (
4	BOM/D&C	BOM 2nephi 28:28	יְקַבְּלֶנָּה	he shall receive it	קבל	strong	(קִבֵּל) to receive, accept
4	BOM/NT	BOM 3nephi 1:7	לְהִתְעַצֵּב	to grieve	עצב	strong	to shape, carve; to grieve, pain; idol
4	BOM/NT	BOM 3nephi 1:25	יוֹד	jot	נוד	I-nun	flee
4	BOM/D&C	BOM 3nephi 7:11	מְחֻבָּרִים	united	חבר	heuristic	(חָבַר) to join, unite; (חָבֵר) companion; (
4	BOM	BOM 3nephi 7:13	מַסָּעָם	their march	נסע	heuristic	to pull up, set out, journey
4	BOM/NT	BOM 3nephi 7:17	יַסְפִּיק	is sufficient	ספק	strong	doubt
4	BOM/NT/D&C	BOM 3nephi 9:15	וּבִי	and in me	נוב	I-nun (dagesh)	make
4	BOM	BOM 3nephi 10:4	תַּרְנְגֹלֶת	a hen		(no analysis)	
4	BOM/D&C	BOM 3nephi 18:5	וְהַנִּטְבָּלִים	and are baptized		(no analysis)	
4	BOM/D&C	BOM 3nephi 18:30	תְּקַבְּלוּהוּ	you shall receive him	קבל	heuristic	(קִבֵּל) to receive, accept
4	BOM/D&C	BOM 3nephi 21:22	וְיַקְשִׁיבוּ	and they shall give heed	קשב	strong	heed
4	BOM/OT	BOM 3nephi 22:16	פֶּחָם	the coals	פחמ	strong	coal
4	BOM/D&C	BOM 3nephi 28:34	יַקְשִׁיב	heed	קשב	strong	heed
4	BOM/OT	BOM alma 10:23	תֻּכּוּ	you shall be smitten	נתכ	I-nun (dagesh)	flow forth
4	BOM	BOM alma 11:25	לְהַשְׁמִידֵנִי	to destroy me	שמד	strong	be destroyed
4	BOM/NT	BOM alma 14:2	דִינָם	their lawyers	דינ	heuristic	strive
4	BOM	BOM alma 16:5	לְחַפֵּשׂ	in search of	חפש	strong	(חׇפְשִׁי) free, at liberty; (חִפֵּשׂ) to se
4	BOM	BOM alma 16:21	נִצָּחוֹן	victory	צחנ	strong	
4	BOM/D&C	BOM alma 26:24	פּוֹשֵׁעַ	a transgressor	פשע	strong	into transgression
4	BOM	BOM alma 26:34	לְהֵהָרֵג	to be slain	הרג	strong	be slain
4	BOM/NT/D&C	BOM alma 41:4	יוּקַם	raised	קומ	hollow	rise
4	BOM/NT	BOM alma 43:44	וַיְעוֹרְרוּ	And inspired	ערר	strong	(מְעָרָה) cave; (עֲרִירִי) childless
4	BOM	BOM alma 50:4	לְהַזִּיקָם	do them hurt	זקק	heuristic	(זָקַק) to refine, purge; (זִקִּים) chains
4	BOM	BOM alma 56:39	מַסָּעֵנוּ	our march	נסע	I-nun (dagesh)	to pull up, set out, journey
4	BOM/NT/D&C	BOM alma 57:34	הִגַּעְנוּ	we did arrive	נגע	I-nun (dagesh)	(נָגַע) to touch; (נֶגַע) plague, stroke; (ה
4	BOM/D&C	BOM alma 60:27	לִתְפֹּס	to seize	תפס	strong	seize
4	BOM/NT	BOM ether 2:9	יִירָשֶׁנָּה	shall possess it	ירש	strong	(יָרַשׁ) to inherit, possess; (יֶרְשׁוֹן) Je
4	BOM/D&C	BOM ether 4:18	וְהַנִּטְבָּל	and is baptized	טבל	strong	be baptized
4	BOM/D&C	BOM helaman 4:22	שִׁנּוּ	they altered	שנה	lamed-yod / III-he	year; to change
4	BOM/NT/D&C	BOM mosiah 4:11	וְקִבַּלְתֶּם	and have received	קבל	heuristic	(קִבֵּל) to receive, accept
4	OT/NT	OT 1ki 18:42	וַיִּגְהַר	and he crouched	גהר	strong	prostrate oneself
4	OT/NT	OT 1sa 21:14	רִירוֹ	his foam,	ריר	strong	saliva
4	OT	OT 2ki 1:2	זְבוּב	zebub	זבב	strong	
4	OT/PGP	OT deu 14:2	וּבְךָ	and you	בכה	lamed-yod / III-he	(בָּכָה) to weep; (בְּכִי) weeping
4	OT	OT gen 24:20	וַתָּרׇץ	and she ran	רוצ	hollow	run
4	NT/D&C	NT 1co 9:25	נִפְסָד	corruptible	פסד	heuristic	
4	NT	NT 1co 12:21	אֶצְטָרֵךְ	need		(no analysis)	
4	NT/D&C/PGP	NT 1co 13:2	לְהַעְתִּיק	I-could-remove	עתק	strong	remove
4	NT/D&C	NT 1ti 1:20	יִוָּסְרוּ	they-may-learn	יסר	I-yod (vav for yod)	(יִסַּר) to chasten; (יִסּוּרִים) affliction
4	NT/D&C	NT 1ti 4:13	שָׁקוּד	diligent	שקד	strong	(שָׁקַד) to watch; (שָׁקֵד) almond
4	NT/D&C	NT 2ti 2:14	לַעֲסֹק	strive	עסה	heuristic	
4	NT/PGP	NT acts 5:17	כַּת	the-sect-of	כתת	geminate	to beat, crush
4	NT	NT acts 13:39	לְהִצְטַדֵּק	be-justified		(no analysis)	
4	NT	NT john 12:25	יְאַבְּדֶנָּה	shall lose it;	אבד	strong	(אָבַד) to perish, be lost; (אׇבְדָן) loss, 
4	NT	NT john 13:38	הַתַּרְנְגֹל	the cock		(no analysis)	
4	NT	NT mark 11:32	הֲנֹאמַר	shall-we-say	אמר	strong	(אָמַר) to say, speak; (לֵאמֹר) saying; (אֵמ
4	NT	NT mark 15:30	מִן־הַצְּלוּב	from the cross.	צלב	strong	(צְלָב) cross; (צָלַב) to crucify
4	NT/D&C	NT matt 10:39	יִמְצָאֶנָּה	shall find it.	מצא	strong	to find, discover, attain
4	NT	NT rev 4:5	וּרְעָמִים	and-thunderings	רעה	heuristic	(רַעְיָה) my love; (מִרְעֶה) pasture
4	D&C	D&C dc101_110 1:10	קֹדֶמֶת	former,	קדמ	strong	meet
4	D&C/PGP	D&C dc101_110 1:92	מַעֲנִיק	bestows	ענק	strong	(עֲנָק) Anak, the Anakim; necklace
4	D&C/PGP	D&C dc11_20 1:1	וּבְשׂוֹרַת	and the gospel of	שור	hollow (mater)	ox
4	D&C	D&C dc51_60 1:22	בּ.	B.		(no analysis)	
4	D&C	D&C dc61_70 1:31	מַכְרִיז	declare	כרז	heuristic	(הִכְרִיז) to proclaim
4	PGP	PGP js_history 1:4	1823	1823,		(no analysis)	
3	BOM/NT/PGP	BOM 1nephi 1:15	וַתָּגֶל	and rejoiced	גלה	lamed-yod / III-he	to uncover, reveal; to go into exile
3	BOM	BOM 1nephi 3:26	וַנָּנָס	and we did flee	נוס	hollow	to flee, escape
3	BOM/D&C	BOM 1nephi 10:3	וְיוּשְׁבוּ	yea, even be brought back	ישב	I-yod (vav for yod)	to dwell, sit, inhabit
3	BOM	BOM 1nephi 10:13	לְהוֹבִיל	to lead	יבל	I-yod (vav for yod)	(יָבַל) to lead, carry; (הוֹבִיל) to lead; (
3	BOM/OT/NT	BOM 1nephi 12:4	הֲמֻלָּה	tumult	מלל	haqtalah (geminate)	(מִלָּה) word; (מִלֵּל) to speak
3	BOM	BOM 1nephi 16:11	צֵידָתֵנוּ	our provisions	צוד	hollow (mater)	to hunt; stronghold, fortress
3	BOM	BOM 1nephi 16:28	וְהַשְּׁקִידָה	and diligence	שקד	strong	(שָׁקַד) to watch; (שָׁקֵד) almond
3	BOM/OT	BOM 1nephi 22:7	וּבָם	and by them	יבמ	I-yod (vav for yod)	marry
3	BOM	BOM 2nephi 1:13	לְהוֹבִילָם	to lead them		(no analysis)	
3	BOM/D&C	BOM 2nephi 1:14	אֵבָרָיו	his limbs	ברה	lamed-yod (yod hides the he)	covenant
3	BOM/NT/D&C	BOM 2nephi 1:31	יַזִּיק	shall harm	זקק	geminate	(זָקַק) to refine, purge; (זִקִּים) chains
3	BOM/OT	BOM 2nephi 5:21	כַּחַלָּמִישׁ	like a flint	חלמש	heuristic	
3	BOM/OT	BOM 2nephi 12:4	לְאִתִּים	into plowshares	אתה	heuristic	you
3	BOM/OT/NT	BOM 2nephi 17:19	וּבִנְקִיקֵי	and in the holes of	נקק	strong	
3	BOM/OT	BOM 2nephi 21:1	חֹטֶר	a rod	חטר	strong	twig
3	BOM/OT	BOM 2nephi 21:8	הָדָה	shall put	הדה	strong	stretch
3	BOM	BOM 2nephi 28:27	נִצְטָרֵךְ	shall we need		(no analysis)	
3	BOM/D&C	BOM 3nephi 1:23	מַטְבִּילִים	baptizing	טבל	heuristic	be baptized
3	BOM/D&C	BOM 3nephi 3:14	הַנִּמְנִים	those numbered	הנה	heuristic	(הִנֵּה) behold, here, look; (הֵנָּה) these,
3	BOM	BOM 3nephi 11:22	תַטְבִּילוּ	you shall baptize	טבל	strong	be baptized
3	BOM	BOM 3nephi 11:26	תַּטְבִּילוּ	you shall baptize	טבל	strong	be baptized
3	BOM	BOM 3nephi 16:10	בְּגַאֲוָתָם	in their pride	גאה	heuristic	(גַּאֲוָה) pride; (גָּאָה) to be exalted
3	BOM	BOM 3nephi 27:1	וַיַּטִּיפוּ	and preaching	טפפ	geminate	trip
3	BOM	BOM 4nephi 1:29	עַנְוָתָם	their humility	עינ	heuristic	fountain
3	BOM	BOM 4nephi 1:43	לְהִתְגָּאוֹת	to be proud	גאה	lamed-yod / III-he	(גַּאֲוָה) pride; (גָּאָה) to be exalted
3	BOM/D&C	BOM alma 1:7	מִמּוֹרֵיהֶם	of their teachers	מרר	heuristic	(מַר) bitter; (מֹר) myrrh; (מָרַר) to be bit
3	BOM/D&C	BOM alma 2:3	פִּתּוּיֵי	persuasions of	פתה	lamed-yod (yod hides the he)	(פִּתָּה) to entice, deceive
3	BOM/NT/D&C	BOM alma 4:3	הַנִּשְׁלָחִים	were sent		(no analysis)	
3	BOM/OT/D&C	BOM alma 7:20	עֲקַלְקַלּוֹת	crooked		(no analysis)	
3	BOM	BOM alma 11:3	סְנוּם	a senum of		(no analysis)	
3	BOM/D&C	BOM alma 12:4	עֲרוּמָה	cunning	ערמ	strong	be
3	BOM/D&C	BOM alma 12:18	לְהִגָּאֵל	be redeemed	גאל	strong	to redeem, deliver; kinsman-redeemer
3	BOM	BOM alma 17:5	קָרוּ	attended	קרה	lamed-yod / III-he	(קָרָה) to happen, befall; (קִרְיָה) city, t
3	BOM/NT/PGP	BOM alma 21:23	וַיַּקְשִׁיבוּ	and they gave heed	קשב	strong	heed
3	BOM/PGP	BOM alma 22:19	וַתְּצַו	and commanded	נתצ	I-nun (dagesh)	tear
3	BOM	BOM alma 29:11	אֶת־שִׁבְיַת	the captivity of	שבה	lamed-yod (yod hides the he)	to take captive; captivity
3	BOM/D&C	BOM alma 30:27	בִּיגִיעַ	with the labors of	גוע	hollow (mater)	perish
3	BOM/D&C	BOM alma 30:43	אִוָּכַח	I may be convinced	יכח	I-yod (vav for yod)	to reprove, argue, set right
3	BOM/D&C	BOM alma 32:14	מְבֹרָכִים	they are blessed	רככ	heuristic	soften
3	BOM/NT	BOM alma 32:35	טְעַמְתֶּם	you have tasted	טעמ	heuristic	taste
3	BOM/D&C	BOM alma 34:31	תּוּבָא	shall be brought	בוא	hollow	(בּוֹא) to come, enter; (הֵבִיא) to bring
3	BOM	BOM alma 41:11	בְּיִצְרָם	are in a state of nature	בצר	heuristic	fortification
3	BOM/NT/D&C	BOM alma 45:21	יֻגַּד	should be declared	נגד	I-nun (dagesh)	(נֶגֶד) before, against; (הִגִּיד) to tell, 
3	BOM/D&C	BOM alma 46:39	נִפְדּוּ	were redeemed	פדה	lamed-yod / III-he	redeemed
3	BOM	BOM alma 48:16	בְּהַצָּלַת	in preserving	נצל	I-nun (dagesh)	to deliver, rescue, save
3	BOM	BOM alma 52:23	לָסֶגֶת	to retreat	סוג	hollow	(נָסוֹג) to turn back, retreat
3	BOM	BOM alma 56:54	כִּשְׁבוּיֵי	as prisoners of	שבה	lamed-yod (yod hides the he)	to take captive; captivity
3	BOM	BOM alma 60:9	אֶת־צֵידָתָם	their provisions	ציד	heuristic	food
3	BOM	BOM ether 2:6	סְפִינוֹת	barges	ספנ	strong	hide by covering
3	BOM/D&C	BOM ether 2:25	גַּלֵּי	the waves of	גלה	lamed-yod (yod hides the he)	to uncover, reveal; to go into exile
3	BOM/D&C	BOM ether 8:25	הַמְשַׁקֵּר	the liar	שקר	strong	to deal falsely, lie; falsehood, deception
3	BOM/NT/D&C	BOM ether 12:8	לְהִשְׁתַּתֵּף	be partakers		(no analysis)	
3	BOM/D&C	BOM ether 15:3	נִתְקַיְּמוּ	they were fulfilled	קומ	heuristic	rise
3	BOM	BOM ether 15:19	מֵהֵאָבֵק	striving	אבק	strong	dust
3	BOM	BOM helaman 7:13	נִקְהַלְתֶּם	you have assembled	קהל	heuristic	(קָהָל) assembly, congregation; (קְהִלָּה) c
3	BOM/NT/D&C	BOM helaman 9:20	קָשׁוּר	art bound	קשר	strong	conspiracy
3	BOM/NT/D&C	BOM helaman 10:7	תַּתִּיר	you shall loose	תור	hollow (mater)	(תּוּר) to spy out, search
3	BOM/NT	BOM helaman 15:4	בִּקְרִיאַת	at the preaching of	קרא	strong	(קָרָא) to call, proclaim, read; (מִקְרָא) c
3	BOM/NT	BOM jarom 1:11	מַזְהִירִים	exhorting	זהר	heuristic	(הִזְהִיר) to warn, admonish, exhort; (זֹהַר
3	BOM/NT	BOM mormon 7:5	עֹקֶץ	the sting of	עקצ	strong	
3	BOM/PGP	BOM mosiah 2:30	בְּנַסּוֹתִי	while attempting	סות	hollow (mater)	to entice, incite, stir up
3	BOM/D&C/PGP	BOM mosiah 5:8	נַעֲשֵׂיתֶם	you are made	עשה	heuristic	(עָשָׂה) to do, make; (מַעֲשֶׂה) work, deed
3	OT	OT 1ch 21:3	כָּהֵם	so-many-more-as-they-are	המה	lamed-yod / III-he	(הֵמָּה) they, them; (הָמוֹן) multitude; (הָ
3	OT/PGP	OT 1ki 12:10	עָבָה	it is thick	עבה	strong	be dense
3	OT	OT 1ki 21:21	מֵבִי	will bring	ביי	hollow (yod)	
3	OT/NT	OT 1sa 21:14	וַיְתָו	and wrote	תוה	lamed-yod / III-he	mark out
3	OT/NT	OT deu 25:4	לֹא־תַחְסֹם	you-shall-not-muzzle	חסמ	strong	muzzle
3	OT	OT deu 28:4	שְׁגַר	the young of	שגר	strong	fœtus
3	OT/NT	OT est 5:2	וַיּוֹשֶׁט	and extended	ישט	I-yod (vav for yod)	extend
3	OT	OT eze 4:14	פִּגּוּל	unclean meat	פגל	strong	
3	OT	OT eze 13:11	אֶלְגָּבִישׁ	hail		(no analysis)	
3	OT	OT eze 18:2	תִּקְהֶינָה	are set on edge	קהה	lamed-yod (yod hides the he)	be dull
3	OT	OT eze 23:17	וַתֵּקַע	and was alienated	תקע	strong	to blow (a trumpet), thrust, drive
3	OT/PGP	OT gen 1:2	מְרַחֶפֶת	was hovering	רחפ	strong	brood
3	OT	OT gen 17:23	וַיָּמׇל	and he circumcised	מול	hollow	(מוּל) facing, over against; to circumcise
3	OT/NT	OT gen 24:65	הַלָּזֶה	this	לוז	haqtalah (hollow)	depart
3	OT	OT gen 30:38	בָּרְהָטִים	in the gutters	רהט	heuristic	channel
3	OT	OT hos 4:14	יִלָּבֵט	he will be ruined	לבט	strong	fall
3	OT	OT hos 6:4	מַשְׁכִּים	early	כומ	hollow (mater)	
3	OT	OT hos 13:10	אֱהִי	where is	אהה	lamed-yod (yod hides the he)	(אֲהָהּ) alas!
3	OT	OT isa 20:2	וְיָחֵף	and-barefoot	יחפ	I-yod (vav for yod)	unsandalled
3	OT	OT isa 28:25	קֶצַח	the-black-seeds	קצח	strong	fennel-flower
3	OT	OT jdg 1:14	וַתִּצְנַח	and she went down	צנח	strong	alight
3	OT	OT job 9:27	וְאַבְלִיגָה	and I will be cheerful	בלג	strong	break off
3	OT	OT jon 2:6	אֲפָפוּנִי	they encompassed me	אפפ	heuristic	surround
3	OT	OT lev 2:2	וְקָמַץ	and he will take a handful	קמצ	strong	grasp
3	OT	OT lev 13:42	בְגַבַּחְתּוֹ	on his bald forehead	גבח	strong	bald
3	OT	OT lev 13:51	מַמְאֶרֶת	malignant	מאר	strong	be bitter
3	OT	OT pro 15:13	נְכֵאָה	is stricken	נכא	strong	smite
3	OT/NT	OT psa 14:3	נֶאֱלָחוּ	they have become foul	אלח	strong	muddle
3	NT	NT 1co 2:2	הַנִּצְלָב	crucified	צלב	strong	(צְלָב) cross; (צָלַב) to crucify
3	NT	NT 1co 7:27	לְהִפָּטֵר	to-be-loosed	פטר	strong	(פֶּטֶר) that which opens; (פֶּטְרוֹס) Peter
3	NT/D&C	NT 1co 9:10	חוֹשֵׁשׁ	taketh-care	חשש	strong	grass
3	NT	NT 1co 15:9	מֵהִקָּרֵא	worthy to be called	קרא	strong	(קָרָא) to call, proclaim, read; (מִקְרָא) c
3	NT	NT 1jn 2:8	גַּם־בָּכֶם	and-in-you	גממ	geminate	
3	NT	NT 1th 2:8	חֲבִיבִים	beloved-ones	חבב	heuristic	(חָבַב) to cherish
3	NT/PGP	NT 1ti 5:16	פַּרְנָסָה	them		(no analysis)	
3	NT	NT 2co 1:4	הַנִּלְחָצִים	them-which-are		(no analysis)	
3	NT	NT 2co 1:6	נֶחָמַתְכֶם	your-consolation	חמה	heuristic	wall; heat, fury
3	NT	NT 2co 7:9	נֶעֱצַבְתֶּם	you-were-made-sorry	עצב	heuristic	to shape, carve; to grieve, pain; idol
3	NT	NT 2co 7:11	זְרִיזוּת	carefulness		(no analysis)	
3	NT/D&C	NT acts 5:34	בְּסַנְהֶדְרִין	in-the-council		(no analysis)	
3	NT/D&C	NT acts 9:5	לִבְעֹט	to-with-a stylus of	בעט	strong	trample
3	NT/D&C	NT acts 9:5	בַּדָּרְבֹנוֹת	in-the-goads	דרב	heuristic	
3	NT	NT acts 15:20	הַנֶּחֱנָק	things-strangled,	חנק	strong	be narrow
3	NT	NT acts 19:19	דִּינָרִים	denarii		(no analysis)	
3	NT/D&C	NT acts 21:13	לְהֵאָסֵר	not-to-be-bound-only,	אסר	strong	(אָסַר) to bind; forbid; (אֲסוּרִים) prison,
3	NT	NT acts 26:9	הָגוּן	that-I-ought	גונ	hollow (mater)	
3	NT	NT col 3:13	תִּמְחֲלוּ	you-will-forgive	מחל	strong	(מָחַל) to forgive, pardon
3	NT/D&C	NT gal 4:17	לְהַפְרִיד	to-separate	פרד	strong	(פָּרַד) to separate, be parted
3	NT	NT heb 6:6	לִצְלֹב	afresh	צלב	strong	(צְלָב) cross; (צָלַב) to crucify
3	NT	NT heb 12:2	אֶת־הַצְּלוּב	the cross,	צלב	strong	(צְלָב) cross; (צָלַב) to crucify
3	NT/PGP	NT heb 12:27	שִׁנּוּי	the-removing-of	שנה	lamed-yod (yod hides the he)	year; to change
3	NT/D&C	NT john 6:64	הַמּוֹסֵר	should betray	יסר	I-yod (vav for yod)	(יִסַּר) to chasten; (יִסּוּרִים) affliction
3	NT	NT john 19:18	וַיִּצְלְבוּ	they crucified	צלב	strong	(צְלָב) cross; (צָלַב) to crucify
3	NT	NT john 19:29	סְפוֹג	a spunge		(no analysis)	
3	NT	NT luke 5:33	וְתַלְמִידֶיךָ	but your disciples	למד	heuristic	(לָמַד) to learn, teach; (תַּלְמִיד) discipl
3	NT	NT luke 9:24	וְהַמְאַבֵּד	and whoever loses	אבד	strong	(אָבַד) to perish, be lost; (אׇבְדָן) loss, 
3	NT	NT luke 9:25	שֶׁיִּקְנֶה	if he shall gain	שוק	hollow (mater)	(שׁוֹק) thigh; (שׁוּק) street, market
3	NT/D&C	NT luke 14:11	וְהַמַּשְׁפִּיל	and he that humbleth	שפל	strong	(שָׁפָל) low, lowly; (שְׁפֵלָה) the Shephela
3	NT	NT luke 18:16	וְאַל־תִּמְנָעוּם	and forbid them not:	יאל	I-yod (vav for yod)	be slack
3	NT	NT luke 18:25	הַמַּחַט	a needle,	חוט	hollow	string together
3	NT/PGP	NT luke 22:37	שֶׁצָּרִיךְ	that	צרכ	strong	need
3	NT/PGP	NT luke 24:9	וַתַּגֵּדְנָה	and told	נגד	I-nun (dagesh)	(נֶגֶד) before, against; (הִגִּיד) to tell, 
3	NT	NT mark 7:13	קַבָּלַתְכֶם	your tradition,		(no analysis)	
3	NT/D&C	NT mark 7:30	וְהַשֵּׁד	and the devil	שדה	lamed-yod / III-he	field, open country
3	NT	NT mark 9:43	תַכְשִׁילְךָ	offend you,	כשל	heuristic	stumble
3	NT	NT mark 9:45	תַּכְשִׁילְךָ	offend you,	כשל	heuristic	stumble
3	NT	NT mark 11:26	תִמְחֲלוּ	forgive,	מחל	strong	(מָחַל) to forgive, pardon
3	NT/D&C/PGP	NT mark 12:27	טוֹעִים	do err	נטע	heuristic	pitched
3	NT/D&C	NT mark 14:5	לְהִמָּכֵר	to be sold	מכר	strong	(מָכַר) to sell
3	NT	NT mark 15:9	שֶׁאַתִּיר	that I release	תור	hollow (mater)	(תּוּר) to spy out, search
3	NT	NT mark 15:17	וַיַּלְבִּישֻׁהוּ	and put on him	לבש	strong	to clothe, put on, be clothed
3	NT/D&C	NT matt 10:34	לְהָטִיל	to send	טול	hollow (mater)	cast
3	NT/D&C	NT phm 1:10	בַּמַּאֲסָר	in-bonds	אסר	strong	(אָסַר) to bind; forbid; (אֲסוּרִים) prison,
3	NT/D&C	NT rev 21:9	מִשִּׁבְעַת	of-the-seven	בעת	strong	(בִּעֵת) to terrify
3	NT	NT rom 15:1	הֲנָאַת	the-pleasure-of	אתה	lamed-yod / III-he	you
3	D&C	D&C dc101_110 1:11	לָשֵׁבֶת	to preside	שבת	strong	to cease, rest; Sabbath
3	D&C	D&C dc101_110 1:18	שְׁמִיעַת	are heard	שמע	strong	(שָׁמַע) to hear, obey
3	D&C	D&C dc101_110 1:30	פּ.	P.		(no analysis)	
3	D&C	D&C dc101_110 1:5	קְשׁוּרִים	bound	קשר	heuristic	conspiracy
3	D&C	D&C dc101_110 1:69	דּוֹלָרִים	dollars,		(no analysis)	
3	D&C	D&C dc101_110 1:6	יִוָּסֵר	be chastened	יסר	I-yod (vav for yod)	(יִסַּר) to chasten; (יִסּוּרִים) affliction
3	D&C	D&C dc101_110 1:2	וְיַזְהִיר	and warn	זהר	strong	(הִזְהִיר) to warn, admonish, exhort; (זֹהַר
3	D&C	D&C dc101_110 1:23	מְיֻחָדִים	especial	יחד	heuristic	(יַחַד) together; (יָחִיד) only — the Only B
3	D&C/PGP	D&C dc111_120 1:10	פְּסוּקִים	verses.		(no analysis)	
3	D&C	D&C dc11_20 1:22	יִוָּסֵף	shall be added	יספ	I-yod (vav for yod)	continue
3	D&C	D&C dc121_130 1:7	הַמֻּטֶּלֶת	an imperative	נטל	I-nun (dagesh)	(נָטַל) to lay upon, impose; (מֻטָּל) impose
3	D&C	D&C dc121_130 1:68	הַמְּנָיוֹת	of stock	מנה	lamed-yod (yod hides the he)	(מָנָה) to count, number, appoint; (מִנְיָן)
3	D&C	D&C dc121_130 1:4	לִלְחֹץ	to shake hands	לחצ	strong	press
3	D&C/PGP	D&C dc131_138 1:9	דָּתִי	religious		(no analysis)	
3	D&C	D&C dc131_138 1:9	דָתִית	religious		(no analysis)	
3	D&C	D&C dc21_30 1:9	קְרִיאָתְךָ	your calling	קרה	heuristic	(קָרָה) to happen, befall; (קִרְיָה) city, t
3	D&C	D&C dc31_40 1:1	פִּ.	P.		(no analysis)	
3	D&C	D&C dc51_60 1:9	מַסַּעֲכֶם	your journey	נסע	heuristic	to pull up, set out, journey
3	D&C	D&C dc61_70 1:21	הַנִּזְכֶּרֶת	named	זכר	strong	to remember; male
3	D&C	D&C dc71_80 1:1	וְהַפָּסוּק	and verse		(no analysis)	
3	D&C	D&C dc71_80 1:11	הַנִּסְמָכִים	ordained		(no analysis)	
3	D&C/PGP	D&C od 1:1	ב	2		(no analysis)	
3	D&C/PGP	D&C od 1:3	פֻּרְסְמוּ	were-published	פרסמ	heuristic	
3	D&C	D&C od 1:3	רִבּוּי	the plurality of	רבה	lamed-yod (yod hides the he)	(רָבָה) to multiply, increase, much; (רַבִּי
3	D&C/PGP	D&C od 1:7	כָּלְשֶׁהוּ	any	שוה	hollow	(שָׁוָה) to be equal, set
3	D&C/PGP	D&C od 1:19	לְהַמְשִׁיךְ	to continue	שוכ	hollow (mater)	entwine
3	PGP	PGP js_history 1:9	לְגָרוֹם	to make	גרמ	strong	bones
3	PGP	PGP js_history 1:10	טוֹעוֹת	wrong	טעה	lamed-yod (vav form)	wander
3	PGP	PGP js_history 1:36	שֶׁלָּנוּ	of ours	לונ	hollow	stop
3	PGP	PGP js_history 1:36	אֶת־הַפָּסוּק	the first		(no analysis)	
3	PGP	PGP js_history 1:66	1829	one thousand eight hundred and twenty-nine,		(no analysis)	
3	PGP	PGP moses 7:5	וָאַבֵּט	And I looked	נבט	I-nun (dagesh)	(הִבִּיט) to look, behold
3	PGP	PGP pgp_intro 1:17	אֶנְד	and	נוד	hollow	flee
2	BOM	BOM 1nephi 4:2	חֵילוֹת	the armies of	חול	hollow (mater)	(חוֹל) sand; (חוּל) to writhe, wait
2	BOM	BOM 1nephi 10:21	נִסְיֹנְכֶם	your probation	נסה	heuristic	(נִסָּה) to prove, try, tempt; (נִסָּיוֹן) t
2	BOM	BOM 1nephi 14:4	כִּשְׁבִי	according to the captivity of	שבה	lamed-yod (yod hides the he)	to take captive; captivity
2	BOM/NT	BOM 1nephi 17:19	לְהֵעָצֵב	to be sorrowful	עצב	strong	to shape, carve; to grieve, pain; idol
2	BOM/NT	BOM 1nephi 17:48	לְהַשְׁלִיכֵנִי	to cast me	שלכ	strong	throw
2	BOM	BOM 1nephi 18:13	הִתִּירוּנִי	did they loose me	רנה	lamed-yod / III-he	into singing
2	BOM	BOM 1nephi 18:15	לְהִבָּלַע	to be swallowed up	בלע	strong	(בִּלְעָם) Balaam; (בָּלַע) to swallow
2	BOM	BOM 1nephi 18:15	צָבֹה	swell	צבה	strong	swollen
2	BOM	BOM 1nephi 18:15	צָבְתוּ	were they swollen	צבת	strong	lock
2	BOM	BOM 1nephi 18:18	צַעֲרָם	their grief	צער	heuristic	(צַעַר) sorrow; (הִצְטַעֵר) to be sorry
2	BOM/NT	BOM 1nephi 18:19	לְהַתִּירֵנִי	to loose me	תור	hollow (mater)	(תּוּר) to spy out, search
2	BOM	BOM 1nephi 19:1	וַיְצַוֵּנִי	and commanded me	צוה	lamed-yod / III-he	to command
2	BOM/NT	BOM 1nephi 19:6	אֶצְטַדֵּק	I would excuse myself		(no analysis)	
2	BOM/OT	BOM 1nephi 21:10	שָׁרָב	the heat	שרב	strong	glow
2	BOM/OT	BOM 1nephi 21:22	בְּחֹצֶן	in their arms	חצנ	strong	bosom
2	BOM/PGP	BOM 2nephi 2:11	מְעֹרָבִים	compounded	ערב	heuristic	(עֶרֶב) evening; (מַעֲרָב) west; (עֲרָבָה) A
2	BOM	BOM 2nephi 3:12	וְהַנִּכְתָּב	and that which shall be written	כתב	strong	(כָּתַב) to write; (כְּתָב) writing, record,
2	BOM	BOM 2nephi 5:11	וַנַּצְלִיחַ	and we prospered	צלח	strong	prosperous
2	BOM/OT	BOM 2nephi 5:21	נִמְרֶצֶת	sore	מרצ	strong	press
2	BOM	BOM 2nephi 9:12	שְׁבוּיָיו	its captives	שבה	lamed-yod (yod hides the he)	to take captive; captivity
2	BOM	BOM 2nephi 9:42	וְהַמְּלֻמָּדִים	and the learned		(no analysis)	
2	BOM/NT	BOM 2nephi 9:42	הַמִּתְגָּאִים	who are puffed up		(no analysis)	
2	BOM	BOM 2nephi 10:20	הוּבַלְנוּ	we were led	יבל	I-yod (vav for yod)	(יָבַל) to lead, carry; (הוֹבִיל) to lead; (
2	BOM	BOM 2nephi 10:24	הִתְרַצּוּ	reconcile yourselves	רוצ	hollow	run
2	BOM	BOM 2nephi 12:5	תְּעִיתֶם	have gone astray	עתמ	strong	glow
2	BOM/OT	BOM 2nephi 12:16	כׇּל־שְׂכִיּוֹת	all the pictures	שכה	lamed-yod (yod hides the he)	roam
2	BOM/OT	BOM 2nephi 13:16	תְּעַכַּסְנָה	they make a tinkling	עכס	strong	put on anklets
2	BOM/OT	BOM 2nephi 13:18	הָעֲכָסִים	the tinkling ornaments	עכס	heuristic	put on anklets
2	BOM/OT	BOM 2nephi 13:18	וְהַשְּׁבִיסִים	and the headbands	שבס	heuristic	
2	BOM/OT	BOM 2nephi 13:18	וְהַשַּׂהֲרֹנִים	and the crescents	שהר	heuristic	
2	BOM/OT	BOM 2nephi 13:23	וְהָרְדִידִים	and the veils	רדד	heuristic	tread
2	BOM/OT	BOM 2nephi 15:2	וַיְעַזְּקֵהוּ	and he fenced it	עזק	strong	grub
2	BOM/OT	BOM 2nephi 15:13	צִחֵה	parched with	צחה	strong	parched
2	BOM/OT	BOM 2nephi 15:14	וּפָעֲרָה	and opened	פער	strong	open
2	BOM/OT	BOM 2nephi 15:24	וַחֲשַׁשׁ	and as the chaff	חשש	strong	grass
2	BOM/OT	BOM 2nephi 15:25	כַּסּוּחָה	as the refuse	סוח	hollow (mater)	Suach
2	BOM/OT	BOM 2nephi 17:18	לַזְּבוּב	for the fly	זבב	strong	
2	BOM/OT	BOM 2nephi 17:19	הַנַּעֲצוּצִים	the thorns		(no analysis)	
2	BOM/OT	BOM 2nephi 19:18	וַיִּתְאַבְּכוּ	and they shall mount up	אבכ	heuristic	coil
2	BOM/OT	BOM 2nephi 19:19	נֶעְתַּם	is darkened	עתמ	strong	glow
2	BOM/D&C	BOM 2nephi 23:22	אַשְׁמִידֶנָּה	I will destroy her	שמד	strong	be destroyed
2	BOM/OT	BOM 2nephi 24:22	וְנִין	and son	נונ	hollow (mater)	resprout
2	BOM/OT	BOM 2nephi 24:22	וָנֶכֶד	and nephew	נכד	strong	offspring
2	BOM/OT	BOM 2nephi 24:23	קִפֹּד	the bittern	קפד	strong	contract
2	BOM/NT	BOM 2nephi 25:4	צֵאתִי	I came out	צוא	hollow	soiled
2	BOM/OT	BOM 2nephi 27:32	יְקֹשׁוּן	they lay a snare	יקש	heuristic	ensnare
2	BOM/OT	BOM 2nephi 27:33	יֶחֱוָרוּ	grow pale	חור	hollow (mater)	chosen
2	BOM	BOM 2nephi 28:12	קְהִלּוֹתֵיהֶם	their churches	קהל	heuristic	(קָהָל) assembly, congregation; (קְהִלָּה) c
2	BOM/D&C	BOM 2nephi 28:14	נִמְשָׁכִים	are led	משכ	heuristic	sow
2	BOM	BOM 2nephi 28:19	בְּשַׁלְשְׁלוֹתָיו	with his chains		(no analysis)	
2	BOM	BOM 2nephi 29:6	הֲקִבַּלְתֶּם	have you obtained	קבל	heuristic	(קִבֵּל) to receive, accept
2	BOM/NT	BOM 2nephi 31:10	הֲנוּכַל	can we	יכל	I-yod (vav for yod)	(יָכֹל) to be able, can, prevail
2	BOM	BOM 2nephi 31:18	וּקְבַלְתֶּם	and you have received	קבל	heuristic	(קִבֵּל) to receive, accept
2	BOM	BOM 3nephi 1:17	הִשְׁתּוֹמְמוּ	were astonished	יממ	I-yod (vav for yod)	
2	BOM	BOM 3nephi 4:6	לְהִתְפַּשֵּׁט	to spread	פשט	strong	strip
2	BOM	BOM 3nephi 4:16	לְהַכְנִיעָם	to subdue them	כנע	heuristic	suffer Himself
2	BOM	BOM 3nephi 4:18	צֵידָתָם	their provisions	ציד	heuristic	food
2	BOM/D&C	BOM 3nephi 6:12	לְהִבָּדֵל	to be divided	בדל	strong	(בָּדַל) to divide, separate; (הִבְדִּיל) to
2	BOM/PGP	BOM 3nephi 7:8	מִצִּדְקָתָם	from their righteousness	צדק	heuristic	righteous, just; righteousness, justice
2	BOM/NT	BOM 3nephi 7:23	וַיַּטֵּף	and he preached	נטפ	I-nun (dagesh)	ooze
2	BOM/PGP	BOM 3nephi 8:7	חַדִּים	sharp	אחד	heuristic	one, a single
2	BOM	BOM 3nephi 8:12	וְהָרְעָמִים	and the thunderings	רעה	heuristic	(רַעְיָה) my love; (מִרְעֶה) pasture
2	BOM/PGP	BOM 3nephi 9:20	אַטְבִּיל	I will baptize	טבל	strong	be baptized
2	BOM	BOM 3nephi 12:26	סֶנִין	senine		(no analysis)	
2	BOM/NT	BOM 3nephi 12:41	מִיל	a mile	מול	hollow (mater)	(מוּל) facing, over against; to circumcise
2	BOM/D&C	BOM 3nephi 12:42	לִלְווֹת	borrow	לוה	lamed-yod / III-he	lend
2	BOM/NT	BOM 3nephi 13:7	וּבְהִתְפַּלֶּלְכֶם	but when you pray		(no analysis)	
2	BOM/NT	BOM 3nephi 13:30	יַלְבִּישׁ	he shall clothe	לבש	strong	to clothe, put on, be clothed
2	BOM/NT	BOM 3nephi 14:15	טֹרְפִים	ravening	טרפ	heuristic	pluck off
2	BOM	BOM 3nephi 15:17	מִן־הַמִּכְלָא	of the fold	כלא	strong	(כֶּלֶא) prison; (כָּלָא) to shut up, restra
2	BOM	BOM 3nephi 18:30	תְגָרְשׁוּהוּ	cast him out	גרש	heuristic	(גֵּרֵשׁ) to drive out; (מִגְרָשׁ) pasture l
2	BOM/D&C	BOM 3nephi 20:8	שׁוֹתֶה	drinketh	שתה	strong	(שָׁתָה) to drink; (מִשְׁתֶּה) feast
2	BOM/OT	BOM 3nephi 22:10	תְּמוּטֶינָה	be removed	מוט	hollow (mater)	(מוֹט) to be moved; yoke, bar
2	BOM	BOM 3nephi 27:1	וַיַּטְבִּילוּ	and were baptizing	טבל	strong	be baptized
2	BOM	BOM 3nephi 27:26	נִכְתָּבִים	are written	כתב	heuristic	(כָּתַב) to write; (כְּתָב) writing, record,
2	BOM	BOM 3nephi 28:21	נִזּוֹקוּ	were they harmed	נזק	strong	harm
2	BOM/D&C	BOM 3nephi 28:34	יְקַבְּלֵם	will he receive them	קבל	heuristic	(קִבֵּל) to receive, accept
2	BOM	BOM alma 2:12	וַיִּתְחַמְּשׁוּ	and armed themselves	חמש	heuristic	(חָמֵשׁ) five; (חֲמִשִּׁים) fifty
2	BOM	BOM alma 3:4	כַּלָּמָנִים	like the Lamanites	נומ	hollow (mater)	slumber
2	BOM/NT	BOM alma 4:19	בְּהָעִיד	in bearing	עוד	hollow (mater)	(עוֹד) again, still, yet
2	BOM/D&C	BOM alma 5:14	צַלְמוֹ	His image	צלמ	strong	phantom
2	BOM	BOM alma 6:6	וּלְהִתְחַבֵּר	and to unite	חבר	strong	(חָבַר) to join, unite; (חָבֵר) companion; (
2	BOM/D&C	BOM alma 7:3	נִכְנַעְתֶּם	you had humbled yourselves	כנע	heuristic	suffer Himself
2	BOM/NT	BOM alma 7:6	שַׁתֶּם	you have not set	שתמ	strong	unveil
2	BOM/D&C	BOM alma 8:10	לְהַטְבִּילָם	that he might baptize them	טבל	heuristic	be baptized
2	BOM	BOM alma 9:30	לְהֵאָהֵב	to be beloved	אהב	strong	(אָהַב) to love; (אָהוּב) beloved
2	BOM	BOM alma 9:30	אָבוּד	lost	אבד	strong	(אָבַד) to perish, be lost; (אׇבְדָן) loss, 
2	BOM	BOM alma 10:12	לְהִתְפַּלֵּא	to be astonished	פלא	strong	(פֶּלֶא) wonder; (נִפְלָאוֹת) miracles, marv
2	BOM	BOM alma 11:2	וַיֵּאָנֵס	and was compelled	אנס	strong	insist
2	BOM	BOM alma 11:3	סְנִינֵה	a senine of		(no analysis)	
2	BOM	BOM alma 11:3	כִּסְנִינֵה	is equal to a senine of	כסה	heuristic	to cover, conceal; (כִּסֵּא) throne
2	BOM	BOM alma 11:6	עֶזְרוֹם	an ezrom of		(no analysis)	
2	BOM	BOM alma 11:11	סְנוּמִים	senums		(no analysis)	
2	BOM	BOM alma 11:14	לְחֶשְׁבּוֹנָם	of their reckoning	חשב	heuristic	(חָשַׁב) to think, suppose, devise, reckon; 
2	BOM	BOM alma 12:36	בַּמְּרִיבָה	in the last	רבה	strong	(רָבָה) to multiply, increase, much; (רַבִּי
2	BOM/NT	BOM alma 14:6	מִשְׁתּוֹמֵם	was astonished	יממ	I-yod (vav for yod)	
2	BOM/NT	BOM alma 14:7	לִרְגֹּם	to cast stones	רגמ	strong	cast together
2	BOM/D&C	BOM alma 15:3	בּוֹעֵר	burning heat	יער	I-yod (vav for yod)	forest
2	BOM	BOM alma 16:5	בְּיָדְעָם	knowing	ידע	heuristic	to know, perceive, understand
2	BOM/D&C	BOM alma 17:5	בְּמַסְעוֹתֵיהֶם	in their journeyings	מסה	heuristic	dissolve
2	BOM	BOM alma 17:6	בְּהִפָּרְדָם	having departed	פרד	heuristic	(פָּרַד) to separate, be parted
2	BOM/D&C	BOM alma 19:27	לְיַסְּרָם	to afflict them	יסר	heuristic	(יִסַּר) to chasten; (יִסּוּרִים) affliction
2	BOM	BOM alma 21:14	וַיַּלְבִּישׁוּם	and clothed		(no analysis)	
2	BOM	BOM alma 21:16	הוֹבִילָם	led by	בלמ	strong	muzzle
2	BOM	BOM alma 22:14	וְעֹקֶץ	and that the sting of	עקצ	strong	
2	BOM	BOM alma 24:15	זֹהֲרִים	bright	זהר	heuristic	(הִזְהִיר) to warn, admonish, exhort; (זֹהַר
2	BOM	BOM alma 26:31	נַבִּיט	we can look forth	נבט	strong	(הִבִּיט) to look, behold
2	BOM	BOM alma 26:34	וּמִשִּׂנְאָתָם	and of their hatred	שנה	heuristic	year; to change
2	BOM/NT	BOM alma 27:24	מֵהוֹנָם	a portion of their substance	נומ	hollow	slumber
2	BOM	BOM alma 27:29	בְּיִסּוּרִים	in sufferings	יסר	heuristic	(יִסַּר) to chasten; (יִסּוּרִים) affliction
2	BOM	BOM alma 32:16	נֶאֱנַס	compelled	אנס	strong	insist
2	BOM	BOM alma 32:27	לַחְפֹּץ	desire	חפצ	strong	desire
2	BOM/NT	BOM alma 32:28	נְדַמֶּה	we will compare	דמה	strong	was like
2	BOM/D&C	BOM alma 32:34	לְהִתְרַחֵב	to expand	רחב	strong	to be wide, broad; breadth, width
2	BOM	BOM alma 32:37	תְּטַפְּחוּהוּ	you nourish it	טפח	heuristic	nourish
2	BOM	BOM alma 32:40	בְּקַוּוֹתְכֶם	looking forward	קוה	heuristic	he hoped
2	BOM/NT	BOM alma 34:16	חָשׂוּף	is exposed	חשפ	strong	strip
2	BOM	BOM alma 34:35	דְּחִיתֶם	you have procrastinated	דחה	heuristic	push down
2	BOM	BOM alma 36:14	הוֹבַלְתִּים	led them away		(no analysis)	
2	BOM	BOM alma 37:5	אֶת־זׇהֳרָם	their brightness	זהר	heuristic	(הִזְהִיר) to warn, admonish, exhort; (זֹהַר
2	BOM	BOM alma 40:23	תּוּשַׁב	shall be restored	ישב	I-yod (vav for yod)	to dwell, sit, inhabit
2	BOM/NT	BOM alma 40:23	וְהַשָּׁלֵם	and perfect	שלמ	strong	make
2	BOM	BOM alma 41:13	שֵׁדִי	devilish	שדה	lamed-yod (yod hides the he)	field, open country
2	BOM	BOM alma 42:10	וְשֵׁדִיִּים	and devilish	דומ	hollow (mater)	
2	BOM	BOM alma 42:26	אׇבְדָנָם	their destruction	אבד	heuristic	(אָבַד) to perish, be lost; (אׇבְדָן) loss, 
2	BOM	BOM alma 43:30	וּקְהִלָּתָם	and their church	קהל	heuristic	(קָהָל) assembly, congregation; (קְהִלָּה) c
2	BOM	BOM alma 43:44	וּמְצַוָּם	and commander	צומ	hollow (mater)	fast
2	BOM	BOM alma 43:48	וַיְעוֹרֵר	and inspired	ערר	strong	(מְעָרָה) cave; (עֲרִירִי) childless
2	BOM	BOM alma 43:54	מִשְּׁפֹךְ	shedding	שפכ	strong	spill forth
2	BOM	BOM alma 48:18	כְּאַלְמָא	like unto Alma		(no analysis)	
2	BOM	BOM alma 49:5	תְּמִיהָה	with an astonishment	תמה	lamed-yod (yod hides the he)	to be astonished, amazed
2	BOM	BOM alma 49:22	בְּנַסּוֹתָם	in these attempts	סתמ	strong	stop
2	BOM	BOM alma 51:32	הֵצִיקוּ	they did harass	צוק	hollow (mater)	distress
2	BOM	BOM alma 51:33	עֲיֵפוּתָם	their much fatigue	עופ	heuristic	fly
2	BOM	BOM alma 53:6	אֶת־שְׁבוּיָיו	its captives	שבה	lamed-yod (yod hides the he)	to take captive; captivity
2	BOM	BOM alma 54:11	אַחֲלִיף	I will exchange	חלפ	strong	pass
2	BOM	BOM alma 55:14	נִשְׁתַּכְּרוּ	they were drunken		(no analysis)	
2	BOM/D&C	BOM alma 55:31	לְהִלָּכֵד	be taken	לכד	strong	to capture, take
2	BOM/D&C	BOM alma 57:3	לְהַחֲלִיף	exchange	חלפ	strong	pass
2	BOM	BOM alma 57:11	מִמַּשְׁעָנָם	from their support	משה	heuristic	to draw out (of water)
2	BOM	BOM alma 57:13	שְׁבוּיֵינוּ	our prisoners	יינ	I-yod (vav for yod)	wine
2	BOM	BOM alma 57:16	בַּמָּצוֹק	in the critical circumstances	צוק	hollow (mater)	distress
2	BOM/NT	BOM alma 57:16	לַחֲרֹץ	to determine	חרצ	strong	decide
2	BOM	BOM alma 57:34	לְהַשִּׂיגָם	overtake them	נשג	heuristic	(הִשִּׂיג) to reach, obtain, attain
2	BOM/NT	BOM alma 58:27	וַנַּגִּיעַ	and we did arrive	גוע	hollow (mater)	perish
2	BOM/NT	BOM alma 60:9	מְנַעְתֶּם	you have withheld	עתמ	strong	glow
2	BOM	BOM alma 62:29	הוּקַל	were relieved	קול	hollow	voice of
2	BOM	BOM ether 8:19	בְּקִשְׁרֵי	in combinations of	קשר	strong	conspiracy
2	BOM	BOM ether 8:21	לְהַשְׁמָדַת	the destruction of	שמד	strong	be destroyed
2	BOM/D&C	BOM ether 12:26	יִתְלוֹצְצוּ	they shall take advantage		(no analysis)	
2	BOM	BOM ether 14:25	לְאׇבְדָנָם	for their destruction	אבד	heuristic	(אָבַד) to perish, be lost; (אׇבְדָן) loss, 
2	BOM/D&C	BOM helaman 5:49	כִּשְׁלֹשׁ	as three	שלש	strong	(שָׁלֹשׁ) three; (שְׁלֹשִׁים) thirty
2	BOM	BOM helaman 6:1	חׇזְקָם	their firmness	חזק	heuristic	(חָזָק) strong, mighty; to strengthen; (הֶחֱ
2	BOM	BOM helaman 7:22	תִּלָּקַחְנָה	they shall be taken	לקח	strong	to take, receive, get
2	BOM/D&C	BOM helaman 8:5	תִלָּקַחְנָה	they shall be taken	לקח	strong	to take, receive, get
2	BOM/D&C	BOM helaman 8:6	לִשְׁלֹט	to rule	שלט	strong	(שָׁלַט) to rule, have power; (שִׁלְטוֹן) po
2	BOM/PGP	BOM helaman 12:8	לְהֵחָלֵק	to be divided	חלק	strong	(חֵלֶק) part, portion; (חָלַק) to divide; (מ
2	BOM	BOM helaman 13:32	וְהַשְׁחָתַתְכֶם	and your destruction		(no analysis)	
2	BOM	BOM helaman 13:33	עׇשְׁרֵנוּ	our riches	עשר	strong	(עֶשֶׂר) ten; (עֶשְׂרִים) twenty; (עֹשֶׁר) r
2	BOM/NT	BOM jacob 1:2	אֶגַּע	should I touch	נגע	I-nun (dagesh)	(נָגַע) to touch; (נֶגַע) plague, stroke; (ה
2	BOM	BOM jacob 2:3	שׁוֹקֵד	diligent	יקד	I-yod (vav for yod)	shall be kindled
2	BOM	BOM jacob 5:49	יַכְבִּידוּ	they shall cumber	כבד	strong	(כָּבֵד) to be heavy; to honor; (כָּבוֹד) gl
2	BOM	BOM jacob 6:10	תִכְבֶּינָה	shall be quenched	כבה	lamed-yod (yod hides the he)	to be quenched, extinguish
2	BOM/D&C	BOM jarom 1:4	חִבּוּר	communion	חבר	strong	(חָבַר) to join, unite; (חָבֵר) companion; (
2	BOM/D&C	BOM mormon 1:4	תַּנִּיחַ	you shall leave	נוח	hollow (mater)	(נוּחַ) to rest; (מָנוֹחַ) resting place; Ma
2	BOM	BOM mormon 5:7	בִּמְנוּסָתָם	in their flight		(no analysis)	
2	BOM	BOM mormon 8:24	לְהַרְעִישׁ	cause to shake	רעש	strong	earthquakes
2	BOM	BOM mormon 9:3	בְּהַכִּירְכֶם	under a consciousness of	נכר	heuristic	(נֵכָר) foreign, strange; (הִכִּיר) to recog
2	BOM/NT	BOM mormon 9:24	יַזִּיקֵם	shall it hurt them	זקק	heuristic	(זָקַק) to refine, purge; (זִקִּים) chains
2	BOM/D&C	BOM mormon 9:36	הֲשָׁבָתָם	their restoration	ישב	heuristic	to dwell, sit, inhabit
2	BOM/PGP	BOM moroni 7:27	לִתְבֹּעַ	to claim	נבע	I-nun (dagesh)	utter
2	BOM/NT	BOM moroni 7:28	תּוֹבֵעַ	claims	בעה	lamed-yod / III-he	satisfied
2	BOM/NT	BOM moroni 9:14	נְצַפֶּה	can we expect	צפה	strong	(צִפָּה) to overlay; (צֹפֶה) watchman
2	BOM	BOM moroni 9:21	לְהַפְגִּיעַ	recommend	פגע	strong	encountered
2	BOM	BOM moroni 10:4	אֲמִתָּתָם	the truth of it	אמנ	heuristic	trust
2	BOM	BOM mosiah 2:41	גַּם־בְּגוּף	both in body	גממ	geminate	
2	BOM	BOM mosiah 7:21	וּבְנִכְלָיו	and by his craftiness	כלה	lamed-yod (yod hides the he)	to complete, finish, bring to an end
2	BOM/PGP	BOM mosiah 9:0	כב	22	כבה	lamed-yod / III-he	to be quenched, extinguish
2	BOM/NT	BOM mosiah 11:12	לְהַשְׁקִיף	look over	שקפ	strong	lean out
2	BOM	BOM mosiah 12:5	עַל־גַּבָּם	upon their backs	עלה	lamed-yod / III-he	(עָלָה) to go up, ascend; (עֹלָה) burnt offe
2	BOM	BOM mosiah 12:19	לְהַאֲשִׁימוֹ	to accuse him	שומ	hollow (mater)	put
2	BOM	BOM mosiah 16:11	לִתְקוּמַת	to the resurrection of	קומ	hollow (mater)	rise
2	BOM/D&C	BOM mosiah 18:13	מַטְבִּילְךָ	baptize you	טבל	heuristic	be baptized
2	BOM	BOM mosiah 18:29	גַּם־בְּצָרְכֵי	both in the needs of	גממ	geminate	
2	BOM/D&C	BOM mosiah 24:4	לְהִלָּמֵד	to be taught	למד	strong	(לָמַד) to learn, teach; (תַּלְמִיד) discipl
2	BOM/NT	BOM mosiah 27:19	וַיּוֹבִילֻהוּ	and carried	יבל	I-yod (vav for yod)	(יָבַל) to lead, carry; (הוֹבִיל) to lead; (
2	BOM/NT	BOM mosiah 29:10	וְנַבִּיטָה	and look	נבט	strong	(הִבִּיט) to look, behold
2	BOM	BOM mosiah 29:40	הֶחֱשִׁיבוּהוּ	they esteemed him		(no analysis)	
2	OT	OT 1ch 12:41	דְּבֵלִים	cakes-of-figs	דבל	heuristic	
2	OT	OT 1ch 16:3	וַאֲשִׁישָׁה	and-a-cake-of-raisins	שוש	hollow (mater)	to rejoice; (שֵׁשׁ) six
2	OT	OT 1ki 7:6	וְעָב	and a thick beam	עבה	lamed-yod / III-he	be dense
2	OT	OT 1ki 7:28	הַשְׁלַבִּים	the cross bars	שלה	heuristic	dominion
2	OT	OT 1ki 10:11	אַלְמֻגִּים	almug		(no analysis)	
2	OT	OT 1ki 17:12	מָעוֹג	is food	עוג	hollow (mater)	bake
2	OT	OT 1ki 19:4	רֹתֶם	a broom plant	רתמ	strong	yoke up
2	OT	OT 1ki 22:22	וְגַם־תּוּכׇל	and also you will prevail	גממ	geminate	
2	OT	OT 1ki 22:25	לְהֵחָבֵה	to hide thyself	חוב	haqtalah (hollow)	(חַיָּב) bound, in danger; debt
2	OT	OT 1sa 25:18	צִמֻּקִים	clusters-of-raisins	צמק	heuristic	dry up
2	OT	OT 2ki 19:28	וּמִתְגִּי	and my bridle	מתג	strong	bit
2	OT	OT 2ki 20:7	דְּבֶלֶת	a cake of	דבל	strong	
2	OT	OT 2ki 25:12	וּלְיֹגְבִים	and to plowmen	יגב	heuristic	dig
2	OT	OT 2sa 13:8	אֶת־הַבָּצֵק	flour	בצק	strong	swell up
2	OT/NT	OT 2sa 17:23	וַיֵּחָנַק	and-strangled-himself	חנק	strong	be narrow
2	OT	OT 2sa 19:5	לָאַט	covered	לאט	strong	muffle
2	OT	OT 2sa 22:17	יַמְשֵׁנִי	he-drew-me-out	מוש	hollow	(מוּשׁ) to depart; to feel
2	OT	OT amo 4:9	הַגָּזָם	the palmerworm	גזמ	strong	locust
2	OT	OT deu 5:6	עֲבָדִ͏ים	servants	עבד	heuristic	(עָבַד) to serve, work; (עֶבֶד) servant; (עַ
2	OT	OT deu 5:7	עַל־פָּנָ͏ַי	before Me	עלה	lamed-yod / III-he	(עָלָה) to go up, ascend; (עֹלָה) burnt offe
2	OT	OT deu 5:8	מִתָּ͏ַחַת	beneath	נתח	I-nun (dagesh)	dismember
2	OT	OT deu 5:17	תִּֿרְצָ͏ח	you shall kill	רצח	strong	murder
2	OT	OT deu 5:17	תִּֿנְאָ͏ף	you shall commit adultery	נאפ	strong	commit adultery
2	OT	OT deu 14:7	וְאֶת־הָאַרְנֶבֶת	and the hare	רנה	heuristic	into singing
2	OT	OT deu 14:15	וְאֶת־הַשָּׁחַף	and the gull	שחפ	strong	gull
2	OT	OT deu 23:3	מַמְזֵר	a bastard	מזר	strong	
2	OT	OT deu 27:2	וְשַׂדְתָּ	and you will whitewash	שדה	lamed-yod / III-he	field, open country
2	OT	OT deu 27:2	בַּשִּׂיד	with the lime	שיד	strong	plaster
2	OT	OT deu 28:5	טַנְאֲךָ	your basket	טנא	heuristic	basket
2	OT	OT deu 32:24	רֶשֶׁף	plague	רשפ	strong	arrow
2	OT	OT exo 22:5	גָּדִישׁ	the stacks of corn	גדש	strong	
2	OT	OT exo 26:17	מְשֻׁלָּבֹת	set in order	שלב	strong	space
2	OT	OT exo 27:8	נְבוּב	hollow	נבב	strong	pierce
2	OT	OT exo 28:19	וְאַחְלָמָה	and an amethyst	חלמ	strong	be
2	OT	OT exo 28:28	וְלֹא־יִזַּח	and be not loosed	לאה	lamed-yod / III-he	(לֵאָה) weary; (תְּלָאָה) travail, hardship
2	OT	OT exo 35:22	וְכוּמָז	and ornaments	כמז	strong	
2	OT	OT exo 35:25	טָווּ	they spun	טוה	lamed-yod / III-he	spin
2	OT	OT exo 38:3	אֶת־הַמִּזְלָגֹת	the forks	זלג	strong	
2	OT	OT eze 8:10	מְחֻקֶּה	traced	מחק	strong	crush
2	OT	OT eze 18:2	בֹסֶר	sour grapes	בסר	strong	an immature grape
2	OT	OT eze 20:43	וּנְקֹטֹתֶם	and you will loathe	נקה	heuristic	be
2	OT	OT eze 21:14	הוּחַדָּה	it has been sharpened	יחד	I-yod (vav for yod)	(יַחַד) together; (יָחִיד) only — the Only B
2	OT	OT eze 32:13	תִדְלָחֵם	it will make turbid them	דלח	heuristic	roil water
2	OT	OT eze 34:20	רָזָה	lean	רזה	strong	proclamation
2	OT	OT eze 38:9	וְכׇל־אֲגַפֶּיךָ	and all your troops	יכל	I-yod (vav for yod)	(יָכֹל) to be able, can, prevail
2	OT/PGP	OT gen 3:7	וַיִּתְפְּרוּ	and they sewed together	תפר	strong	sew
2	OT/PGP	OT gen 3:14	עַל־גְּחֹנְךָ	on your belly	עלה	lamed-yod / III-he	(עָלָה) to go up, ascend; (עֹלָה) burnt offe
2	OT/PGP	OT gen 3:15	יְשׁוּפְךָ	shall bruise	שפכ	strong	spill forth
2	OT/PGP	OT gen 3:15	תְּשׁוּפֶנּוּ	shall bruise His	שופ	hollow (mater)	gape
2	OT	OT gen 24:25	גַּם־מִסְפּוֹא	also fodder	גממ	geminate	
2	OT	OT gen 30:35	וְכׇל־חוּם	and all dark	יכל	I-yod (vav for yod)	(יָכֹל) to be able, can, prevail
2	OT	OT gen 37:25	נְכֹאת	spice	נכא	strong	smite
2	OT	OT gen 42:27	מִסְפּוֹא	fodder	ספא	strong	
2	OT	OT gen 49:19	יְגוּדֶנּוּ	shall overcome him	גוד	hollow (mater)	crowd upon
2	OT/NT	OT gen 50:2	לַחֲנֹט	to embalm	חנט	strong	embalm
2	OT	OT gen 50:2	וַיַּחַנְטוּ	and they embalmed	חנט	strong	embalm
2	OT	OT hab 2:5	יָהִיר	arrogant	יהר	strong	
2	OT	OT hab 2:6	וּמְלִיצָה	and a taunting proverb	ליצ	strong	
2	OT	OT hos 5:13	מָזוֹר	the wound	זור	hollow (mater)	(זָר) strange, a stranger
2	OT	OT hos 7:4	בָּצֵק	dough	בצק	strong	swell up
2	OT	OT hos 9:6	קִמּוֹשׂ	nettles	קמש	strong	
2	OT	OT hos 10:4	תַּלְמֵי	the furrows of	תלמ	strong	bank
2	OT/NT	OT isa 1:22	מָהוּל	mixed	מהל	strong	cut down
2	OT	OT isa 24:11	צְוָחָה	there-is-a-crying	צוח	hollow (mater)	screech
2	OT	OT isa 28:25	וְכַמֹּן	and-the-cummin	כמנ	strong	'cummin'
2	OT/NT	OT isa 40:4	וְהָרְכָסִים	and-the-rough-places	רכס	heuristic	tie
2	OT	OT isa 41:19	תִּדְהָר	maple	דהר	strong	curvet
2	OT	OT isa 55:12	יִמְחֲאוּ־כָף	shall-clap-their-hands	מחא	strong	rub
2	OT/NT	OT isa 57:6	גַּם־לָהֶם	even-to-them	גממ	geminate	
2	OT	OT isa 58:6	חַרְצֻבּוֹת	the-chains-of	חרצב	heuristic	
2	OT/D&C	OT isa 64:1	הֲמָסִים	brushwood	המה	heuristic	(הֵמָּה) they, them; (הָמוֹן) multitude; (הָ
2	OT	OT jdg 11:40	לְתַנּוֹת	to lament	נוה	lamed-yod / III-he	(נָוֶה) habitation, pasture
2	OT	OT jer 5:17	בָּהֵנָּה	in them	בהנ	strong	thumb
2	OT	OT jer 10:15	תַּעְתֻּעִים	delusion		(no analysis)	
2	OT/D&C	OT jer 14:9	נִדְהָם	surprised	דהמ	strong	be dumb
2	OT	OT jer 52:21	נָבוּב	hollow	נבב	strong	pierce
2	OT	OT job 1:20	וַיָּגׇז	and shaved	גוז	hollow	shear off
2	OT	OT job 9:17	יְשׁוּפֵנִי	he breaks me	שופ	hollow (mater)	gape
2	OT	OT job 10:15	אַלְלַי	woe	אלל	strong	(אֱלִיל) idol
2	OT	OT job 16:10	פָּעֲרוּ	they have gaped	פער	strong	open
2	OT	OT job 16:20	דָּלְפָה	pours out tears	דלפ	strong	drip
2	OT	OT job 20:9	שְׁזָפַתּוּ	which saw him	שזפ	strong	tan
2	OT	OT job 28:26	לַחֲזִיז	for the lightning of	חזז	strong	
2	OT	OT job 30:4	רְתָמִים	juniper	רתמ	heuristic	yoke up
2	OT	OT job 30:7	חָרוּל	nettles	חרל	strong	
2	OT	OT job 31:38	תְּלָמֶיהָ	its furrows	תלמ	strong	bank
2	OT	OT job 36:28	יִרְעֲפוּ	and drop	רעפ	strong	drip
2	OT	OT jon 1:11	וְיִשְׁתֹּק	so it may be calm	שתק	strong	subside
2	OT/NT	OT jon 2:7	לְקִצְבֵי	to extremities of	קצב	strong	clip
2	OT/NT	OT jos 5:13	הֲלָנוּ	is it for us	לונ	hollow	stop
2	OT	OT lev 2:2	קֻמְצוֹ	his handful	קמצ	strong	grasp
2	OT	OT lev 6:14	מֻרְבֶּכֶת	mixed dough	רבכ	strong	soak
2	OT	OT lev 13:30	צָהֹב	yellow	צהב	strong	glitter
2	OT	OT lev 21:18	שָׂרוּעַ	having something enlarged	רוע	hollow (mater)	(תְּרוּעָה) a shout, blast; (הֵרִיעַ) to sho
2	OT	OT lev 21:20	יַלֶּפֶת	scabs	לפת	strong	turn
2	OT	OT mic 1:4	כַּדּוֹנַג	like the wax	דנג	strong	
2	OT	OT num 5:19	שָׂטִית	you have strayed	שטה	lamed-yod (yod hides the he)	deviate
2	OT	OT num 24:3	שְׁתֻם	opened of	שתמ	strong	unveil
2	OT	OT num 34:7	תְּתָאוּ	you will mark out	תאה	lamed-yod / III-he	mark off
2	OT/NT	OT pro 4:15	שְׂטֵה	stray	שטה	strong	deviate
2	OT	OT pro 7:16	מַרְבַדִּים	coverings	רבה	heuristic	(רָבָה) to multiply, increase, much; (רַבִּי
2	OT	OT pro 17:4	הַוֺּת	mischievous	הות	hollow (mater)	
2	OT	OT pro 18:1	יִתְגַּלָּע	he intermeddles	גלה	heuristic	to uncover, reveal; to go into exile
2	OT	OT pro 23:6	וְאַל־תִּתְאָו	and desire not	יאל	I-yod (vav for yod)	be slack
2	OT	OT psa 68:16	גַּבְנֻנִּים	peaks	גבה	heuristic	high
2	OT/NT	OT psa 95:10	אָקוּט	was I grieved	קוט	hollow (mater)	cut off
2	OT/NT	OT psa 106:43	וַיָּמֹכּוּ	and were brought low	מוכ	hollow	become thin
2	OT	OT psa 119:40	תָּאַבְתִּי	I long	תאב	strong	desire
2	OT	OT sos 4:1	שֶׁגָּלְשׁוּ	that have descended	גלש	strong	caper
2	OT/NT	OT sos 5:6	חָמַק	he had turned away	חמק	strong	wrap
2	OT/NT	OT zec 11:14	אֶת־הָאַחֲוָה	the brotherhood	חוה	hollow (mater)	Eve
2	NT	NT 1co 1:13	נִטְבַּלְתֶּם	were-you-baptized	טבל	heuristic	be baptized
2	NT	NT 1co 1:18	הַצְּלוּב	the-cross	צלב	strong	(צְלָב) cross; (צָלַב) to crucify
2	NT	NT 1co 1:23	הַצָּלוּב	crucified	צלב	strong	(צְלָב) cross; (צָלַב) to crucify
2	NT	NT 1co 1:26	אֶת־קְרִיאַתְכֶם	your-calling	קרה	heuristic	(קָרָה) to happen, befall; (קִרְיָה) city, t
2	NT	NT 1co 4:12	מְחָרְפִים	they-persecute	חרה	heuristic	burned
2	NT	NT 1co 5:6	אֶת־כׇּל־הָעִסָּה	the-whole-lump	עסס	haqtalah (geminate)	squeeze out juice
2	NT	NT 1co 6:7	עוֹלְבִים	wrong		(no analysis)	
2	NT	NT 1co 6:10	הַמְגַדְּפִים	revilers		(no analysis)	
2	NT	NT 1co 6:20	נִקְנֵיתֶם	you-are-bought	קנה	heuristic	(קָנָה) to buy, get, possess; (מִקְנֶה) catt
2	NT	NT 1co 7:20	שֶׁמִּתּוֹכָהּ	wherein	תוכ	hollow (mater)	bisection
2	NT	NT 1co 7:37	מֻכְרָח	necessity	רוח	hollow	spirit, wind, breath
2	NT	NT 1co 7:39	מֻתֶּרֶת	at-liberty-is	נתר	I-nun (dagesh)	(הִתִּיר) to loose, unloose — Ps 146:7 מַתִּ
2	NT/D&C	NT 1co 9:18	הִשְׁתַּמֵּשׁ	I-use	מוש	hollow	(מוּשׁ) to depart; to feel
2	NT	NT 1co 10:22	לְהַקְנִיא	to-provoke-to-jealousy	קנא	strong	jealous God
2	NT	NT 1co 11:19	שֶׁבָּכֶם	among-you	כומ	hollow	
2	NT	NT 1co 11:20	סְעוּדָתוֹ	the-supper	סעד	strong	support
2	NT	NT 1co 11:21	בְּשַׁעַת	at-the-time-of	שוע	hollow	(שַׁוְעָה) cry for help
2	NT	NT 1co 12:22	אֲנוּ	we	אנו	strong	we
2	NT	NT 1co 12:31	הִשְׁתַּדְּלוּ	covet-earnestly	דלה	lamed-yod / III-he	dangle
2	NT	NT 1co 14:11	כְלֹעֵז	a-barbarian	לעז	strong	foreign tongue
2	NT	NT 1co 14:22	לִמְחֻסְּרֵי	to-them-that-lack	חסר	strong	want of
2	NT	NT 1co 14:23	הֶדְיוֹטוֹת	those-unlearned		(no analysis)	
2	NT	NT 1co 15:27	הוּשַׁת	are-put	נוש	I-nun (dagesh)	be sick
2	NT	NT 1jn 1:6	וְנִתְהַלֵּךְ	and-walk	תהה	heuristic	
2	NT	NT 1jn 2:13	הִכַּרְתֶּם	you-have-known	רתמ	strong	yoke up
2	NT	NT 1pe 1:23	בַּמַּאֲמָר	by-the-word	אמר	strong	(אָמַר) to say, speak; (לֵאמֹר) saying; (אֵמ
2	NT	NT 1pe 2:11	אַזְהִירְכֶם	I-beseech-you	זהר	heuristic	(הִזְהִיר) to warn, admonish, exhort; (זֹהַר
2	NT	NT 1pe 2:20	וּסְבַלְתֶּם	and-you-endure	סבל	heuristic	(סָבַל) to bear, suffer; (סַבְלָן) patient
2	NT	NT 1th 3:10	וּלְהַשְׁלִים	and-might-perfect	שלמ	strong	make
2	NT	NT 1th 5:1	וְהַזְּמַנִּים	and-the-seasons	נזמ	heuristic	nose-ring
2	NT	NT 1ti 1:15	לְהִתְקַבֵּל	acceptation	קבל	strong	(קִבֵּל) to receive, accept
2	NT	NT 1ti 3:5	לְהַשְׁגִּיחַ	take-care-of	שגח	strong	(הִשְׁגִּיחַ) to watch over
2	NT	NT 1ti 3:6	הַמַּשְׂטִין	the-accuser	שטנ	strong	attack
2	NT	NT 1ti 3:10	יְשַׁמְּשׁוּ	let-them-use-the-office	שמש	strong	(שֶׁמֶשׁ) sun; (שִׁמֵּשׁ) to serve, be used;
2	NT	NT 2co 1:5	נֶחָמָתֵנוּ	our-consolation	חמת	strong	wrath of
2	NT	NT 2co 2:16	לְכָךְ	for-these-things	אלכ	heuristic	these
2	NT	NT 2co 6:5	בִּשְׁקִידוֹת	in-watchings	שקד	strong	(שָׁקַד) to watch; (שָׁקֵד) almond
2	NT	NT 2co 9:6	בְּצִמְצוּם	sparingly		(no analysis)	
2	NT/D&C	NT 2co 11:4	וְיַכְרִיז	preacheth	כרז	heuristic	(הִכְרִיז) to proclaim
2	NT	NT 2co 12:17	הוֹנֵיתִי	I-make-a-gain-of	הנה	lamed-yod (yod hides the he)	(הִנֵּה) behold, here, look; (הֵנָּה) these,
2	NT	NT 2co 13:5	שֶׁיֵּשׁוּעַ	that-Jesus	שוע	hollow (mater)	(שַׁוְעָה) cry for help
2	NT	NT 2pe 3:7	שְׁמוּרִים	are-reserved	רומ	hollow	be high
2	NT	NT 2th 1:4	שֶׁנִּתְהַלֵּל	that-we-glory	הלל	heuristic	(הָלַל) to praise, boast; (תְּהִלָּה) praise
2	NT	NT 2th 1:4	סְבַלְתֶּם	you-endure	סבל	heuristic	(סָבַל) to bear, suffer; (סַבְלָן) patient
2	NT	NT 2ti 3:3	וּמַלְשִׁינִים	false-accusers	לשנ	heuristic	wag the tongue
2	NT/D&C	NT 2ti 3:16	וּלְיַשֵּׁר	for-correction	נשר	I-nun (dagesh)	eagle
2	NT	NT acts 2:36	צְלַבְתֶּם	you have crucified,	צלב	heuristic	(צְלָב) cross; (צָלַב) to crucify
2	NT	NT acts 2:40	וַיַּזְהִירֵם	and warned them,	זהר	heuristic	(הִזְהִיר) to warn, admonish, exhort; (זֹהַר
2	NT/D&C	NT acts 4:15	מִסַּנְהֶדְרִין	of the council,		(no analysis)	
2	NT	NT acts 8:11	בִּכְשָׁפָיו	with-sorceries	שפה	lamed-yod (yod hides the he)	(מִשְׁפָּחָה) clan, family; lip, edge
2	NT	NT acts 9:25	וַיּוֹרִידֻהוּ	and-let-him-down	ירד	I-yod (vav for yod)	to go down, descend
2	NT	NT acts 10:14	כׇּל־פִּגּוּל	any-thing-that-is-common	פגל	strong	
2	NT	NT acts 13:15	קְרִיאַת	the-reading-of	קרא	strong	(קָרָא) to call, proclaim, read; (מִקְרָא) c
2	NT	NT acts 13:50	וַיְעוֹרֲרוּ	and-raised	ערר	strong	(מְעָרָה) cave; (עֲרִירִי) childless
2	NT	NT acts 17:28	וְקַיָּמִים	and-have-our-being;	קומ	heuristic	rise
2	NT	NT acts 19:8	כִּשְׁלשָׁה	for-the-space-of-three	שלש	strong	(שָׁלֹשׁ) three; (שְׁלֹשִׁים) thirty
2	NT/PGP	NT acts 19:10	כִּשְׁנָתַיִם	by-the-space-of-two-years	שנה	heuristic	year; to change
2	NT	NT acts 19:29	אֶל־הַתֵּאַטְרוֹן	into-the-theater,	אלה	lamed-yod / III-he	(אֵלֶּה) these; (אָלָה) oath, curse
2	NT	NT acts 20:16	הִצְטָרֵךְ	need		(no analysis)	
2	NT	NT acts 22:22	שֶׁיִּחְיֶה	that-he-should-live.	שחה	lamed-yod (yod hides the he)	to bow down, prostrate, worship
2	NT	NT acts 23:30	מִתְנַכְּלִים	laid-wait	כלל	heuristic	(כֹּל) all, every, whole; (כָּלִיל) wholly
2	NT	NT acts 23:30	שִׂטְנָתָם	what-they-had-against-him	שטנ	heuristic	attack
2	NT	NT acts 24:10	מִצְטַדֵּק	answer-for-myself		(no analysis)	
2	NT	NT acts 26:30	וְהַהֶגְמוֹן	and-the-governor,	הגה	heuristic	(הָגָה) to utter, ponder, meditate
2	NT	NT acts 27:29	עוֹגִינִים	anchors	עוג	heuristic	bake
2	NT	NT col 1:9	רוּחָנִית	spiritual(f)	רוח	heuristic	spirit, wind, breath
2	NT/PGP	NT col 4:3	הַדִּבּוּר	utterance	דבר	strong	(דִּבֶּר) to speak; (דָּבָר) word, thing; (ד
2	NT	NT eph 1:16	בְּהַזְכִּירִי	in-my-remembering	זכר	strong	to remember; male
2	NT	NT eph 4:29	נִבּוּל	corrupt-speech	נבל	strong	to wither, fall; to be foolish; corpse
2	NT	NT gal 2:17	לְהִצָּדֵק	to-be-justified	צדק	strong	righteous, just; righteousness, justice
2	NT/D&C	NT gal 2:20	נִצְלַבְתִּי	was-crucified(I)	צלב	strong	(צְלָב) cross; (צָלַב) to crucify
2	NT/D&C	NT gal 4:2	הַמְיֻעָד	the-appointed	מעד	strong	waver
2	NT	NT gal 5:4	הַמִּצְטַדְּקִים	the-self-justifying		(no analysis)	
2	NT	NT heb 3:6	שֶׁנַּחֲזִיק	that-we-shall-hold-fast	חזק	strong	(חָזָק) strong, mighty; to strengthen; (הֶחֱ
2	NT	NT heb 4:14	בְּהוֹדָאַת	the-profession-of	ידא	I-yod (vav for yod)	praise
2	NT/D&C	NT heb 6:6	חָזְרוּ	they-crucify	חזר	strong	(חָזַר) to return, repeat; (הֶחֱזִיר) to res
2	NT	NT heb 9:23	שֶׁיִּטָּהֲרוּ	be-purified	טהר	strong	to be pure, clean; purity, purification
2	NT	NT john 5:5	שְׁלשִׁים	thirty	שומ	hollow (mater)	put
2	NT	NT john 7:16	לֹא־שֶׁלִּי	is not mine,	שלה	lamed-yod (yod hides the he)	dominion
2	NT	NT john 7:31	הֲַגַם	will he indeed	גממ	geminate	
2	NT	NT john 7:34	תִמְצָאֻנְנִי	shall not find me:	מצא	heuristic	to find, discover, attain
2	NT	NT john 8:6	וַיִּתְכּוֹפֵף	But stooped down,		(no analysis)	
2	NT	NT john 9:6	וַיִּמְרַח	and he anointed	מרח	strong	soften
2	NT	NT john 11:2	בְּשַׂעֲרוֹתֶיהָ	with her hair,	ערה	lamed-yod (vav form)	to be naked, uncover; nakedness
2	NT	NT john 13:17	בַּעֲשֹׁוֹתְכֶם	if you do	עשה	heuristic	(עָשָׂה) to do, make; (מַעֲשֶׂה) work, deed
2	NT	NT john 18:32	לִרְמֹז	signifying	רמז	strong	
2	NT	NT john 19:19	עַל־הַצְּלוּב	on the cross.	עלה	lamed-yod / III-he	(עָלָה) to go up, ascend; (עֹלָה) burnt offe
2	NT	NT john 19:32	הַנִּצְלָבִים	which was crucified		(no analysis)	
2	NT	NT john 20:5	אֶת־הַתַּכְרִיכִין	the linen clothes	כרכ	heuristic	
2	NT	NT luke 5:36	מַטְלִית	a patch	טלה	lamed-yod (yod hides the he)	lamb
2	NT	NT luke 7:32	רִקַּדְתֶּם	dance;	רקד	heuristic	stamp
2	NT	NT luke 8:7	וַיְמָעֲכֻהוּ	and choked it.	מעכ	strong	press
2	NT	NT luke 8:33	בַּחֲזִירִים	into the swine,	חזר	heuristic	(חָזַר) to return, repeat; (הֶחֱזִיר) to res
2	NT/D&C	NT luke 10:7	הַפּוֹעֵל	the laborer	פעל	strong	work
2	NT	NT luke 10:35	דִינָרִים	pence,		(no analysis)	
2	NT	NT luke 11:17	הַנֶּחֱלָקָה	divided	חלק	strong	(חֵלֶק) part, portion; (חָלַק) to divide; (מ
2	NT	NT luke 11:32	וְהִרְשִׁיעֻהוּ	and shall condemn it:	רשע	strong	wickedness
2	NT	NT luke 11:42	אֶת־הַמִּנְתָּא	mint	תאה	lamed-yod / III-he	mark off
2	NT	NT luke 12:7	גַּם־שַׂעֲרוֹת	even the hairs of	גממ	geminate	
2	NT	NT luke 12:7	יְקַרְתֶּם	you are of more value	יקר	heuristic	precious
2	NT	NT luke 12:11	תִּצְטַדְּקוּ	or what thing		(no analysis)	
2	NT	NT luke 12:46	וִישַׁסֵּף	and will cut in sunder	שספ	strong	cut in pieces
2	NT	NT luke 12:59	אֶת־הַפְּרוּטָה	the mite.	פרט	strong	(פְּרָט) detail; (פֵּרוּט) enumeration
2	NT	NT luke 13:19	בַּעֲנָפָיו	in the branches of it.	ענפ	strong	(עָנָף) branch
2	NT	NT luke 17:6	הַחַרְדָּל	of mustard seed,		(no analysis)	
2	NT/D&C	NT luke 18:11	וְהַנֹּאֲפִים	adulterers,	נאה	heuristic	(נָאוֶה) beautiful, comely, fitting; (נָאווּ
2	NT	NT luke 20:46	טַלִּית	robes,	טלה	lamed-yod (yod hides the he)	lamb
2	NT	NT luke 21:2	פְרוּטוֹת	mites.	פרט	strong	(פְּרָט) detail; (פֵּרוּט) enumeration
2	NT	NT luke 22:64	וַיְחַפּוּ	And when they had blindfolded	יחפ	I-yod (vav for yod)	unsandalled
2	NT	NT luke 23:16	וְאַתִּירֶנּוּ	and release him.	תור	hollow (mater)	(תּוּר) to spy out, search
2	NT	NT luke 24:20	וַיִּצְלְבֻהוּ	and have crucified him.	צלב	strong	(צְלָב) cross; (צָלַב) to crucify
2	NT	NT mark 7:11	נֶהֱנֶה	you might be profited	הנה	strong	(הִנֵּה) behold, here, look; (הֵנָּה) these,
2	NT	NT mark 9:45	לְגֵיהִנֹּם	into hell,	גוה	heuristic	(גְּוִיָּה) body
2	NT	NT mark 12:24	טֹעִים	err	טעמ	strong	taste
2	NT	NT mark 13:9	לְסַנְהֶדְרִיּוֹת	to councils;		(no analysis)	
2	NT	NT mark 15:20	הִתְלוֹצֲצָם	they had mocked		(no analysis)	
2	NT	NT mark 15:21	וַיֶּאֶנְסוּ	they compel	אנס	strong	insist
2	NT	NT mark 16:13	וְגַם־לָהֶם	and them also	גממ	geminate	
2	NT	NT matt 4:25	הֲמֹנִים	great	נומ	hollow (mater)	slumber
2	NT/D&C	NT matt 5:18	יְקֻיַּם	shall be fulfilled	קומ	hollow (mater)	rise
2	NT	NT matt 5:29	מֵאֵבָרֶיךָ	of your members	ברכ	strong	kneel
2	NT	NT matt 9:11	רַבְּכֶם	your Master	רבב	heuristic	(רַב) many, great; (רֹב) multitude, most; ab
2	NT	NT matt 20:6	בִּשְׁעַת	at the hour of	שוע	hollow	(שַׁוְעָה) cry for help
2	NT/D&C	NT matt 23:32	סְאַת	the measure of	סאה	lamed-yod / III-he	seah
2	NT/D&C	NT matt 23:37	כַּתַּרְנְגֹלֶת	even as a hen		(no analysis)	
2	NT	NT matt 25:15	יְכׇלְתּוֹ	his several ability;	יכל	strong	(יָכֹל) to be able, can, prevail
2	NT/D&C	NT php 2:8	הַצְּלִיבָה	the-cross	צלב	strong	(צְלָב) cross; (צָלַב) to crucify
2	NT	NT rev 5:2	אֶת־חוֹתָמָיו	the-seals-thereof	חתמ	strong	seal
2	NT	NT rev 6:6	בְּדִינָר	for-a-penny		(no analysis)	
2	NT/D&C	NT rev 14:4	נִקְנוּ	were-redeemed	קנה	lamed-yod / III-he	(קָנָה) to buy, get, possess; (מִקְנֶה) catt
2	NT	NT rev 19:7	חֲתֻנַּת	the-marriage-of	חתנ	strong	give
2	NT	NT rev 20:9	הַחֲבִיבָה	beloved	חבב	strong	(חָבַב) to cherish
2	NT	NT rom 3:30	הַמַּצְדִּיק	which-shall-justify	צדק	strong	righteous, just; righteousness, justice
2	NT/PGP	NT rom 9:6	שֶׁנָּפַל	hath-failed	נפל	strong	to fall, fall down
2	NT	NT rom 9:18	שֶׁיַּחְפֹּץ	he-will	חפצ	strong	desire
2	NT	NT rom 11:18	עַל־הָעֲנָפִים	against-the-branches	עלה	lamed-yod / III-he	(עָלָה) to go up, ascend; (עֹלָה) burnt offe
2	NT/D&C	NT rom 14:15	אַחֲוָה	charity	חוה	hollow (mater)	Eve
2	NT/D&C	NT rom 16:2	תְּקַבְּלוּהָ	you-receive-her	קבל	heuristic	(קִבֵּל) to receive, accept
2	NT/PGP	NT tit 2:13	הַמְאַשֶּׁרֶת	blessed	נשר	I-nun (dagesh)	eagle
2	D&C	D&C dc101_110 1:3	אֲקַבְּלֵם	I will own them,	קבל	heuristic	(קִבֵּל) to receive, accept
2	D&C	D&C dc101_110 1:40	וּלְהִדָּרֵס	and trodden	דרס	heuristic	
2	D&C	D&C dc101_110 1:66	לְהִשָּׂרֵף	that they may be burned	שרפ	strong	be
2	D&C	D&C dc101_110 1:3	ס.	S.		(no analysis)	
2	D&C	D&C dc101_110 1:13	לָדוּן	to act	דונ	hollow (mater)	
2	D&C	D&C dc101_110 1:17	ב׳	2		(no analysis)	
2	D&C	D&C dc101_110 1:30	בַּעֲשָׂרוֹת	by tens,	עשר	strong	(עֶשֶׂר) ten; (עֶשְׂרִים) twenty; (עֹשֶׁר) r
2	D&C	D&C dc101_110 1:40	מִלּוּי	the fulfilment of	לוה	lamed-yod (yod hides the he)	lend
2	D&C	D&C dc101_110 1:41	נ.	N.		(no analysis)	
2	D&C	D&C dc101_110 1:32	הָרוּחָנִיּוֹת	spiritual		(no analysis)	
2	D&C	D&C dc101_110 1:33	כׇּל־עִנְיָנֶיהָ	all the affairs of the same	עננ	strong	act covertly
2	D&C	D&C dc101_110 1:35	בְּהַכְרָזַת	by the proclamation of	כרה	heuristic	open
2	D&C	D&C dc101_110 1:73	זוֹהִי	This is	נזה	heuristic	(הִזָּה) to sprinkle, spatter
2	D&C	D&C dc109 1:30	וְיִסָּחֲפוּ	and be swept away	סחפ	strong	scrape off
2	D&C	D&C dc109 1:56	מִשְׂטְמוֹתֵיהֶם	their prejudices	שטמ	heuristic	lurk for
2	D&C	D&C dc111_120 1:1	בַּפְּסוּקִים	in the verses		(no analysis)	
2	D&C	D&C dc111_120 1:3	בַּפָּסוּק	in the verse		(no analysis)	
2	D&C	D&C dc11_20 1:16	וּבְשׂוֹרָתִי	and my gospel	שור	hollow (mater)	ox
2	D&C	D&C dc11_20 1:9	בִּקְרִיאָתוֹ	with his calling	קרא	strong	(קָרָא) to call, proclaim, read; (מִקְרָא) c
2	D&C	D&C dc11_20 1:32	נִסְמַכְתֶּם	were ordained	סמכ	heuristic	prop
2	D&C	D&C dc11_20 1:42	וּלְהַטְבִּיל	baptize	טבל	strong	be baptized
2	D&C/PGP	D&C dc11_20 1:74	יַטְבִּיל	shall immerse	טבל	strong	be baptized
2	D&C	D&C dc121_130 1:31	וְחׇדְשֵׁיהֶם	all the appointed	חדש	heuristic	(חָדָשׁ) new; (חֹדֶשׁ) month, new moon
2	D&C	D&C dc121_130 1:2	כְּרוּז	a proclamation	רוה	heuristic	slake
2	D&C	D&C dc121_130 1:51	וְעֻכְּבוּ	and were hindered	עכב	heuristic	(עִכֵּב) to hinder, restrain
2	D&C	D&C dc121_130 1:70	מֵהַמְּנָיוֹת	of the stock	מנה	lamed-yod (yod hides the he)	(מָנָה) to count, number, appoint; (מִנְיָן)
2	D&C	D&C dc121_130 1:7	תַּתִּירוּ	you loose	תור	hollow (mater)	(תּוּר) to spy out, search
2	D&C	D&C dc121_130 1:9	יוּפַר	be annulled,	פרה	lamed-yod / III-he	to bear fruit, be fruitful; fruit
2	D&C	D&C dc131_138 1:4	הַדָּתִיּוֹת	religious	יהד	heuristic	(יְהוּדִי) Jew; (יְהוּדָה) Judah
2	D&C	D&C dc131_138 1:4	לְהַעֲנִישׁ	should punish	ענש	strong	punishment
2	D&C/PGP	D&C dc131_138 1:7	הַדָּתִית	their religious belief;	יהד	heuristic	(יְהוּדִי) Jew; (יְהוּדָה) Judah
2	D&C	D&C dc131_138 1:6	הַפְּסוּקִים	the verses		(no analysis)	
2	D&C	D&C dc21_30 1:11	וּבֵינוֹ	and him	בינ	strong	understand
2	D&C	D&C dc21_30 1:2	כְּתַרְנְגֹלֶת	even as a hen		(no analysis)	
2	D&C	D&C dc41_50 1:3	וְנוֹעַדְתֶּם	and are agreed	יעד	heuristic	(יָעַד) to appoint; (יִעוּד) foreordination
2	D&C	D&C dc41_50 1:17	וְהַנִּשְׁלָח	and sent forth	שלח	strong	(שָׁלַח) to send, stretch out; (שָׁלִיחַ) ap
2	D&C	D&C dc51_60 1:18	לְהַצָּלָתָם	unto their deliverance	נצל	heuristic	to deliver, rescue, save
2	D&C	D&C dc51_60 1:9	קׇדְשִׁי׃	of my holiness	קדש	strong	(קָדוֹשׁ) holy; to sanctify; (מִקְדָּשׁ) tem
2	D&C	D&C dc61_70 1:11	כּוֹעֵס	is angry	כעס	strong	anger, vexation
2	D&C	D&C dc61_70 1:17	הַבּוֹעֵר	that burns	יער	I-yod (vav for yod)	forest
2	D&C	D&C dc71_80 1:74	קִבְּלוּהָ׃	received it	קבל	heuristic	(קִבֵּל) to receive, accept
2	D&C	D&C dc81_90 1:5	לְהִשָּׁלַח	to be sent forth	שלח	strong	(שָׁלַח) to send, stretch out; (שָׁלִיחַ) ap
2	D&C	D&C dc91_100 1:7	תַּכְרִיזוּ	you shall declare	כרז	heuristic	(הִכְרִיז) to proclaim
2	D&C	D&C dc_intro 1:11	אֲמִתִּיִּים	real life	אמנ	heuristic	trust
2	D&C/PGP	D&C dc_intro 1:11	אֱלֹהִית	divine	להה	lamed-yod (yod hides the he)	be rabid
2	D&C	D&C dc_intro 1:11	קִבְּלוּהָ	[received]	קבל	heuristic	(קִבֵּל) to receive, accept
2	D&C	D&C dc_intro 1:15	בְּהַשְׁרָאַת	by inspiration of	שרא	strong	free
2	D&C	D&C od 1:1	הַמְּרֻבִּים	plural	מרה	heuristic	rebel
2	D&C	D&C od 1:1	לְהַעֲנִיק	conferring	ענק	strong	(עֲנָק) Anak, the Anakim; necklace
2	D&C	D&C od 1:3	נ׳	N.		(no analysis)	
2	PGP	PGP js_history 1:5	הִצְטָרְפוּ	united themselves		(no analysis)	
2	PGP	PGP js_history 1:6	הַמִּתְגַּיְּרִים	of the converts		(no analysis)	
2	PGP	PGP js_history 1:8	הַהִתְרַגְּשׁוּת	of great excitement	רגש	strong	(רֶגֶשׁ) feeling; (הִרְגִּישׁ) to feel
2	PGP	PGP js_history 1:8	לְהִרְהוּר	to serious reflection	הרהר	heuristic	mental conception
2	PGP	PGP js_history 1:8	צוֹדֵק	right	צדק	strong	righteous, just; righteousness, justice
2	PGP	PGP js_history 1:17	בָּאֲוִיר	in the air.	אור	hollow (mater)	light
2	PGP	PGP js_history 1:18	אֵיזוֹ	which of		(no analysis)	
2	PGP	PGP js_history 1:21	הִזְדַּמְּנוּת	opportunity		(no analysis)	
2	PGP	PGP js_history 1:27	לְהַצְהִיר	to affirm	צהר	strong	press out oil
2	PGP	PGP js_history 1:36	לְצַטֵּט	quoting	צטט	strong	
2	PGP	PGP js_history 1:36	ג	3		(no analysis)	
2	PGP	PGP js_history 1:44	שֶׁסִּפֵּר	had been told to me	ספר	strong	(סִפֵּר) to tell, recount; (סָפַר) to count;
2	PGP	PGP js_history 1:55	נֶאֱלַצְנוּ	we were under the necessity	אלצ	strong	press
2	PGP	PGP js_history 1:56	צֶ'נָנְגוֹ	county,		(no analysis)	
2	PGP	PGP js_history 1:57	מוּעֲסָק	employed		(no analysis)	
2	PGP	PGP js_history 1:57	1827	one thousand eight hundred and twenty-seven,		(no analysis)	
2	PGP	PGP js_matthew 1:46	בְּאֵיזוֹ	at what		(no analysis)	
2	PGP	PGP pgp_intro 1:9	תרס״ב	1902		(no analysis)	
2	PGP	PGP pgp_intro 1:12	שִׁנּוּיִים	changes	יומ	hollow	day
2	PGP	PGP pgp_intro 1:17	1842	1842,		(no analysis)	
1	BOM	BOM 1nephi 2:18	וָאֶתְעַצֵּב	and being grieved	עצב	heuristic	to shape, carve; to grieve, pain; idol
1	BOM	BOM 1nephi 2:19	דְּרַשְׁתָּנִי	you have sought Me	דרש	strong	(דָּרַשׁ) to seek, search, inquire; preach
1	BOM	BOM 1nephi 3:14	וַנִּתְעַצֵּב	and we were sorrowful	עצב	heuristic	to shape, carve; to grieve, pain; idol
1	BOM	BOM 1nephi 4:5	וָאֶתְגַּנֵּב	I crept	גנב	heuristic	steal
1	BOM	BOM 1nephi 4:10	וַיִּכְפֵּנִי	and I was constrained	כפנ	strong	bend
1	BOM	BOM 1nephi 4:10	וָאֶסּוֹג	and I shrunk	סוג	hollow (mater)	(נָסוֹג) to turn back, retreat
1	BOM	BOM 1nephi 4:19	אֶת־שִׁרְיוֹנוֹ	his armor	שרה	lamed-yod (vav form)	(שָׂרָה) Sarah
1	BOM	BOM 1nephi 5:2	וְגַם־הֵלִינָה	and she also had complained	גממ	geminate	
1	BOM	BOM 1nephi 5:21	וַנְּחַפְּשֵׂם	and searched them	חפש	heuristic	(חׇפְשִׁי) free, at liberty; (חִפֵּשׂ) to se
1	BOM	BOM 1nephi 7:11	וּבְהַשִּׂיגֵנוּ	and in our obtaining	שוג	hollow (mater)	retreat
1	BOM	BOM 1nephi 7:16	יַנִּיחוּנִי	they might leave me	נחה	lamed-yod (vav form)	to lead, guide
1	BOM	BOM 1nephi 8:15	וָאֶרְמֹז	and I beckoned	רמז	strong	
1	BOM	BOM 1nephi 8:19	וַיּוֹבִיל	and led	יבל	I-yod (vav for yod)	(יָבַל) to lead, carry; (הוֹבִיל) to lead; (
1	BOM	BOM 1nephi 8:20	וְגַם־הוֹבִיל	and it also led	גממ	geminate	
1	BOM	BOM 1nephi 8:25	כְּמִתְבּוֹשְׁשִׁים	as if they were ashamed		(no analysis)	
1	BOM	BOM 1nephi 10:1	בְּהָחֵלִי	in proceeding	חלה	lamed-yod (yod hides the he)	to be sick, weak; to entreat
1	BOM	BOM 1nephi 10:12	עֲנָפָיו	branches	ענפ	strong	(עָנָף) branch
1	BOM	BOM 1nephi 16:10	מְחוֹגִים	spindles	חגג	heuristic	(חָגַג) to celebrate; (חַג) feast
1	BOM	BOM 1nephi 16:23	וָאֶתְחַמֵּשׁ	and I did arm myself	חמש	heuristic	(חָמֵשׁ) five; (חֲמִשִּׁים) fifty
1	BOM	BOM 1nephi 16:25	וַיִּוָּסֵר	and he was chastened	יסר	I-yod (vav for yod)	(יִסַּר) to chasten; (יִסּוּרִים) affliction
1	BOM	BOM 1nephi 16:28	אֶת־הַמְּחוֹגִים	the pointers		(no analysis)	
1	BOM	BOM 1nephi 16:29	הֲבָנָה	understanding	הבנ	strong	ebony
1	BOM	BOM 1nephi 16:32	צָדְתִּי	I had slain	צוד	hollow	to hunt; stronghold, fortress
1	BOM	BOM 1nephi 16:35	הִתְאַבַּלְנָה	did mourn	אבל	strong	(אָבַל) to mourn; (אֵבֶל) mourning
1	BOM	BOM 1nephi 16:35	עׇנְיָן	their afflictions	עננ	strong	act covertly
1	BOM	BOM 1nephi 16:35	וַתִּתְלוֹנֵנָּה	and they did murmur	תלה	heuristic	(תָּלָה) to hang
1	BOM	BOM 1nephi 16:36	וַתַּחְפֹּצְנָה	and they were desirous	חפצ	strong	desire
1	BOM	BOM 1nephi 17:4	וַנִּתְהַלֵּךְ	and we did sojourn	תהה	heuristic	
1	BOM	BOM 1nephi 17:11	לְהַצִּית	to kindle	ציה	lamed-yod / III-he	(צִיָּה) dry land, drought
1	BOM	BOM 1nephi 17:12	בְּמַסָּעֵינוּ	in our journeyings	סעה	lamed-yod (yod hides the he)	rush
1	BOM	BOM 1nephi 17:13	בְּשׇׁמְרְכֶם	when you keep	שמר	heuristic	(שָׁמַר) to keep, guard, observe; take heed;
1	BOM	BOM 1nephi 17:15	וְלִשְׁקִידָה	and unto diligence	שקד	strong	(שָׁקַד) to watch; (שָׁקֵד) almond
1	BOM	BOM 1nephi 17:20	וַתִּסְבֹּלְנָה	and suffered	סבל	strong	(סָבַל) to bear, suffer; (סַבְלָן) patient
1	BOM	BOM 1nephi 17:22	וְנִתְאוֹנְנוּ	and complained	תאנ	strong	naughtiness
1	BOM	BOM 1nephi 17:43	שָׁמְדָם	of their destruction	דמה	lamed-yod / III-he	was like
1	BOM	BOM 1nephi 17:45	אֲטַמְתֶּם	you stopped	אטמ	heuristic	close
1	BOM	BOM 1nephi 17:51	לְהוֹרוֹתֵנִי	instruct me	רוה	lamed-yod / III-he	slake
1	BOM	BOM 1nephi 17:53	אַרְעִישֵׁם	I will shake them	רעש	heuristic	earthquakes
1	BOM	BOM 1nephi 18:9	בְּאֵיזֶה	by what	נזה	I-nun	(הִזָּה) to sprinkle, spatter
1	BOM	BOM 1nephi 18:12	לְהִתְנוֹעֵעַ	move		(no analysis)	
1	BOM	BOM 1nephi 18:14	לְהִדָּחֵנוּ	which we had been driven	נדח	I-nun (dagesh)	to be driven away, banished; outcast
1	BOM	BOM 1nephi 18:15	הִדָּחֲנוּ	we had been driven	נדח	I-nun (dagesh)	to be driven away, banished; outcast
1	BOM	BOM 1nephi 18:15	כְּאֵבָם	their soreness	במה	lamed-yod / III-he	elevation
1	BOM	BOM 1nephi 18:21	הַתִּירָם	they had loosed	רומ	hollow	be high
1	BOM	BOM 1nephi 19:1	וְגַם־מַסְעֵינוּ	and also our journeyings	גממ	geminate	
1	BOM	BOM 1nephi 19:2	יְצַוֵּנִי	I should be commanded	צוה	lamed-yod / III-he	to command
1	BOM	BOM 1nephi 19:4	הַמַּרְבִּים	which give greater	מרה	heuristic	rebel
1	BOM	BOM 1nephi 19:6	אֶצְטַדָּק	I would excuse myself		(no analysis)	
1	BOM	BOM 1nephi 19:20	לְהַרְאוֹתֵנִי	to shew unto me	ראה	lamed-yod (vav form)	(רָאָה) to see, look; (הֶרְאָה) to show; (מַ
1	BOM	BOM 1nephi 19:23	הִמְשַׁלְתִּי	I likened	משל	strong	(מָשַׁל) to rule; (מֶמְשָׁלָה) dominion, gov
1	BOM	BOM 1nephi 20:9	אֶחֱטָם־לָךְ	will I refrain from you	חטמ	strong	stop
1	BOM	BOM 1nephi 20:11	לְהֵחָלֵל	to be polluted	חלל	strong	to begin
1	BOM	BOM 1nephi 22:14	עִקְּשָׁה	hath perverted	עקש	strong	(עִקֵּשׁ) perverse
1	BOM	BOM 1nephi 22:22	הַנּוֹסְדָה	which is established	יסד	I-yod (vav for yod)	to found, establish, lay a foundation
1	BOM	BOM 1nephi 22:29	אֶעֱרֹב	durst I	ערב	strong	(עֶרֶב) evening; (מַעֲרָב) west; (עֲרָבָה) A
1	BOM	BOM 2nephi 1:3	בְּהַזְהִירוֹ	in warning	זהר	strong	(הִזְהִיר) to warn, admonish, exhort; (זֹהַר
1	BOM	BOM 2nephi 1:10	בְּהַחֲזִיקָם	having kept	חזק	heuristic	(חָזָק) strong, mighty; to strengthen; (הֶחֱ
1	BOM	BOM 2nephi 1:10	וּבְהוּבְלָם	and having been brought	הבל	heuristic	(הֶבֶל) breath, vanity; Abel
1	BOM	BOM 2nephi 1:13	וּנְתַקְתֶּם	and shake off	נתק	heuristic	broken
1	BOM	BOM 2nephi 1:14	רוֹעֵד	trembling	רעד	strong	tremble
1	BOM	BOM 2nephi 1:17	וְנִשְׁמַדְתֶּם	and destroyed	שמד	heuristic	be destroyed
1	BOM	BOM 2nephi 1:21	נֶחֱרָצִים	determined	חרה	heuristic	burned
1	BOM	BOM 2nephi 2:14	וּלְלִמּוּדְכֶם	and for your learning	למד	heuristic	(לָמַד) to learn, teach; (תַּלְמִיד) discipl
1	BOM	BOM 2nephi 2:26	וּבִגְאָלְתָּם	and because that they are redeemed	גאל	heuristic	to redeem, deliver; kinsman-redeemer
1	BOM	BOM 2nephi 3:17	אַתִּיר	will I loose	תור	hollow (mater)	(תּוּר) to spy out, search
1	BOM	BOM 2nephi 4:12	כְּרַחֲשֵׁי	according to the feelings of	רחש	strong	gush
1	BOM	BOM 2nephi 4:14	אֻלַּצְתִּי	I was constrained	אלצ	strong	press
1	BOM	BOM 2nephi 4:18	לְהַכְשִׁילֵנִי	cause me to stumble	כשל	strong	stumble
1	BOM	BOM 2nephi 4:22	עַד־רָעֲדָם	unto the causing of them to quake	עוד	hollow	(עוֹד) again, still, yet
1	BOM	BOM 2nephi 4:26	וְתִתְמַהְמַהּ	and linger		(no analysis)	
1	BOM	BOM 2nephi 4:31	הֲתַעֲשֵׂנִי	will you make me	עשנ	strong	smoke
1	BOM	BOM 2nephi 4:32	תִּסָּגֵרְנָה	may be shut	סגר	strong	shut it
1	BOM	BOM 2nephi 4:33	הֲתַעֲטֵנִי	will you clothe me	עטנ	strong	
1	BOM	BOM 2nephi 5:5	וַיַּזְהִירֵנִי	and warned me	זהר	strong	(הִזְהִיר) to warn, admonish, exhort; (זֹהַר
1	BOM	BOM 2nephi 5:6	בְּאַזְהָרוֹת	in the warnings	זהר	strong	(הִזְהִיר) to warn, admonish, exhort; (זֹהַר
1	BOM	BOM 2nephi 5:18	לְמָשְׁחֵנִי	to anoint me	שחנ	strong	
1	BOM	BOM 2nephi 5:32	בַחֲקוּקַי	with my engravings	חקק	strong	(חֹק) statute, law; (חָקַק) to inscribe, dec
1	BOM	BOM 2nephi 7:1	הִזְנַחְתִּיךְ	have I cast you off		(no analysis)	
1	BOM	BOM 2nephi 9:9	הַמִּתְחַפֵּשׂ	who transforms himself	חפש	strong	(חׇפְשִׁי) free, at liberty; (חִפֵּשׂ) to se
1	BOM	BOM 2nephi 9:17	וְהִשָּׁלֵם	and must	שלמ	strong	make
1	BOM	BOM 2nephi 9:24	הִדּוֹן	must	דונ	hollow (mater)	
1	BOM	BOM 2nephi 9:27	וַיְבַזְבֵּז	and wasted		(no analysis)	
1	BOM	BOM 2nephi 9:28	יַזְנִיחוּהָ	they set it aside		(no analysis)	
1	BOM	BOM 2nephi 9:34	לַמְכַזֵּב	unto the liar	כזב	strong	unto the liar
1	BOM	BOM 2nephi 9:46	וְנֶאֱלַצְתֶּם	and be constrained	אלה	heuristic	(אֵלֶּה) these; (אָלָה) oath, curse
1	BOM	BOM 2nephi 9:47	הַאֶעֲכֹר	would I harrow up	עכר	strong	(עָכַר) to trouble; Achor
1	BOM	BOM 2nephi 9:51	יַשְׂבִּיעַ	satisfies	שבע	strong	seven; to swear, take an oath
1	BOM	BOM 2nephi 10:6	חָרְבָּן	destruction	חרב	heuristic	(חֶרֶב) sword; (חֹרֶב) waste, drought
1	BOM	BOM 2nephi 10:19	וְלַנִּמְנִים	and unto those numbered	נומ	heuristic	slumber
1	BOM	BOM 2nephi 10:20	נוֹרִיד	shall we hang down	ירד	I-yod (vav for yod)	to go down, descend
1	BOM	BOM 2nephi 10:24	הִתְרַצּוֹתְכֶם	you are reconciled	ארצ	heuristic	land
1	BOM	BOM 2nephi 10:25	תְּהַלְלוּהוּ	you may praise Him	הלל	heuristic	(הָלַל) to praise, boast; (תְּהִלָּה) praise
1	BOM	BOM 2nephi 12:7	לְאֹצְרֹתָם	of their treasures	אצר	heuristic	(אוֹצָר) treasure, storehouse; (אָצַר) to la
1	BOM	BOM 2nephi 12:8	אֶצְבְּעֹתֵיהֶם	their own fingers		(no analysis)	
1	BOM	BOM 2nephi 13:24	כְּוִי	burning	כוה	lamed-yod (yod hides the he)	prick
1	BOM	BOM 2nephi 15:28	רַעֲמָתָם	their roaring	רעה	heuristic	(רַעְיָה) my love; (מִרְעֶה) pasture
1	BOM	BOM 2nephi 16:11	תֵּשָׁאֶה	be wasted	שאה	strong	rush
1	BOM	BOM 2nephi 24:2	הַיְעוּדָה	of promise	עוד	hollow (mater)	(עוֹד) again, still, yet
1	BOM	BOM 2nephi 25:6	כּוֹתְבָם	write them	במה	lamed-yod / III-he	elevation
1	BOM	BOM 2nephi 25:7	אֶמְשִׁיךְ	I shall proceed with	משכ	strong	sow
1	BOM	BOM 2nephi 25:7	תִּשָּׁלַמְנָה	they shall be fulfilled	שלמ	strong	make
1	BOM	BOM 2nephi 25:20	נְשִׁיכַת	the biting of	שוכ	hollow (mater)	entwine
1	BOM	BOM 2nephi 25:23	וּלְהִתְרַצּוֹת	and to be reconciled	רוצ	hollow	run
1	BOM	BOM 2nephi 26:5	וִירַסְּקוּם	and crush them		(no analysis)	
1	BOM	BOM 2nephi 26:7	כִּלָּנִי	consumed me	נכל	I-nun (dagesh)	defraud
1	BOM	BOM 2nephi 26:16	לְלַחֵשׁ	to whisper	לחש	strong	whisper
1	BOM	BOM 2nephi 26:22	כְּקִשְׁרֵי	according to the combinations of	קשר	strong	conspiracy
1	BOM	BOM 2nephi 26:25	הֲיִקְרָא	does He cry	קרא	strong	(קָרָא) to call, proclaim, read; (מִקְרָא) c
1	BOM	BOM 2nephi 27:27	לַסְתִּיר	to hide	סתר	strong	to hide, conceal; secret
1	BOM	BOM 2nephi 28:1	הֶאֱלִיצַנִי	has constrained me	אלצ	strong	press
1	BOM	BOM 2nephi 28:13	בְגַאֲוָתָם	in their pride	גאה	heuristic	(גַּאֲוָה) pride; (גָּאָה) to be exalted
1	BOM	BOM 2nephi 28:21	וְיַרְגִּיעַ	and shall pacify	רגע	strong	moment; to be at rest
1	BOM	BOM 2nephi 29:8	גַם־עֵדוּתָם	also their testimony	גממ	geminate	
1	BOM	BOM 2nephi 29:11	הַנִּכְתָּבִים	which shall be written		(no analysis)	
1	BOM	BOM 2nephi 29:12	הוֹבַלְתִּי	I have led away	יבל	I-yod (vav for yod)	(יָבַל) to lead, carry; (הוֹבִיל) to lead; (
1	BOM	BOM 2nephi 31:12	הַנִּטְבָּל	he who is baptized	טבל	strong	be baptized
1	BOM	BOM 2nephi 31:14	וְנִטְבַּלְתֶּם	and you shall be baptized	טבל	heuristic	be baptized
1	BOM	BOM 2nephi 31:19	הֲנִגְמַר	is it finished	גמר	strong	to finish, complete
1	BOM	BOM 2nephi 32:4	דְפַקְתֶּם	you knocked	דפק	heuristic	knock
1	BOM	BOM 2nephi 32:9	תִתְרַפּוּ	you faint	רפה	heuristic	to sink, relax, grow slack; to fail
1	BOM	BOM 2nephi 33:3	וְתַרְטַבְנָה	and shall water	רטב	strong	be moist
1	BOM	BOM 3nephi 1:4	שְׁאֵת	majesty	אתה	lamed-yod / III-he	you
1	BOM	BOM 3nephi 2:8	אֶת־זְמַנָּם	their time	זמנ	heuristic	(זְמָן) time, appointed season; (הִזְמִין) t
1	BOM	BOM 3nephi 3:2	חׇזְקְךָ	your strength	חזק	heuristic	(חָזָק) strong, mighty; to strengthen; (הֶחֱ
1	BOM	BOM 3nephi 3:2	בְּהַחֲזִיקְכֶם	in your holding fast	חזק	heuristic	(חָזָק) strong, mighty; to strengthen; (הֶחֱ
1	BOM	BOM 3nephi 3:3	וְהַשְׁמִידוּם	and destroy them		(no analysis)	
1	BOM	BOM 3nephi 3:4	וּבְבׇחֳנִי	and having proved	בחנ	strong	test
1	BOM	BOM 3nephi 3:4	גָּמוּר	utter	גמר	strong	to finish, complete
1	BOM	BOM 3nephi 3:5	חׇזְקְכֶם	your strength	חזק	heuristic	(חָזָק) strong, mighty; to strengthen; (הֶחֱ
1	BOM	BOM 3nephi 3:10	בְּמׇנְעֲכֶם	in your retaining	מנע	heuristic	to withhold, restrain
1	BOM	BOM 3nephi 3:12	לְהַפְחִידוֹ	to frighten him	פחד	strong	fear of
1	BOM	BOM 3nephi 3:14	וְחׇזְקָם	and their strength	חזק	heuristic	(חָזָק) strong, mighty; to strengthen; (הֶחֱ
1	BOM	BOM 3nephi 3:21	נוֹחִיל	we shall wait	יחל	I-yod (vav for yod)	began
1	BOM	BOM 3nephi 4:16	הַחִיצֹנִים	the outer ones	חיה	heuristic	(חַי) living; (חָיָה) to live; (תְּחִיָּה) r
1	BOM	BOM 3nephi 4:29	וְקִשְׁרֵי	and the conspiracies of	קשר	strong	conspiracy
1	BOM	BOM 3nephi 4:29	הוּפַל	was cast down	פלה	lamed-yod / III-he	distinguish
1	BOM	BOM 3nephi 5:4	אֶת־שְׁבוּיֵיהֶם	their captives	ביי	heuristic	
1	BOM	BOM 3nephi 6:2	אֶת־כׇּל־צֵידָתָם	all their provisions	ציד	heuristic	food
1	BOM	BOM 3nephi 6:14	לְהִתְפָּרֵק	to break up	פרק	strong	chapters
1	BOM	BOM 3nephi 6:15	וּלְהַגְבִּיהָם	and to inflate them	הגה	heuristic	(הָגָה) to utter, ponder, meditate
1	BOM	BOM 3nephi 6:22	עוֹרֵךְ	a lawyer of	ערכ	strong	order
1	BOM	BOM 3nephi 6:29	וּלְחַלֵּץ	and to rescue	חלצ	strong	deliver
1	BOM	BOM 3nephi 7:8	וְכַחֲזִירָה	and like a sow	חזר	strong	(חָזַר) to return, repeat; (הֶחֱזִיר) to res
1	BOM	BOM 3nephi 7:8	בְּרֶפֶשׁ	in mire	רפש	strong	trample
1	BOM	BOM 3nephi 7:13	מֵהֶשֵּׂג	from being overtaken	נשג	I-nun (dagesh)	(הִשִּׂיג) to reach, obtain, attain
1	BOM	BOM 3nephi 8:2	טָעָה	erred	טעה	strong	wander
1	BOM	BOM 3nephi 8:6	הִרְעִיד	it shook	רעד	strong	tremble
1	BOM	BOM 3nephi 8:15	שִׁבְרָן	their damage	רנה	lamed-yod / III-he	into singing
1	BOM	BOM 3nephi 8:18	וּבִנְקִיקִים	and in cracks	נקק	heuristic	
1	BOM	BOM 3nephi 8:21	לְהַדְלִיק	to kindle	דלק	strong	flame
1	BOM	BOM 3nephi 8:25	וְגֵרַשְׁנוּם	and driven them out		(no analysis)	
1	BOM	BOM 3nephi 9:10	וּבְרָגְמָם	and in their stoning	רגמ	heuristic	cast together
1	BOM	BOM 3nephi 9:11	תִּסָּתֵרְנָה	they shall be hidden	סתר	strong	to hide, conceal; secret
1	BOM	BOM 3nephi 10:2	וּמִלְּיַלֵל	and from wailing	ילל	heuristic	to howl, wail
1	BOM	BOM 3nephi 10:9	מִרְעוֹד	from trembling	רעד	strong	tremble
1	BOM	BOM 3nephi 12:26	אֶת־הַסֶּנִין	the senine	סננ	heuristic	
1	BOM	BOM 3nephi 12:30	אֶת־צְלָבְכֶם	your cross	צלב	heuristic	(צְלָב) cross; (צָלַב) to crucify
1	BOM	BOM 3nephi 12:44	הַמַּלְעִיבִים	them which despitefully use		(no analysis)	
1	BOM	BOM 3nephi 13:5	וּבְהִתְפַּלֶּלְךָ	and when you pray		(no analysis)	
1	BOM	BOM 3nephi 13:6	בְּהִתְפַּלֶּלְךָ	when you pray		(no analysis)	
1	BOM	BOM 3nephi 15:19	נִבְדַּלְתֶּם	you were separated	בדל	heuristic	(בָּדַל) to divide, separate; (הִבְדִּיל) to
1	BOM	BOM 3nephi 15:24	נִמְנֵיתֶם	you are numbered	מנה	heuristic	(מָנָה) to count, number, appoint; (מִנְיָן)
1	BOM	BOM 3nephi 16:4	הַנָּפוֹץ	who shall be scattered	פוצ	hollow (mater)	disperse
1	BOM	BOM 3nephi 16:7	מַעַלְכֶם	your unbelief	מעל	heuristic	(מַעַל) unfaithfulness, unbelief; (מְעִיל) r
1	BOM	BOM 3nephi 17:8	לְרַפְּאֹתְכֶם	to heal you	רפא	heuristic	healing
1	BOM	BOM 3nephi 17:9	וּפִסְחֵיהֶם	and their lame	פסח	heuristic	(פֶּסַח) passover; (פִּסֵּחַ) lame
1	BOM	BOM 3nephi 17:10	גַּם־הַנִּרְפָּאִים	both as many as were healed	גממ	geminate	
1	BOM	BOM 3nephi 18:11	וְלַנִּטְבָּלִים	and is baptized		(no analysis)	
1	BOM	BOM 3nephi 18:22	תִמְנָעוּם	forbid them not		(no analysis)	
1	BOM	BOM 3nephi 18:29	וּמְנַעְתֶּם	you shall forbid	עתמ	strong	glow
1	BOM	BOM 3nephi 18:31	וּמְנוּיִים	and numbered	יומ	hollow	day
1	BOM	BOM 3nephi 19:7	גַם־הַתַּלְמִידִים	also the disciples	גממ	geminate	
1	BOM	BOM 3nephi 19:25	בְּהִתְפַּלְלָם	as they did pray		(no analysis)	
1	BOM	BOM 3nephi 21:10	יַזִּיקוּ	shall they hurt	זקק	geminate	(זָקַק) to refine, purge; (זִקִּים) chains
1	BOM	BOM 3nephi 24:6	נִכְלֵיתֶם	consumed	כלל	heuristic	(כֹּל) all, every, whole; (כָּלִיל) wholly
1	BOM	BOM 3nephi 24:8	גְזַלְנוּךָ	have we robbed you		(no analysis)	
1	BOM	BOM 3nephi 25:2	וּגְדַלְתֶּם	and grow up	גדל	heuristic	(גָּדוֹל) great; to grow; (מִגְדָּל) tower
1	BOM	BOM 3nephi 26:1	וַיְבָאֵרָם	and expounded them	באר	heuristic	(בְּאֵר) well; (בֵּאֵר) to explain
1	BOM	BOM 3nephi 26:3	תִּגֹּל	shall be rolled together	גלה	lamed-yod / III-he	to uncover, reveal; to go into exile
1	BOM	BOM 3nephi 26:5	מִקְבִּילִים	being on a parallel	קבל	heuristic	(קִבֵּל) to receive, accept
1	BOM	BOM 3nephi 26:16	הִבִּיעוּ	they uttered	עוה	lamed-yod / III-he	crook
1	BOM	BOM 3nephi 26:17	כׇל־הַנִּטְבָּלִים	all who were baptized		(no analysis)	
1	BOM	BOM 3nephi 27:27	אֵיזֶה	what manner of	נזה	I-nun	(הִזָּה) to sprinkle, spatter
1	BOM	BOM 3nephi 27:29	הַשּׁוֹאֵל	he that asketh	יאל	I-yod (vav for yod)	be slack
1	BOM	BOM 3nephi 27:32	בַּהֲשִׁיבִי	even in turning	שוב	hollow (mater)	to return, repent, turn back; repentance
1	BOM	BOM 3nephi 28:18	וַיַּטְבִּילוּם	baptizing them		(no analysis)	
1	BOM	BOM 3nephi 28:35	נֶעֱלָב	offended	עלה	heuristic	(עָלָה) to go up, ascend; (עֹלָה) burnt offe
1	BOM	BOM 3nephi 29:4	וְהִשִּׂיגַתְכֶם	it shall overtake you		(no analysis)	
1	BOM	BOM 4nephi 1:27	הִתְיַמְּרוּ	professed	תמר	strong	palm
1	BOM	BOM 4nephi 1:34	הוֹבִילוּם	led them		(no analysis)	
1	BOM	BOM 4nephi 1:42	וּקְשָׁרֵי	and combinations of	קשר	strong	conspiracy
1	BOM	BOM alma 1:12	גַם־בִּקַּשְׁתָּ	also have you sought	גממ	geminate	
1	BOM	BOM alma 1:16	מֵהִתְפַּשֵּׁט	from spreading	פשט	strong	strip
1	BOM	BOM alma 1:26	לֹא־הֶחְשִׁיב	did not esteem	חשב	strong	(חָשַׁב) to think, suppose, devise, reckon; 
1	BOM	BOM alma 1:26	מִן־הַלּוֹמֵד	than the learner	למד	strong	(לָמַד) to learn, teach; (תַּלְמִיד) discipl
1	BOM	BOM alma 3:18	בְּהָחֵלָּם	when they began	חלמ	strong	be
1	BOM	BOM alma 3:18	לְהַתְווֹת	to mark	תוה	lamed-yod / III-he	mark out
1	BOM	BOM alma 4:6	וּמִשְׁיָם	and their silk	שומ	hollow (mater)	put
1	BOM	BOM alma 4:12	גַּבָּם	their backs	גבה	heuristic	high
1	BOM	BOM alma 4:15	אֶת־כׇּל־פִּלְיָתָם	all their inequality	פלל	heuristic	to pray, intercede
1	BOM	BOM alma 5:7	וַיְקִיצֵם	and awoke them	קצצ	heuristic	chop off
1	BOM	BOM alma 5:7	הוּאֲרוּ	were illuminated	ארו	strong	Horo
1	BOM	BOM alma 5:9	וְשׁוֹאֵל	and again ask	יאל	I-yod (vav for yod)	be slack
1	BOM	BOM alma 5:9	וַתִּרְחַבְנָה	and were expanded	רחב	strong	to be wide, broad; breadth, width
1	BOM	BOM alma 5:14	הֲנוֹלַדְתֶּם	have you spiritually been born		(no analysis)	
1	BOM	BOM alma 5:21	לְהִטָּהֵר	purified	טהר	strong	to be pure, clean; purity, purification
1	BOM	BOM alma 5:26	חַשְׁתֶּם	you have felt	נחש	heuristic	serpent
1	BOM	BOM alma 5:30	הַמַּלְעִיג	who makes a mock	לעג	strong	be mocked
1	BOM	BOM alma 5:37	הַמִּתְנַפְּחִים	you that are puffed up		(no analysis)	
1	BOM	BOM alma 5:53	לְהִתְנַפֵּחַ	be puffed up	נפח	strong	puff
1	BOM	BOM alma 7:6	הִתְנַשֵּׂאתֶם	you are not lifted up	אנש	heuristic	to be weak, mortal; man, mankind
1	BOM	BOM alma 7:23	לְהִתְרַצּוֹת	to be entreated	רוצ	hollow	run
1	BOM	BOM alma 7:26	וְהַקֶּשֶׁב	and heed	קשב	strong	heed
1	BOM	BOM alma 8:26	וַאֲסַפְתָּנִי	and taken me in	אספ	strong	receive
1	BOM	BOM alma 9:1	כְּהַחֵלִּי	as I began	חלה	lamed-yod (yod hides the he)	to be sick, weak; to entreat
1	BOM	BOM alma 9:32	יַשְׁלִיכֻנִי	they might cast me	שלכ	strong	throw
1	BOM	BOM alma 9:33	לְקַחְתֵּנִי	to take me	לקח	strong	to take, receive, get
1	BOM	BOM alma 9:33	וּלְהַשְׁלִיכֵנִי	and cast me	שלכ	strong	throw
1	BOM	BOM alma 10:4	רָכַשְׁתִּי	I have acquired	רכש	strong	(רְכוּשׁ) property, substance; (רָכַשׁ) to a
1	BOM	BOM alma 10:7	תַאֲכִיל	you shall feed	אכל	strong	(אָכַל) to eat, consume, devour; (מַאֲכָל) f
1	BOM	BOM alma 10:18	לְעַקֵּשׁ	to pervert	עקש	strong	(עִקֵּשׁ) perverse
1	BOM	BOM alma 10:23	נֶחְמַלְתֶּם	you are spared	חמל	heuristic	He did spare
1	BOM	BOM alma 11:4	חֶשְׁבּוֹנָם	their reckoning	חשב	heuristic	(חָשַׁב) to think, suppose, devise, reckon; 
1	BOM	BOM alma 11:6	וְאָנְטִי	and an onti of	נטה	lamed-yod (yod hides the he)	(נָטָה) to stretch out, incline, turn aside
1	BOM	BOM alma 11:8	מִסְּנִינֵה	of a senine	מסה	heuristic	dissolve
1	BOM	BOM alma 11:15	הַסְּנוּם	of a senum		(no analysis)	
1	BOM	BOM alma 11:16	הַשִּׁבְלוֹן	of a shiblon	שבה	heuristic	to take captive; captivity
1	BOM	BOM alma 11:17	הַשִּׁבְּלוּם	of a shiblum	בלמ	strong	muzzle
1	BOM	BOM alma 11:19	וְאַנְטְיוֹן	and an antion of	נטה	heuristic	(נָטָה) to stretch out, incline, turn aside
1	BOM	BOM alma 11:19	כִּשְׁלֹשָׁה	is as three	שלש	strong	(שָׁלֹשׁ) three; (שְׁלֹשִׁים) thirty
1	BOM	BOM alma 11:19	שִׁבְלוֹנִים	shiblons	שבל	heuristic	train
1	BOM	BOM alma 11:21	וְזִיזְרוֹם	now Zeezrom was		(no analysis)	
1	BOM	BOM alma 11:23	תְנַסֵּנִי	tempt you me	נוס	hollow	to flee, escape
1	BOM	BOM alma 11:25	הָאָנְטִי	the onties	נטה	lamed-yod (yod hides the he)	(נָטָה) to stretch out, incline, turn aside
1	BOM	BOM alma 11:35	וְכָאִלּוּ	as though	אלו	strong	if
1	BOM	BOM alma 11:45	מִתְאַחֲדִים	uniting	אחד	heuristic	one, a single
1	BOM	BOM alma 12:4	וּלְרַמּוֹת	and to deceive	רומ	hollow	be high
1	BOM	BOM alma 12:5	צֹרְרְךָ	your adversary	צרר	heuristic	(צַר) adversary, enemy; (צֹר) Tyre; (צָרַר) 
1	BOM	BOM alma 12:9	כַּקֶּשֶׁב	according to the heed	קשב	strong	heed
1	BOM	BOM alma 12:14	נָעֵז	shall we dare	עוז	hollow	(עֹז) strength; (הֵעֵז) to dare; take refuge
1	BOM	BOM alma 12:14	לְהַסְתִּירֵנוּ	to hide us	סתר	strong	to hide, conceal; secret
1	BOM	BOM alma 12:20	אַנְטְיוֹנָה	that Antionah	נטה	lamed-yod (vav form)	(נָטָה) to stretch out, incline, turn aside
1	BOM	BOM alma 12:23	לִמְכַזֵּב	a liar	כזב	strong	unto the liar
1	BOM	BOM alma 14:6	לְהֵחָרֵשׁ	to be harrowed up	חרש	strong	to engrave, plough, devise; to be silent, de
1	BOM	BOM alma 14:10	וְנוֹשִׁיעֵם	and save them		(no analysis)	
1	BOM	BOM alma 14:18	עָנוּם	answered them	ענה	heuristic	(עָנָה) to answer; to afflict; (עֲנָוָה) hum
1	BOM	BOM alma 14:21	בְּהֵרָשְׁעֵנוּ	when we are damned	רשע	strong	wickedness
1	BOM	BOM alma 16:11	שִׁמְמַת	the desolation of	שממ	strong	stun
1	BOM	BOM alma 16:21	בְּהַשִּׂיגָהּ	having got	שוג	hollow (mater)	retreat
1	BOM	BOM alma 17:6	מַסְעוֹתֵיהֶם	their journeyings	נסע	heuristic	to pull up, set out, journey
1	BOM	BOM alma 17:14	וּבִשְׁדִידָתָם	and robbing	שדד	heuristic	(שֹׁדֵד) robber; (שָׁדַד) to plunder, lay wa
1	BOM	BOM alma 18:16	עַל־עֶדְרֶיךָ	your flocks	עלה	lamed-yod / III-he	(עָלָה) to go up, ascend; (עֹלָה) burnt offe
1	BOM	BOM alma 18:32	מַשְׁקִיף	looketh down	קופ	hollow (mater)	monkey
1	BOM	BOM alma 18:37	וְאֶת־כׇּל־עֻנְיָם	and all their sufferings	ענה	heuristic	(עָנָה) to answer; to afflict; (עֲנָוָה) hum
1	BOM	BOM alma 18:37	וְאֶת־תְּלָאוֹתָם	and their travail	תלה	heuristic	(תָּלָה) to hang
1	BOM	BOM alma 18:40	וּבָאֲרוֹ	and expounded	באר	strong	(בְּאֵר) well; (בֵּאֵר) to explain
1	BOM	BOM alma 18:41	רִחַמְתָּ	you have had	רחמ	strong	love
1	BOM	BOM alma 19:19	לַנֶּפִיִּי	that the Nephite	נופ	heuristic	quiver
1	BOM	BOM alma 19:21	בְּהָגִנּוֹ	while defending	הגנ	strong	
1	BOM	BOM alma 19:29	הַמְּבֹרָךְ	the blessed	ברכ	strong	kneel
1	BOM	BOM alma 20:29	שָׁחוּק	were worn	שחק	strong	laugh
1	BOM	BOM alma 22:17	הִשְׁתַּטַּח	even he did prostrate himself	טוח	hollow	(טָח) to plaster; (בָּטוּחַ) confident, pers
1	BOM	BOM alma 22:28	גּוֹבֵל	bordering	גבל	strong	border, boundary, territory
1	BOM	BOM alma 24:15	נִטְמְנֵם	let us hide them away	נטה	heuristic	(נָטָה) to stretch out, incline, turn aside
1	BOM	BOM alma 24:16	נִקְבְּרֵם	even we will bury them	קבר	heuristic	(קֶבֶר) grave; (קָבַר) to bury
1	BOM	BOM alma 24:16	נְטַלְנוּם	used them		(no analysis)	
1	BOM	BOM alma 24:18	בְּהִשָּׁבְעָם	vouching and	שבה	heuristic	to take captive; captivity
1	BOM	BOM alma 24:29	הַמִּתְחַבְּרִים	those who joined		(no analysis)	
1	BOM	BOM alma 25:9	נִצּוֹדִים	are hunted	צוה	heuristic	to command
1	BOM	BOM alma 26:1	סִבָּתֵנוּ	reason have we	סבב	geminate	(סָבַב) to turn, surround; (סָבִיב) round ab
1	BOM	BOM alma 26:6	יִסָּחֲפוּ	neither shall they be harrowed up	סחפ	strong	scrape off
1	BOM	BOM alma 26:14	וְהִתִּיר	and has loosed	תור	hollow (mater)	(תּוּר) to spy out, search
1	BOM	BOM alma 26:24	בִּשְׁגִיאַת	of the incorrectness of	שגא	strong	to grow
1	BOM	BOM alma 26:26	נוֹשִׁיעַ	we might save	ישע	I-yod (vav for yod)	to save, deliver; salvation, Jesus
1	BOM	BOM alma 26:29	וְלֻעַגְנוּ	and mocked	לעג	strong	be mocked
1	BOM	BOM alma 27:28	לְהַסִּיתָם	to be prevailed upon	סתמ	strong	stop
1	BOM	BOM alma 28:11	נִרְקָבִים	are moldering	רקב	heuristic	rot, decay
1	BOM	BOM alma 28:13	פְּלָיַת	the inequality of	פלה	lamed-yod (yod hides the he)	distinguish
1	BOM	BOM alma 29:4	לְהַרְגִּיז	to harrow up	רגז	strong	(רָגַז) to tremble, be troubled; rage
1	BOM	BOM alma 29:9	וְאֶתְהַלֵּל	and I glory	הלל	heuristic	(הָלַל) to praise, boast; (תְּהִלָּה) praise
1	BOM	BOM alma 29:9	יַעֲשֵׂנִי	may make me	עשנ	strong	smoke
1	BOM	BOM alma 29:16	כְּהִפָּרְדָהּ	as it were the separation of it	פרד	haqtalah	(פָּרַד) to separate, be parted
1	BOM	BOM alma 30:13	הַנֶּאֱסָרִים	that are bound down		(no analysis)	
1	BOM	BOM alma 30:13	תְּחַכּוּ	do you look	חכה	lamed-yod / III-he	he waited
1	BOM	BOM alma 30:28	וְשִׁגְעוֹנוֹתֵיהֶם	and their whims	שגע	heuristic	rave through insanity
1	BOM	BOM alma 30:51	הֲתִתְוַכַּח	will you dispute	וכח	heuristic	
1	BOM	BOM alma 30:55	תַסִּית	you would lead away	סות	hollow (mater)	to entice, incite, stir up
1	BOM	BOM alma 30:59	בְּהַנְחֹת	being led by	נחת	strong	carefully down
1	BOM	BOM alma 31:13	כְּנִסְתָּם	their synagogue	סתמ	strong	stop
1	BOM	BOM alma 31:27	מְנֻפָּחִים	puffed up	פחמ	strong	coal
1	BOM	BOM alma 32:12	הׇגְרַשְׁכֶם	you are cast out	גרש	heuristic	(גֵּרֵשׁ) to drive out; (מִגְרָשׁ) pasture l
1	BOM	BOM alma 32:12	נִבְזִיתֶם	that you are despised	בזז	heuristic	(בָּזַז) to plunder; (בַּז) spoil, prey
1	BOM	BOM alma 32:13	בְּהֵאָנְסוֹ	if he is compelled	אנס	strong	insist
1	BOM	BOM alma 32:13	וְהַמּוֹצֵא	and he that findeth	יצא	I-yod (vav for yod)	to go out, come forth
1	BOM	BOM alma 32:27	בְּגַרְגִּיר	a particle of		(no analysis)	
1	BOM	BOM alma 32:28	חֲזֵכֶם	your breasts	חזה	heuristic	seer
1	BOM	BOM alma 32:30	יִתְפַּח	swelleth	פחח	heuristic	(פַּח) snare, trap
1	BOM	BOM alma 32:33	וְהִצְמִיחַ	and sprouteth	צמח	strong	grow
1	BOM	BOM alma 32:38	לְטִפּוּחוֹ	for its nourishment	טפח	strong	nourish
1	BOM	BOM alma 32:38	וּתְעַקְּרוּהוּ	and you pluck it up	עקר	heuristic	(עִקָּר) principle, main; (עָקַר) to uproot
1	BOM	BOM alma 32:39	טִפַּחְתֶּם	nourish	טפח	heuristic	nourish
1	BOM	BOM alma 32:42	בְּטַפְּחֲכֶם	in nourishing	טפח	heuristic	nourish
1	BOM	BOM alma 32:43	בְּחַכּוֹתְכֶם	waiting	חכה	heuristic	he waited
1	BOM	BOM alma 33:9	קְהִלּוֹתֶיךָ	your congregations	קהל	heuristic	(קָהָל) assembly, congregation; (קְהִלָּה) c
1	BOM	BOM alma 33:16	חָנַנְתָּ	you have bestowed upon	חננ	strong	bend
1	BOM	BOM alma 34:3	וַיַּזְהִירְכֶם	and he hath exhorted you	זהר	heuristic	(הִזְהִיר) to warn, admonish, exhort; (זֹהַר
1	BOM	BOM alma 34:15	הַגֹּבְרִים	which overpowereth	גבר	heuristic	to be strong, prevail; mighty man
1	BOM	BOM alma 34:29	וְנִרְמָסִים	and is trodden	רמס	heuristic	trample
1	BOM	BOM alma 34:33	תִדְחוּ	procrastinate	דחה	lamed-yod / III-he	push down
1	BOM	BOM alma 34:33	נֵיטִיב	improve	יטב	strong	(יָטַב) to be good, please; well
1	BOM	BOM alma 34:40	אֶת־הַמְגָרְשִׁים	those who do cast out		(no analysis)	
1	BOM	BOM alma 37:9	הֱשִׁיבוּם	brought them unto repentance	יבמ	strong	marry
1	BOM	BOM alma 37:19	בַּהֲשִׁיבוֹ	in bringing back	שוב	hollow (mater)	to return, repent, turn back; repentance
1	BOM	BOM alma 37:30	הַנִּרְצָחִים	those whom they murdered		(no analysis)	
1	BOM	BOM alma 37:31	וּלְקִשְׁרֵי	and combinations	קשר	strong	conspiracy
1	BOM	BOM alma 37:40	הַמְּחוֹגִים	the spindles		(no analysis)	
1	BOM	BOM alma 38:12	תִרְסֹן	you bridle	רסנ	strong	halter
1	BOM	BOM alma 38:14	קָטֹנְתָּ	your unworthiness	קטנ	strong	be
1	BOM	BOM alma 39:4	תִצְטַדָּק	excuse		(no analysis)	
1	BOM	BOM alma 40:17	הַנֶּאֱמֶרֶת	which is spoken of	אמר	strong	(אָמַר) to say, speak; (לֵאמֹר) saying; (אֵמ
1	BOM	BOM alma 40:23	לְמִכְנָתָם	to their frame	מוכ	heuristic	become thin
1	BOM	BOM alma 41:8	נִשְׁתָּנִים	changing	נשת	heuristic	eliminate
1	BOM	BOM alma 41:9	הֵעַזְתָּ	hast risked	עוז	hollow	(עֹז) strength; (הֵעֵז) to dare; take refuge
1	BOM	BOM alma 42:1	הַמַּדְאִיג	which doth worry	דאג	strong	(דָּאַג) to worry, be anxious; care
1	BOM	BOM alma 42:10	וְתַאֲוָנִיִּים	sensual	אני	heuristic	I
1	BOM	BOM alma 42:13	הַהֲכָנָה	the preparation	כננ	haqtalah (geminate)	to set out
1	BOM	BOM alma 42:27	יֵאָנֵס	compelled	אנס	strong	insist
1	BOM	BOM alma 43:44	מִשִּׁרְיוֹנֵיהֶם	their breastplates	שרה	heuristic	(שָׂרָה) Sarah
1	BOM	BOM alma 43:47	תָּגִנּוּ	you shall defend	גונ	hollow	
1	BOM	BOM alma 43:48	חׇפְשָׁם	their freedom	חפש	heuristic	(חׇפְשִׁי) free, at liberty; (חִפֵּשׂ) to se
1	BOM	BOM alma 43:49	וְחׇפְשָׁם	and their freedom	חפש	heuristic	(חׇפְשִׁי) free, at liberty; (חִפֵּשׂ) to se
1	BOM	BOM alma 44:8	נָפֵר	we shall break	פרה	lamed-yod / III-he	to bear fruit, be fruitful; fruit
1	BOM	BOM alma 44:13	וַיּוֹשֵׁט	and stretched	ישט	I-yod (vav for yod)	extend
1	BOM	BOM alma 44:18	נֶחְשָׂפִים	exposed	חשפ	heuristic	strip
1	BOM	BOM alma 46:7	מֵהַקְּהִלָּה	from the church	קהל	haqtalah	(קָהָל) assembly, congregation; (קְהִלָּה) c
1	BOM	BOM alma 46:8	וּלְהִתְפַּתּוֹת	and to be enticed	נפת	I-nun (dagesh)	height
1	BOM	BOM alma 46:21	הִכְרִיז	he proclaimed	כרז	heuristic	(הִכְרִיז) to proclaim
1	BOM	BOM alma 46:33	וַיּוּשְׁבוּ	and were taken back	ישב	I-yod (vav for yod)	to dwell, sit, inhabit
1	BOM	BOM alma 46:40	צְמָחִים	plants	צמח	heuristic	grow
1	BOM	BOM alma 47:3	וּלְאָנְסָם	and compel them	אנס	heuristic	insist
1	BOM	BOM alma 47:14	יָקוּצוּ	they awoke	קוצ	hollow (mater)	spend the harvest
1	BOM	BOM alma 47:22	כִּלְכַבְּדוֹ	as if to honor him	כבד	strong	(כָּבֵד) to be heavy; to honor; (כָּבוֹד) gl
1	BOM	BOM alma 48:3	וַיַּעֲוֵר	and blinded	עור	hollow (mater)	(עוֹר) skin; (עוּר) to awake
1	BOM	BOM alma 48:12	וּלְשַׁלְוָתָם	and safety	שלל	heuristic	(שָׁלָל) spoil, prey
1	BOM	BOM alma 48:15	וְיַזְהִירֵם	and warned them	זהר	heuristic	(הִזְהִיר) to warn, admonish, exhort; (זֹהַר
1	BOM	BOM alma 48:17	נִרְעָשִׁים	shaken	רעש	heuristic	earthquakes
1	BOM	BOM alma 48:24	בְּהִתְחַבְּרָם	by joining themselves		(no analysis)	
1	BOM	BOM alma 49:4	אַכְזָבָתָם	their disappointment	כזב	heuristic	unto the liar
1	BOM	BOM alma 49:4	לְהַזִּיק	to any effect	זקק	heuristic	(זָקַק) to refine, purge; (זִקִּים) chains
1	BOM	BOM alma 49:9	הֲכָנָתָם	their preparations	תמה	lamed-yod / III-he	to be astonished, amazed
1	BOM	BOM alma 49:18	נֶחְפַּר	had been dug	חפר	strong	to dig, search out; to be ashamed, confounde
1	BOM	BOM alma 49:19	בְּהַשְׁלִיכָם	by casting	שלל	heuristic	(שָׁלָל) spoil, prey
1	BOM	BOM alma 49:22	נִסְחֲפוּ	they were swept off	סחפ	strong	scrape off
1	BOM	BOM alma 49:22	בְּהׇרְסָם	by pulling down	הרס	heuristic	to destroy, tear down
1	BOM	BOM alma 49:28	בְּהַצָּלָתָם	in delivering them	נצל	heuristic	to deliver, rescue, save
1	BOM	BOM alma 49:30	וּשְׁקִידָתָם	and diligence	קדד	heuristic	(קָדַד) to bow down; (קָדְקֹד) crown of the 
1	BOM	BOM alma 50:5	וּכְכֹחָם	and their strength	כחח	heuristic	(כֹּחַ) strength, power, might
1	BOM	BOM alma 50:12	הַהֲגָנָה	the defense	הגנ	haqtalah	
1	BOM	BOM alma 50:21	וְחָרְבָּנָם	and their destructions	חרב	heuristic	(חֶרֶב) sword; (חֹרֶב) waste, drought
1	BOM	BOM alma 50:23	מְאֻשֶּׁרֶת	happy	נשר	I-nun (dagesh)	eagle
1	BOM	BOM alma 51:7	וַיֵּאָלְצוּ	were obliged	אלצ	strong	press
1	BOM	BOM alma 51:16	כׇּל־חׇרְבָּנָם	all their destruction	חרב	heuristic	(חֶרֶב) sword; (חֹרֶב) waste, drought
1	BOM	BOM alma 51:17	וּלְהַשְׁווֹתָם	and be leveled		(no analysis)	
1	BOM	BOM alma 51:21	הִתְגָּאוּ	who professed	גאה	lamed-yod / III-he	(גַּאֲוָה) pride; (גָּאָה) to be exalted
1	BOM	BOM alma 51:21	לִדְרוֹרָם	for their freedom	דרר	heuristic	(דְּרוֹר) liberty, freedom
1	BOM	BOM alma 51:22	וּמַכְנִיעָם	and subjecting them	כנע	heuristic	suffer Himself
1	BOM	BOM alma 52:13	וּלְהַסִּיט	and to draw	סוט	heuristic	
1	BOM	BOM alma 52:19	יַפְתּוּם	they might decoy them	פתה	heuristic	(פִּתָּה) to entice, deceive
1	BOM	BOM alma 52:28	יַדְבִּיקֵם	should overtake them	דבק	heuristic	to cleave, cling
1	BOM	BOM alma 52:30	לְהַדְבִּיקָם	to overtake them	דבק	heuristic	to cleave, cling
1	BOM	BOM alma 53:1	וַיֶּאֶנְסוּם	and did compel them		(no analysis)	
1	BOM	BOM alma 53:4	עַל־גְּדַת	upon the bank of	עלה	lamed-yod / III-he	(עָלָה) to go up, ascend; (עֹלָה) burnt offe
1	BOM	BOM alma 53:5	אֲנָסוּם	they compelled them	נסה	heuristic	(נִסָּה) to prove, try, tempt; (נִסָּיוֹן) t
1	BOM	BOM alma 53:7	הֶעֱסִיק	he employed	עסק	heuristic	(עָסַק) to engage, occupy
1	BOM	BOM alma 53:11	וּכִשְׁבוּעָתָם	and according to their oath	שבע	heuristic	seven; to swear, take an oath
1	BOM	BOM alma 54:19	נְפַחְתֶּם	you have breathed out	נפח	heuristic	puff
1	BOM	BOM alma 54:20	הִכָּרְתָם	their extinction	רתמ	strong	yoke up
1	BOM	BOM alma 54:24	אֶת־עׇשְׁקָם	their wrongs	עשה	heuristic	(עָשָׂה) to do, make; (מַעֲשֶׂה) work, deed
1	BOM	BOM alma 55:10	לְתַאֲוָתָם	their desire	תאה	heuristic	mark off
1	BOM	BOM alma 55:22	וּשְׁבוּיֵיהֶם	and that their prisoners	ביי	heuristic	
1	BOM	BOM alma 55:27	וְהִגֵּנוּ	and defended	נגנ	I-nun (dagesh)	play
1	BOM	BOM alma 55:33	לִתְקֹף	to attack	תקפ	strong	overpower
1	BOM	BOM alma 56:19	מַשְׁמִידִים	destroyed	דמה	lamed-yod / III-he	was like
1	BOM	BOM alma 56:36	הוֹבַלְנוּ	did we lead away	יבל	I-yod (vav for yod)	(יָבַל) to lead, carry; (הוֹבִיל) to lead; (
1	BOM	BOM alma 56:57	וָאֶסְפְּחֵם	and joined them	ספח	heuristic	(סַפַּחַת) skin rash; (נִסְפַּח) to cleave, 
1	BOM	BOM alma 57:2	נָמִיר	we would only deliver up	מור	hollow (mater)	(הֵמִיר) to change, exchange
1	BOM	BOM alma 57:10	וְאֶת־צֵידָתָם	and their provisions	ציד	heuristic	food
1	BOM	BOM alma 57:11	וְאֶת־שְׁבוּיֵינוּ	and our prisoners	יינ	I-yod (vav for yod)	wine
1	BOM	BOM alma 57:13	נֶאֱנַסְנוּ	we were obliged	אנס	strong	insist
1	BOM	BOM alma 57:16	עַל־שְׁבוּיֵינוּ	over our prisoners	עלה	lamed-yod / III-he	(עָלָה) to go up, ascend; (עֹלָה) burnt offe
1	BOM	BOM alma 57:17	שָׁאַלְנוּם	we questioned them		(no analysis)	
1	BOM	BOM alma 58:12	וַנִּתְאַמֵּץ	and were fixed	אמצ	heuristic	be alert
1	BOM	BOM alma 58:13	וַנַּט	and we pitched	נטה	lamed-yod / III-he	(נָטָה) to stretch out, incline, turn aside
1	BOM	BOM alma 58:16	לְטֵאוֹמְנֶר	that Teomner		(no analysis)	
1	BOM	BOM alma 58:17	הִסְתַּתְּרָם	they had thus secreted themselves		(no analysis)	
1	BOM	BOM alma 58:19	לְהַשִּׂיגֵנוּ	to overtake us	שוג	hollow (mater)	retreat
1	BOM	BOM alma 58:22	לְהִמָּשֵׁךְ	to be led away	משכ	strong	sow
1	BOM	BOM alma 60:29	תִּתְעוֹרְרוּ	you do bestir yourselves	ערר	heuristic	(מְעָרָה) cave; (עֲרִירִי) childless
1	BOM	BOM alma 60:34	נֶאֱנָס	am constrained	אנס	strong	insist
1	BOM	BOM alma 60:34	מִצֵּידַתְכֶם	of your provisions		(no analysis)	
1	BOM	BOM alma 61:4	אֶת־צֵידָתֵנוּ	our provisions	צוד	hollow (mater)	to hunt; stronghold, fortress
1	BOM	BOM alma 61:17	בְּמַסָּעֲךָ	upon your march	נסע	heuristic	to pull up, set out, journey
1	BOM	BOM alma 62:18	וַיַּמְשִׁיכוּ	they pursued	משכ	strong	sow
1	BOM	BOM alma 62:35	הַמַּסָּע	the march	נסע	I-nun (dagesh)	to pull up, set out, journey
1	BOM	BOM alma 62:48	וְלַעֲצֹם	and to wax strong	עצמ	strong	close
1	BOM	BOM alma 63:11	לְשִׁבְלוֹן	that Shiblon	שבל	heuristic	train
1	BOM	BOM alma 63:12	כׇּל־הַחֲקוּקוֹת	all the engravings	חקק	strong	(חֹק) statute, law; (חָקַק) to inscribe, dec
1	BOM	BOM alma 63:14	וַיְעוֹרְרוּם	and they were stirred up		(no analysis)	
1	BOM	BOM enos 1:2	אֶת־הַמַּאֲבָק	the wrestle	אבק	strong	dust
1	BOM	BOM enos 1:9	לְהַרְגִּישׁ	to feel	רגש	strong	(רֶגֶשׁ) feeling; (הִרְגִּישׁ) to feel
1	BOM	BOM enos 1:23	וְהַזְכִּירָם	and reminding them	זכר	heuristic	to remember; male
1	BOM	BOM ether 1:38	יוֹבִילֵנוּ	will carry us forth	יבל	I-yod (vav for yod)	(יָבַל) to lead, carry; (הוֹבִיל) to lead; (
1	BOM	BOM ether 1:38	נִירָשֶׁנָּה	we may receive it	ירש	strong	(יָרַשׁ) to inherit, possess; (יֶרְשׁוֹן) Je
1	BOM	BOM ether 2:3	דְּבוֹרַת	a bee of	דבר	strong	(דִּבֶּר) to speak; (דָּבָר) word, thing; (ד
1	BOM	BOM ether 2:17	וְדָפְנֵיהֶן	and the sides thereof	נדפ	heuristic	shove
1	BOM	BOM ether 2:17	מְחֻדָּדוֹת	were peaked	חדד	strong	be
1	BOM	BOM ether 2:17	וְאׇרְכָּן	and the length thereof	אור	heuristic	light
1	BOM	BOM ether 2:17	בְּהִסָּגְרָהּ	when it was shut	סגר	haqtalah	shut it
1	BOM	BOM ether 2:19	נַנְהִיג	shall we steer	נהג	strong	(נָהַג) to lead, drive
1	BOM	BOM ether 2:25	בְּהִבָּלְעֲכֶם	when you are swallowed up	בלע	heuristic	(בִּלְעָם) Balaam; (בָּלַע) to swallow
1	BOM	BOM ether 3:3	וַתִּדְחֵנוּ	and hast driven us forth	דחנ	strong	millet
1	BOM	BOM ether 3:13	נִפְדֵּיתָ	you are redeemed	פדה	lamed-yod (yod hides the he)	redeemed
1	BOM	BOM ether 4:8	וְהַמְּכַחֵשׁ	and he that denies	כחש	strong	denies
1	BOM	BOM ether 6:4	אֶל־סְפִינוֹתֵיהֶם	aboard their vessels	אלה	lamed-yod / III-he	(אֵלֶּה) these; (אָלָה) oath, curse
1	BOM	BOM ether 6:5	עַל־גַּלֵּי	upon the waves of	עלה	lamed-yod / III-he	(עָלָה) to go up, ascend; (עֹלָה) burnt offe
1	BOM	BOM ether 6:7	סְפִינוֹתֵיהֶם	their vessels	יספ	heuristic	continue
1	BOM	BOM ether 6:19	נַקְהִילָה	let us gather together	קהל	strong	(קָהָל) assembly, congregation; (קְהִלָּה) c
1	BOM	BOM ether 6:23	יוֹבִיל	leadeth	יבל	I-yod (vav for yod)	(יָבַל) to lead, carry; (הוֹבִיל) to lead; (
1	BOM	BOM ether 6:25	יֶאֶנְסֵהוּ	should constrain him	אנס	strong	insist
1	BOM	BOM ether 7:9	חִזְּקָם	he armed them	חזק	heuristic	(חָזָק) strong, mighty; to strengthen; (הֶחֱ
1	BOM	BOM ether 7:22	וַיַּרְעֵף	and did bestow	רעפ	strong	drip
1	BOM	BOM ether 7:24	אֶת־כׇּל־הַמְגַדְּפִים	all those who did revile against		(no analysis)	
1	BOM	BOM ether 8:15	וַיַּשְׁבִּיעֵם	did administer unto them	שבע	heuristic	seven; to swear, take an oath
1	BOM	BOM ether 8:23	לְקִשְׁרֵי	that combinations of	קשר	strong	conspiracy
1	BOM	BOM ether 8:23	וּלְהַשְׁמָדַתְכֶם	and to your destruction		(no analysis)	
1	BOM	BOM ether 9:7	הֶאֱכִילוֹ	fed him	כול	hollow (mater)	(כִּלְכֵּל) to contain, support
1	BOM	BOM ether 9:11	תָּאַב	desired	תאב	strong	desire
1	BOM	BOM ether 9:18	וַחֲזִירִים	and swine	חזר	heuristic	(חָזַר) to return, repeat; (הֶחֱזִיר) to res
1	BOM	BOM ether 9:19	פִּילִים	elephants	נפל	heuristic	to fall, fall down
1	BOM	BOM ether 9:19	וְקוּרֵלוֹמִים	and cureloms		(no analysis)	
1	BOM	BOM ether 9:19	וְקוּמוֹמִים	and cumoms		(no analysis)	
1	BOM	BOM ether 9:19	וְהַקּוּרֵלוֹמִים	and the cureloms		(no analysis)	
1	BOM	BOM ether 9:19	וְהַקּוּמוֹמִים	and the cumoms		(no analysis)	
1	BOM	BOM ether 9:20	בְּהִבָּשְׁלָם	when they were ripened	בשל	heuristic	boil
1	BOM	BOM ether 10:4	לְהִתְפַּשֵּׂט	to spread	פשט	strong	strip
1	BOM	BOM ether 10:31	גַם־עַמְנִיגַדָּה	also Amnigaddah	גממ	geminate	
1	BOM	BOM ether 10:33	וַיַּשְׁבִּיעוּ	and administered	שבע	strong	seven; to swear, take an oath
1	BOM	BOM ether 11:1	אֶת־רִצְחֵיהֶם	their murders	רצח	heuristic	murder
1	BOM	BOM ether 12:4	לְעֹגֶן	an anchor	עגנ	strong	debar
1	BOM	BOM ether 12:4	וּמוּצָקִים	and steadfast	יצק	heuristic	pour out
1	BOM	BOM ether 12:9	וּלְהִשְׁתַּתֵּף	and be partakers		(no analysis)	
1	BOM	BOM ether 12:20	לְהַסְתִּירָהּ	to hide it	סתר	strong	to hide, conceal; secret
1	BOM	BOM ether 12:25	בְּשִׂימַת	because of the placing of	שומ	hollow (mater)	put
1	BOM	BOM ether 12:27	חֻלְשָׁה	weakness	חלש	strong	(חָלַשׁ) to be weak; (חֻלְשָׁה) weakness, in
1	BOM	BOM ether 12:31	לְתַלְמִידֶיךָ	unto your disciples		(no analysis)	
1	BOM	BOM ether 13:13	וַיִּסְתַּתֵּר	and he hid himself		(no analysis)	
1	BOM	BOM ether 13:18	בְּהִלָּחֲמָם	when they fought	לחמ	heuristic	feed on
1	BOM	BOM ether 13:21	הַמְּקַבֵּל	receiving	קבל	strong	(קִבֵּל) to receive, accept
1	BOM	BOM ether 14:10	מִקִּשְׁרֵי	of the combinations of	קשר	strong	conspiracy
1	BOM	BOM helaman 1:3	גַּם־הֵסִיתוּ	did also cause	גממ	geminate	
1	BOM	BOM helaman 1:9	לְמוֹשְׁלָם	should be their governor	משל	heuristic	(מָשַׁל) to rule; (מֶמְשָׁלָה) dominion, gov
1	BOM	BOM helaman 1:15	פּוֹרֵשׁ	a dissenter	פרש	strong	(פָּרַשׂ) to spread, stretch forth; (פָּרָשׁ
1	BOM	BOM helaman 1:19	וּמַסָּעָם	and their march	נסע	heuristic	to pull up, set out, journey
1	BOM	BOM helaman 1:20	כׇּל־הַמִּתְנַגֵּד	all who did oppose	נגד	strong	(נֶגֶד) before, against; (הִגִּיד) to tell, 
1	BOM	BOM helaman 1:29	וַיַּקְדִּימֵם	and he did head them off	קדמ	heuristic	meet
1	BOM	BOM helaman 2:6	בְּהִתְחַפְּשׂוֹ	in disguise	חפש	strong	(חׇפְשִׁי) free, at liberty; (חִפֵּשׂ) to se
1	BOM	BOM helaman 2:11	בְּכׇל־	in any	כלה	lamed-yod / III-he	to complete, finish, bring to an end
1	BOM	BOM helaman 3:14	וּשְׁדֵיהֶם	and their robberies	דהמ	strong	be dumb
1	BOM	BOM helaman 3:14	לְהִכָּלֵל	to be contained	כלל	strong	(כֹּל) all, every, whole; (כָּלִיל) wholly
1	BOM	BOM helaman 3:23	הַנּוֹשָׁבִים	the inhabited	נשב	heuristic	returned we
1	BOM	BOM helaman 3:35	צָמוּ	they fasted	צומ	hollow	fast
1	BOM	BOM helaman 4:8	פּוֹרְשֵׁי	dissenters of	פרש	strong	(פָּרַשׂ) to spread, stretch forth; (פָּרָשׁ
1	BOM	BOM helaman 4:12	עׇשְׁקָם	their oppressing	עשה	heuristic	(עָשָׂה) to do, make; (מַעֲשֶׂה) work, deed
1	BOM	BOM helaman 4:12	וּבְשָׁדְדָם	and in their plundering	שדד	heuristic	(שֹׁדֵד) robber; (שָׁדַד) to plunder, lay wa
1	BOM	BOM helaman 4:12	וּבְכַזְּבָם	and in their lying	כזב	heuristic	unto the liar
1	BOM	BOM helaman 4:12	וּבְגָנְבָם	and in their stealing	גנב	heuristic	steal
1	BOM	BOM helaman 4:12	וּבְנַאֲפָם	and in their committing adultery	נאפ	heuristic	commit adultery
1	BOM	BOM helaman 5:3	לְהִשָּׁלֵט	to be governed	שלט	strong	(שָׁלַט) to rule, have power; (שִׁלְטוֹן) po
1	BOM	BOM helaman 5:11	תְּנָאֵי	the conditions of	נאה	lamed-yod (yod hides the he)	(נָאוֶה) beautiful, comely, fitting; (נָאווּ
1	BOM	BOM helaman 6:11	אֻמָּנִים	craftsmen	אמנ	heuristic	trust
1	BOM	BOM helaman 6:11	וַיְזַקְּקוּם	and they refined them		(no analysis)	
1	BOM	BOM helaman 6:13	וְטָווּ	and spun	טוה	lamed-yod / III-he	spin
1	BOM	BOM helaman 6:13	מִפִּשְׁתָּן	from linen	נפש	heuristic	soul, self, life, appetite
1	BOM	BOM helaman 6:17	בְּעׇשְׁרֵי	with the riches of	עשר	strong	(עֶשֶׂר) ten; (עֶשְׂרִים) twenty; (עֹשֶׁר) r
1	BOM	BOM helaman 6:21	וְשׁוֹדֵיהֶם	and their robberies	שדה	heuristic	field, open country
1	BOM	BOM helaman 6:23	בְּנִגּוּד	in opposition	גוד	hollow (mater)	crowd upon
1	BOM	BOM helaman 6:31	תָּפַס	he seized	תפס	strong	seize
1	BOM	BOM helaman 7:15	וּמִשְׁתּוֹמְמִים	and are astonished		(no analysis)	
1	BOM	BOM helaman 7:25	וְהִתְחַבַּרְתֶּם	and you joined		(no analysis)	
1	BOM	BOM helaman 7:26	הִגְבִּיהָה	did exalt	גבה	lamed-yod (yod hides the he)	high
1	BOM	BOM helaman 9:14	וַנִּשְׁתּוֹמֵם	and we were astonished	שתמ	heuristic	unveil
1	BOM	BOM helaman 9:19	יַאֲשִׁימוּהוּ	they might condemn him		(no analysis)	
1	BOM	BOM helaman 9:20	קָשַׁרְתָּ	you made	קשר	strong	conspiracy
1	BOM	BOM helaman 9:30	כְּמִשְׁתּוֹמֵם	as overwhelmed		(no analysis)	
1	BOM	BOM helaman 9:33	וְיֶחֱוַר	and shall turn pale	חור	hollow (mater)	chosen
1	BOM	BOM helaman 12:2	וּלְאָשְׁרָם	and to their blessing	אשר	heuristic	(אֲשֶׁר) which, that, who; (אָשֵׁר) Asher; (
1	BOM	BOM helaman 12:2	שַׁלְוָתָם	their ease	יתמ	I-yod (vav for yod)	
1	BOM	BOM helaman 12:8	יִתְנוֹעֵעַ	it shall shake		(no analysis)	
1	BOM	BOM helaman 12:12	יִתְרוֹפְפוּ	they shall crumble	רפפ	heuristic	
1	BOM	BOM helaman 12:26	דִּרְאוֹן	contempt	דרא	heuristic	
1	BOM	BOM helaman 13:10	הַגְּמוּרָה	the utter	גמר	strong	to finish, complete
1	BOM	BOM helaman 13:10	בְּהַשְׁחָתַתְכֶם	in your destruction		(no analysis)	
1	BOM	BOM helaman 13:21	וְגַם־עׇשְׁרְכֶם	and also your riches	גממ	geminate	
1	BOM	BOM helaman 13:25	רוֹגְמִים	stoning	רגמ	heuristic	cast together
1	BOM	BOM helaman 13:26	וּתְגָרְשׁוּהוּ	and you drive him out	גרש	heuristic	(גֵּרֵשׁ) to drive out; (מִגְרָשׁ) pasture l
1	BOM	BOM helaman 13:28	וְתַלְבִּישׁוּהוּ	and you shall clothe him		(no analysis)	
1	BOM	BOM helaman 13:29	לְהוֹבִילְכֶם	to lead you		(no analysis)	
1	BOM	BOM helaman 13:32	שִׁמְמַתְכֶם	your desolation	יממ	heuristic	
1	BOM	BOM helaman 13:33	רָגַמְתִּי	I had stoned	רגמ	strong	cast together
1	BOM	BOM helaman 13:35	חָמְקוּ	slipped away	חמק	strong	wrap
1	BOM	BOM helaman 13:38	אׇשְׁרְכֶם	your happiness	אשר	heuristic	(אֲשֶׁר) which, that, who; (אָשֵׁר) Asher; (
1	BOM	BOM helaman 14:4	אֶת־זְרִיחַת	the rising of	זרח	strong	(זָרַח) to rise, shine; east; (זֶרַח) Zerah
1	BOM	BOM helaman 14:7	תִשְׁתּוֹמְמוּ	you shall be astonished		(no analysis)	
1	BOM	BOM helaman 14:11	אֶת־תְּנָאֵי	the conditions of	נאה	lamed-yod (yod hides the he)	(נָאוֶה) beautiful, comely, fitting; (נָאווּ
1	BOM	BOM helaman 14:18	אֶת־תְּנַאי	the condition of	נאה	lamed-yod (yod hides the he)	(נָאוֶה) beautiful, comely, fitting; (נָאווּ
1	BOM	BOM helaman 14:22	בִּנְקִיקִים	in cracks	נקק	heuristic	
1	BOM	BOM helaman 14:25	מִמֵּתֵיהֶם	of their dead	תהמ	strong	
1	BOM	BOM helaman 15:2	תִּכְבַּדְנָה	they shall be heavy	כבד	strong	(כָּבֵד) to be heavy; to honor; (כָּבוֹד) gl
1	BOM	BOM helaman 15:2	וְתֵעָזַבְנָה	and shall be left	עזב	strong	leave
1	BOM	BOM helaman 15:9	וּלְהֵהָרֵג	and to be slain	הרג	strong	be slain
1	BOM	BOM helaman 16:1	וּבְמָצְאָם	and when they found	מצא	heuristic	to find, discover, attain
1	BOM	BOM helaman 16:16	נָחֲשׁוּ	they guessed	נחש	strong	serpent
1	BOM	BOM jacob 1:4	וְאֶגַּע	and I shall touch upon	נגע	I-nun (dagesh)	(נָגַע) to touch; (נֶגַע) plague, stroke; (ה
1	BOM	BOM jacob 1:6	חֲזֹנוֹת	revelations	חזה	heuristic	seer
1	BOM	BOM jacob 1:19	נְלַמְּדֵם	we should teach them	למד	heuristic	(לָמַד) to learn, teach; (תַּלְמִיד) discipl
1	BOM	BOM jacob 2:2	וּלְנַקּוֹת	and to cleanse	קוה	lamed-yod / III-he	he hoped
1	BOM	BOM jacob 2:6	תַּדְאִיב	it shall grieve	דאב	strong	pine
1	BOM	BOM jacob 2:6	וְתַכְרִיעֵנִי	and causes me to shrink	כרע	strong	(כָּרַע) to bow, kneel
1	BOM	BOM jacob 2:13	מוּרָם	held high	רומ	hollow	be high
1	BOM	BOM jacob 2:19	וּלְהַאֲכִיל	and to feed	אכל	strong	(אָכַל) to eat, consume, devour; (מַאֲכָל) f
1	BOM	BOM jacob 2:19	וּלְשַׁחְרֵר	and to liberate		(no analysis)	
1	BOM	BOM jacob 2:20	הִתְגָּאִיתֶם	you were proud	גאה	heuristic	(גַּאֲוָה) pride; (גָּאָה) to be exalted
1	BOM	BOM jacob 4:13	דּוֹבֵר	speaks	דבר	strong	(דִּבֶּר) to speak; (דָּבָר) word, thing; (ד
1	BOM	BOM jacob 5:6	הָרָאשִׁי	the main	ראש	strong	(רֹאשׁ) head, chief; (רִאשׁוֹן) first; (רֵאש
1	BOM	BOM jacob 5:7	הָרָאשִׁיִּים	the main	ראש	heuristic	(רֹאשׁ) head, chief; (רִאשׁוֹן) first; (רֵאש
1	BOM	BOM jacob 5:8	מֵהָעֲנָפִים	of the branches	ענפ	heuristic	(עָנָף) branch
1	BOM	BOM jacob 5:27	נִזְמֹר	let us prune	זמר	strong	(זָמַר) to sing praise; (מִזְמוֹר) psalm; to
1	BOM	BOM jacob 5:44	אֶטַּע	I might plant	נטע	I-nun (dagesh)	pitched
1	BOM	BOM jacob 5:45	אֶת־עֲנָפָיו	its branches	ענפ	strong	(עָנָף) branch
1	BOM	BOM jacob 5:46	כׇּל־הַטִּפּוּחַ	all the care	טפח	strong	nourish
1	BOM	BOM jacob 5:52	וְנַרְכִּיבֵם	and graft them	רכב	heuristic	to ride; chariot
1	BOM	BOM jacob 5:52	וְנַרְכִּיב	and graft in	רכב	strong	to ride; chariot
1	BOM	BOM jacob 5:57	תַּרְכִּיבוּ	you shall graft	רכב	strong	to ride; chariot
1	BOM	BOM jacob 5:58	וּנְזַמֵּר	and we will trim up	זמר	strong	(זָמַר) to sing praise; (מִזְמוֹר) psalm; to
1	BOM	BOM jacob 5:63	הַרְכִּיבוּ	graft in	רכב	strong	to ride; chariot
1	BOM	BOM jacob 5:65	לַהַרְכָּבָה	for the graft	רכב	haqtalah	to ride; chariot
1	BOM	BOM jacob 5:65	הַהַרְכָּבָה	the graft	רכב	haqtalah	to ride; chariot
1	BOM	BOM jacob 5:66	אֶטַאֲטֵא	will I sweep away	טאטא	heuristic	broom of
1	BOM	BOM jacob 5:68	אֲחַבְּרֵם	will I join them	חבר	heuristic	(חָבַר) to join, unite; (חָבֵר) companion; (
1	BOM	BOM jacob 6:4	גַּם־שָׁרָשִׁים	both roots	גממ	geminate	
1	BOM	BOM jacob 6:4	גַּם־עֲנָפִים	and branches	גממ	geminate	
1	BOM	BOM jacob 6:7	טֻפַּחְתֶּם	you have been nourished	טפח	heuristic	nourish
1	BOM	BOM jacob 6:8	וּתְכַבּוּ	and would quench	כבה	lamed-yod / III-he	to be quenched, extinguish
1	BOM	BOM jacob 6:10	לְהִכָּחֵשׁ	to be denied	כחש	strong	denies
1	BOM	BOM jacob 7:5	הַחֲזֹנוֹת	the revelations	חזה	heuristic	seer
1	BOM	BOM jacob 7:7	וְהִתְעֵיתָ	and you have led away	תעה	lamed-yod (yod hides the he)	(תָּעָה) to wander, go astray; deceive
1	BOM	BOM jacob 7:9	אַכְחִישֶׁנּוּ	deny Him	כחש	strong	denies
1	BOM	BOM jarom 1:7	וַנִּטְאֲטֵאנוּם	and we swept them away		(no analysis)	
1	BOM	BOM jarom 1:8	וַנִּרֶב	and we multiplied	רבה	lamed-yod / III-he	(רָבָה) to multiply, increase, much; (רַבִּי
1	BOM	BOM mormon 1:3	אֶת־כׇּל־הַחֲקוּקוֹת	all the engravings	חקק	strong	(חֹק) statute, law; (חָקַק) to inscribe, dec
1	BOM	BOM mormon 1:16	מִלְּהַטִּיף	that I should preach		(no analysis)	
1	BOM	BOM mormon 1:18	חַלְקְלַקִּים	slippery		(no analysis)	
1	BOM	BOM mormon 2:20	וַיֻּצְּדוּ	were hunted	צוד	hollow	to hunt; stronghold, fortress
1	BOM	BOM mormon 2:23	וָאֲעוֹרְרֵם	and did urge them	ערר	heuristic	(מְעָרָה) cave; (עֲרִירִי) childless
1	BOM	BOM mormon 4:18	לְהִמָּחוֹת	to be swept off	חות	hollow (mater)	[object Object]
1	BOM	BOM mormon 5:1	עׇזְרָם	help them	עזר	heuristic	help
1	BOM	BOM mormon 5:5	וּכְרָכֵיהֶם	and their towns	כרכ	heuristic	
1	BOM	BOM mormon 5:8	לְהַכְאִיב	to harrow up	כאב	strong	(מַכְאוֹב) pain, sorrow; (כָּאַב) to be in p
1	BOM	BOM mormon 5:9	אֵעֵז	daring	עוז	hollow	(עֹז) strength; (הֵעֵז) to dare; take refuge
1	BOM	BOM mormon 5:14	בַּהֲשָׁבַת	in restoring	שבת	strong	to cease, rest; Sabbath
1	BOM	BOM mormon 5:16	לְהֵאָבֵק	to strive	אבק	strong	dust
1	BOM	BOM mormon 5:18	כׇּאֳנִי	as a vessel	נכא	I-nun (dagesh)	smite
1	BOM	BOM mormon 5:18	הַמִּטַּלְטֶלֶת	that is tossed		(no analysis)	
1	BOM	BOM mormon 5:18	עֹגֶן	anchor	עגנ	strong	debar
1	BOM	BOM mormon 6:8	הֲמוֹנָם	their numbers	נומ	hollow	slumber
1	BOM	BOM mormon 6:15	לְהֵרָקֵב	to molder	רקב	strong	rot, decay
1	BOM	BOM mormon 6:15	וּלְהִתְפּוֹרֵר	and to crumble	פרר	strong	(פַּר) bullock; (פָּרַר) to break, annul
1	BOM	BOM mormon 6:18	אׇבְדַנְכֶם	your loss	אבד	heuristic	(אָבַד) to perish, be lost; (אׇבְדָן) loss, 
1	BOM	BOM mormon 6:21	הַנִּרְקָבוֹת	which are moldering	רקב	strong	rot, decay
1	BOM	BOM mormon 7:5	וְגַם־בּוֹ	and also in him	גממ	geminate	
1	BOM	BOM mormon 7:7	לְשׁוֹרֵר	to sing	שרר	strong	(שַׂר) prince, captain; (שָׂרַר) to rule
1	BOM	BOM mormon 7:10	נִמְנִיתֶם	you are numbered	מנה	heuristic	(מָנָה) to count, number, appoint; (מִנְיָן)
1	BOM	BOM mormon 8:20	וְגַם־הַנָּקָם	and vengeance is	גממ	geminate	
1	BOM	BOM mormon 8:22	תִּתְגַּלְגַּלְנָה	shall roll on	גלגל	heuristic	(גִּלְגָּל) Gilgal — where Israel first camp
1	BOM	BOM mormon 8:24	לְהָעְתִיק	remove	עתק	strong	remove
1	BOM	BOM mormon 8:38	הַנִּרְקָב	that which will canker	רקב	strong	rot, decay
1	BOM	BOM mormon 8:39	וְתַנִּיחוּ	and yet suffer	נוח	hollow (mater)	(נוּחַ) to rest; (מָנוֹחַ) resting place; Ma
1	BOM	BOM mormon 9:3	פְּרַעְתֶּם	you have abused	פרע	heuristic	(פָּרַע) to let loose
1	BOM	BOM mormon 9:4	מִלָּשֶׁבֶת	than you would to dwell	שבת	strong	to cease, rest; Sabbath
1	BOM	BOM mormon 9:8	הַמְּכַחֵשׁ	he that denies	כחש	strong	denies
1	BOM	BOM mormon 9:10	הַמִּשְׁתַּנֶּה	who varies	מוש	hollow	(מוּשׁ) to depart; to feel
1	BOM	BOM mormon 9:20	וְיִסְטוּ	and depart	סטה	heuristic	
1	BOM	BOM mormon 9:32	דִּבּוּרֵנוּ	our speech	דבר	strong	(דִּבֶּר) to speak; (דָּבָר) word, thing; (ד
1	BOM	BOM moroni 1:1	יַשְׁמִידוּנִי	they should destroy me	שמד	heuristic	be destroyed
1	BOM	BOM moroni 7:3	הִשַּׂגְתֶּם	have obtained	נשג	heuristic	(הִשִּׂיג) to reach, obtain, attain
1	BOM	BOM moroni 7:19	תַרְשִׁיעוּהוּ	condemn it		(no analysis)	
1	BOM	BOM moroni 7:31	שׇׁרְתָם	their ministry	רתמ	strong	yoke up
1	BOM	BOM moroni 7:39	עַנְוַתְכֶם	your meekness	עינ	heuristic	fountain
1	BOM	BOM moroni 7:41	תְּקוּמָתוֹ	his resurrection	קומ	hollow (mater)	rise
1	BOM	BOM moroni 8:4	הַמַּכְאִיב	which grieveth	כאב	strong	(מַכְאוֹב) pain, sorrow; (כָּאַב) to be in p
1	BOM	BOM moroni 8:26	שֹׁקֶדֶת	by diligence	שקד	strong	(שָׁקַד) to watch; (שָׁקֵד) almond
1	BOM	BOM moroni 8:30	עַד־אֶפְגָּשְׁךָ	until I meet you	עוד	hollow	(עוֹד) again, still, yet
1	BOM	BOM moroni 9:2	וְגַם־לוּרָם	and also Luram	גממ	geminate	
1	BOM	BOM moroni 9:6	נוּבָא	we should be brought	נבא	strong	(נִבָּא) to prophesy; (נְבוּאָה) prophecy
1	BOM	BOM moroni 9:16	יִתְעַלַּפְנָה	do faint	עלה	heuristic	(עָלָה) to go up, ascend; (עֹלָה) burnt offe
1	BOM	BOM moroni 9:16	וַתָּמֹתְנָה	and die	יתמ	I-yod (vav for yod)	
1	BOM	BOM mosiah 1:6	אֶת־אֲמִתָּתָם	their sureness	אמנ	heuristic	trust
1	BOM	BOM mosiah 1:7	לְחָפְשָׂם	to search them	חפש	heuristic	(חׇפְשִׁי) free, at liberty; (חִפֵּשׂ) to se
1	BOM	BOM mosiah 1:7	תּוֹעִילוּ	you may profit	יעל	I-yod (vav for yod)	(יָעֵל) Jael; (הוֹעִיל) to profit
1	BOM	BOM mosiah 1:10	הַכְרָזָה	a proclamation	רזה	strong	proclamation
1	BOM	BOM mosiah 1:10	אַכְרִיז	I shall proclaim	כרז	heuristic	(הִכְרִיז) to proclaim
1	BOM	BOM mosiah 1:13	יִמְסְרֵם	he shall deliver them up	מסר	heuristic	(מָסַר) to deliver, commit
1	BOM	BOM mosiah 1:16	וּשְׁקִידָתוֹ	and diligence	שקד	strong	(שָׁקַד) to watch; (שָׁקֵד) almond
1	BOM	BOM mosiah 2:15	אַאֲשִׁימְכֶם	I might accuse you	אשמ	heuristic	be guilty
1	BOM	BOM mosiah 2:30	רוֹעֶדֶת	trembles	רעד	strong	tremble
1	BOM	BOM mosiah 3:19	לִמְשִׁיכוֹת	to the enticings of	שוכ	hollow (mater)	entwine
1	BOM	BOM mosiah 3:19	סַבְלָן	patient	סבל	heuristic	(סָבַל) to bear, suffer; (סַבְלָן) patient
1	BOM	BOM mosiah 3:19	לְהַטִּיל	to inflict	טול	hollow (mater)	cast
1	BOM	BOM mosiah 4:5	אֶת־אַפְסוּתְכֶם	your nothingness	אפס	heuristic	(אֶפֶס) end, nothing; except
1	BOM	BOM mosiah 4:8	תְּנָאִים	conditions	נאמ	strong	whisper
1	BOM	BOM mosiah 4:8	הַתְּנָאִים	the conditions	נאמ	strong	whisper
1	BOM	BOM mosiah 4:11	וּטְעַמְתֶּם	and have tasted	טעמ	heuristic	taste
1	BOM	BOM mosiah 4:11	וְאַפְסוּתְכֶם	and your own nothingness	אפס	heuristic	(אֶפֶס) end, nothing; except
1	BOM	BOM mosiah 4:14	וּלְהִתְקוֹטֵט	and quarrel		(no analysis)	
1	BOM	BOM mosiah 4:17	עֳנָשָׁיו	his punishments	ענש	strong	punishment
1	BOM	BOM mosiah 4:22	וּתְחַיְּבוּ	and condemn	חוב	hollow (mater)	(חַיָּב) bound, in danger; debt
1	BOM	BOM mosiah 4:26	לְהַאֲכִיל	such as feeding	כול	hollow (mater)	(כִּלְכֵּל) to contain, support
1	BOM	BOM mosiah 4:27	בַּשָּׂכָר	the prize	שכר	strong	(שָׂכָר) hire, reward, wages; (שֵׁכָר) stron
1	BOM	BOM mosiah 4:29	וְאֶמְצָעִים	and means	מצה	heuristic	suck
1	BOM	BOM mosiah 7:1	בְּהַפְצָרָתָם	with their importunings	פצר	heuristic	peck at
1	BOM	BOM mosiah 7:6	וְחֵם	and Hem	יחמ	I-yod (vav for yod)	conceive
1	BOM	BOM mosiah 7:10	הֵעַזְתֶּם	you have dared	עזז	heuristic	(עֹז) strength, might; (עַז) strong, fierce
1	BOM	BOM mosiah 7:17	כָּרוֹז	a proclamation	רוה	heuristic	slake
1	BOM	BOM mosiah 7:22	וּשְׂעוֹרָתֵנוּ	and our barley	עור	hollow (mater)	(עוֹר) skin; (עוּר) to awake
1	BOM	BOM mosiah 8:19	וְהָאוּרִים וְהַתֻּמִּים	and the interpreters		(no analysis)	
1	BOM	BOM mosiah 8:21	הַבּוֹרֵחַ	which flees	ירח	I-yod (vav for yod)	moon
1	BOM	BOM mosiah 9:0	כּוֹלֵל	comprising	ילל	I-yod (vav for yod)	to howl, wail
1	BOM	BOM mosiah 9:0	פרקים	chapters	פרק	heuristic	chapters
1	BOM	BOM mosiah 9:0	ט	9		(no analysis)	
1	BOM	BOM mosiah 9:9	וְנֵעַס	and neas	עסה	lamed-yod / III-he	
1	BOM	BOM mosiah 9:9	וְשֵׁאוּם	and sheum	נומ	I-nun (dagesh)	slumber
1	BOM	BOM mosiah 9:11	שִׁבְתֵּנוּ	we had dwelt	נתנ	I-nun (dagesh)	put
1	BOM	BOM mosiah 9:11	לְהִדָּאֵג	to grow uneasy	דאג	strong	(דָּאַג) to worry, be anxious; care
1	BOM	BOM mosiah 9:18	גֵּרַשְׁנוּם	we had driven them		(no analysis)	
1	BOM	BOM mosiah 10:5	לִטְווֹת	to spin	טוה	lamed-yod / III-he	spin
1	BOM	BOM mosiah 10:8	חֲגוֹרַת	a girdle of	חגר	strong	(חָגַר) to gird, gird on
1	BOM	BOM mosiah 10:15	בְּהַגִּיעָם	when they had arrived	נגע	heuristic	(נָגַע) to touch; (נֶגַע) plague, stroke; (ה
1	BOM	BOM mosiah 10:20	סָפַרְנוּם	we numbered them		(no analysis)	
1	BOM	BOM mosiah 11:7	נִפְתּוּ	they were deceived	נפת	strong	height
1	BOM	BOM mosiah 11:10	אֶת־אֻמָּנָיו	his workmen	מנה	lamed-yod (yod hides the he)	(מָנָה) to count, number, appoint; (מִנְיָן)
1	BOM	BOM mosiah 11:16	וּבְרָעוֹתָם	and while they were tending	רעע	heuristic	(רַע) evil, bad; (רָעָה) wickedness; (רָעַע)
1	BOM	BOM mosiah 12:6	וְגַם־יֻכּוּ	and they shall also be smitten	גממ	geminate	
1	BOM	BOM mosiah 12:12	וַיִּתְיַמֵּר	and he pretends	תמר	strong	palm
1	BOM	BOM mosiah 12:25	וּמִתְיַמְּרִים	and pretend	תמר	heuristic	palm
1	BOM	BOM mosiah 12:26	עִקַּשְׁתֶּם	you have perverted	עקש	heuristic	(עִקֵּשׁ) perverse
1	BOM	BOM mosiah 12:27	הִשְׂכַּלְתֶּם	been wise	שכל	heuristic	(שֵׂכֶל) insight, understanding; (שָׂכַל) to
1	BOM	BOM mosiah 12:29	וּתְבַלּוּ	and spend	תבל	strong	world
1	BOM	BOM mosiah 12:31	הֲתָבֹא	does come	בוא	hollow	(בּוֹא) to come, enter; (הֵבִיא) to bring
1	BOM	BOM mosiah 14:3	וּכְמַסְתִּירִים	and as those who hide		(no analysis)	
1	BOM	BOM mosiah 14:7	אִלֶּמֶת	is dumb	אלמ	strong	tie
1	BOM	BOM mosiah 15:5	לְהֵלָעֵג	to be mocked	לעג	strong	be mocked
1	BOM	BOM mosiah 15:5	וּלְהִכָּחֵשׁ	and disowned	כחש	strong	denies
1	BOM	BOM mosiah 15:23	פְּדָאָם	has redeemed them	פדה	heuristic	redeemed
1	BOM	BOM mosiah 16:11	בְּהִמָּסְרָם	being delivered up	מסר	heuristic	(מָסַר) to deliver, commit
1	BOM	BOM mosiah 17:18	תְּצֻדוּ	you shall be hunted	צוד	hollow	to hunt; stronghold, fortress
1	BOM	BOM mosiah 18:2	וּתְקוּמָתוֹ	and resurrection	קומ	hollow (mater)	rise
1	BOM	BOM mosiah 18:4	לִזְמַנִּים	at seasons	זמנ	heuristic	(זְמָן) time, appointed season; (הִזְמִין) t
1	BOM	BOM mosiah 18:17	כׇל־הַנִּטְבָּל	whosoever was baptized	טבל	strong	be baptized
1	BOM	BOM mosiah 18:28	הַנִּצְרָכִים	that stood in need		(no analysis)	
1	BOM	BOM mosiah 19:16	הַנִּשְׁבִּים	those who were taken captive	נשב	heuristic	returned we
1	BOM	BOM mosiah 20:2	וַתִּקָּהֵלְנָה	and gathered together	קהל	strong	(קָהָל) assembly, congregation; (קְהִלָּה) c
1	BOM	BOM mosiah 20:5	מִסְתָּרָם	their secret places	סתר	heuristic	to hide, conceal; secret
1	BOM	BOM mosiah 20:8	אֶת־כׇּל־הֲכָנָתָם	all their preparations	תמה	lamed-yod / III-he	to be astonished, amazed
1	BOM	BOM mosiah 20:13	נְמִיתֵהוּ	let us slay him	מות	hollow (mater)	to die; death
1	BOM	BOM mosiah 20:22	נַשְׁקִיטָה	let us pacify	שקט	strong	(שָׁקַט) to be quiet, at rest
1	BOM	BOM mosiah 20:22	נַשְׁבִּית	let us put a stop	שבה	lamed-yod (yod hides the he)	to take captive; captivity
1	BOM	BOM mosiah 21:10	וַתִּזְעַקְנָה	and they did cry	זעק	strong	cry out!
1	BOM	BOM mosiah 21:13	וּלְהַסִּיעָם	and to be driven		(no analysis)	
1	BOM	BOM mosiah 21:21	לְהַעֲנִישָׁם	to punish them	ענש	heuristic	punishment
1	BOM	BOM mosiah 21:34	וַיְחַכּוּ	waiting	חכה	lamed-yod / III-he	he waited
1	BOM	BOM mosiah 21:35	וְסִפּוּר	and an account of	ספר	strong	(סִפֵּר) to tell, recount; (סָפַר) to count;
1	BOM	BOM mosiah 23:12	עֻשַּׁקְתֶּם	you have been oppressed	עשה	heuristic	(עָשָׂה) to do, make; (מַעֲשֶׂה) work, deed
1	BOM	BOM mosiah 23:12	נֶאֱסַרְתֶּם	you were bound	אסר	heuristic	(אָסַר) to bind; forbid; (אֲסוּרִים) prison,
1	BOM	BOM mosiah 24:14	וְגַם־אָקֵל	and I will also ease	גממ	geminate	
1	BOM	BOM mosiah 26:11	וַיַּאֲשִׁימוּם	are accused		(no analysis)	
1	BOM	BOM mosiah 26:11	הֲבִיאוֹנוּם	we have brought them		(no analysis)	
1	BOM	BOM mosiah 26:37	בִּזְהִירוּת	circumspectly	זהר	strong	(הִזְהִיר) to warn, admonish, exhort; (זֹהַר
1	BOM	BOM mosiah 27:1	וּלְהִתְאוֹנֵן	and complain	אננ	strong	complain
1	BOM	BOM mosiah 27:6	לְהִתְפַּזֵּר	to scatter abroad	פזר	strong	scatter
1	BOM	BOM mosiah 27:13	אֲקִימֶנָּה	will establish it	קומ	hollow (mater)	rise
1	BOM	BOM mosiah 27:19	נְשָׂאֻהוּ	and he was taken	נשא	strong	(נָשָׂא) to lift, carry, bear; (נָשִׂיא) pri
1	BOM	BOM mosiah 27:23	צוּמָם	they had fasted	צממ	strong	
1	BOM	BOM mosiah 27:24	וּפְדָאַנִי	and have been redeemed by	פדה	heuristic	redeemed
1	BOM	BOM mosiah 27:25	לְהֵהָפֵךְ	turning from	הפכ	strong	turn
1	BOM	BOM mosiah 29:7	וּלְעַקֵּשׁ	and to pervert	עקש	strong	(עִקֵּשׁ) perverse
1	BOM	BOM mosiah 29:8	וְנִתְבּוֹנְנָה	and consider	תבנ	strong	material
1	BOM	BOM mosiah 29:32	יֵהָנֶה	shall enjoy	הנה	strong	(הִנֵּה) behold, here, look; (הֵנָּה) these,
1	BOM	BOM mosiah 29:36	וְהַשְּׁלִילוֹת	and the plunderings	שלל	strong	(שָׁלָל) spoil, prey
1	BOM	BOM mosiah 28:2	מִשִּׂנְאָתָם	of their hatred	שנה	heuristic	year; to change
1	BOM	BOM omni 1:11	הַנִּכְתָּב	that which is written	כתב	strong	(כָּתַב) to write; (כְּתָב) writing, record,
1	OT	OT 1ch 2:16	וְאַחְיֹתֵיהֶם	and-their-sisters	חיה	heuristic	(חַי) living; (חָיָה) to live; (תְּחִיָּה) r
1	OT	OT 1ch 12:41	וְצִמּוּקִים	and-bunches-of-raisins	צמק	heuristic	dry up
1	OT	OT 1ch 13:12	הֵיךְ	how	הוכ	hollow (mater)	go
1	OT	OT 1ch 23:29	וְלַמֻּרְבָּכֶת	and-for-that-which-is-fried	רבכ	strong	soak
1	OT	OT 1ch 28:17	וְהַמִּזְלָגוֹת	and-the-forks	זלג	strong	
1	OT	OT 1ki 3:26	גַם־לָךְ	also for you	גממ	geminate	
1	OT	OT 1ki 6:18	פְּקָעִים	gourds	פקע	heuristic	semi-globe
1	OT	OT 1ki 6:25	וְקֶצֶב	and a shape	קצב	strong	clip
1	OT	OT 1ki 6:35	עַל־הַמְּחֻקֶּה	upon the carved work	עלה	lamed-yod / III-he	(עָלָה) to go up, ascend; (עֹלָה) burnt offe
1	OT	OT 1ki 7:24	וּפְקָעִים	and gourds	פקע	heuristic	semi-globe
1	OT	OT 1ki 7:24	הַפְּקָעִים	the gourds	פקע	heuristic	semi-globe
1	OT	OT 1ki 7:29	וְעַל־הַשְׁלַבִּים	and upon the cross bars	יעל	I-yod (vav for yod)	(יָעֵל) Jael; (הוֹעִיל) to profit
1	OT	OT 1ki 7:33	וְחִשֻּׁרֵיהֶם	and their hubs	חשר	heuristic	combined
1	OT	OT 1ki 7:37	קֶצֶב	a shape	קצב	strong	clip
1	OT	OT 1ki 7:46	בְּמַעֲבֵה	in the mold of	עבה	strong	be dense
1	OT	OT 1ki 9:26	וׇאֳנִי	and a ship	אנה	lamed-yod (yod hides the he)	ship; whither?
1	OT	OT 1ki 9:27	בׇּאֳנִי	in the ships	נבא	I-nun (dagesh)	(נִבָּא) to prophesy; (נְבוּאָה) prophecy
1	OT	OT 1ki 10:12	הָאַלְמֻגִּים	the almug		(no analysis)	
1	OT	OT 1ki 12:12	וַיָּבוֹ	and come	יבב	geminate	bawl
1	OT	OT 1ki 12:33	אֲשֶׁר־בָּדָא	which he had devised	אשר	strong	(אֲשֶׁר) which, that, who; (אָשֵׁר) Asher; (
1	OT	OT 1ki 18:21	עַל־שְׁתּי	upon the two	עלה	lamed-yod / III-he	(עָלָה) to go up, ascend; (עֹלָה) burnt offe
1	OT	OT 1ki 18:46	וַיְשַׁנֵּס	and he girded up	שנס	strong	compress
1	OT	OT 1ki 20:33	וַיַּחְלְטוּ	and they caught	חלט	strong	snatch at
1	OT	OT 1sa 2:13	וְהַמַּזְלֵג	with-the-fork-of	זלג	strong	
1	OT	OT 1sa 2:14	הַמַּזְלֵג	the-fork	זלג	strong	
1	OT	OT 1sa 2:15	לִצְלוֹת	for-roasting	צול	hollow	
1	OT	OT 1sa 2:29	תִבְעֲטוּ	do-you-kick	בעט	strong	trample
1	OT	OT 1sa 2:33	וְלַאֲדִיב	and-to-grieve	דוב	hollow (mater)	mope
1	OT	OT 1sa 5:9	וַיִּשָּׂתְרוּ	and-they-were-struck	שתר	strong	break out
1	OT	OT 1sa 6:12	וְגָעוֹ	and-lowing	יגע	I-yod (vav for yod)	to labour, toil, grow weary
1	OT	OT 1sa 8:8	גַּם־לָךְ	also-for-you	גממ	geminate	
1	OT	OT 1sa 9:22	כִּשְׁלֹשִׁם	about-thirty	שלש	heuristic	(שָׁלֹשׁ) three; (שְׁלֹשִׁים) thirty
1	OT	OT 1sa 13:6	וּבַצְּרִחִים	and-in-strongholds	צרח	heuristic	be clear
1	OT	OT 1sa 13:20	וְאֶת־אֵתוֹ	and-his-mattock	אתה	lamed-yod / III-he	you
1	OT	OT 1sa 13:21	וְלָאֵתִים	and-for-the-mattocks	אתה	heuristic	you
1	OT	OT 1sa 13:21	הַדָּרְבָן	the-goad	דרב	heuristic	
1	OT	OT 1sa 15:32	מַעֲדַנֹּת	delicately	עדנ	strong	be soft
1	OT	OT 1sa 15:33	וַיְשַׁסֵּף	and-hewed-in-pieces	שספ	strong	cut in pieces
1	OT	OT 1sa 24:12	צֹדֶה	hunt	צדה	strong	provisions
1	OT	OT 1sa 26:7	מְעוּכָה־בָאָרֶץ	stuck-in-the-ground	מעכ	strong	press
1	OT	OT 1sa 28:9	מִתְנַקֵּשׁ	lay-a-snare	נקש	strong	entrap
1	OT	OT 1sa 28:24	וַתָּלָשׁ	and-she-kneaded-it	לוש	hollow	knead
1	OT	OT 1sa 30:12	דְּבֵלָה	a-cake-of-figs	דבל	strong	
1	OT	OT 2ch 2:7	וְאַלְגּוּמִּים	and algum		(no analysis)	
1	OT	OT 2ch 4:16	וְאֶת־הַמִּזְלָגוֹת	and the forks	זלג	strong	
1	OT	OT 2ch 9:10	אַלְגּוּמִּים	algum		(no analysis)	
1	OT	OT 2ch 9:11	הָאַלְגּוּמִּים	the algum		(no analysis)	
1	OT	OT 2ch 9:11	כָהֵם	like them	המה	lamed-yod / III-he	(הֵמָּה) they, them; (הָמוֹן) multitude; (הָ
1	OT	OT 2ch 14:14	וְגַם־אׇהֳלֵי	and also the tents of	גממ	geminate	
1	OT	OT 2ch 16:12	וְגַם־בְּחׇלְיוֹ	and also in his sickness	גממ	geminate	
1	OT	OT 2ch 35:5	לִפְלוּגֹּת	according to the divisions of	פלג	strong	(פֶּלֶג) stream; Peleg; (פִּלֵּג) to divide
1	OT	OT 2ch 36:16	מַלְעִבִים	deriding	עבה	heuristic	be dense
1	OT	OT 2ch 36:16	וּמִתַּעְתְּעִים	and mocking		(no analysis)	
1	OT	OT 2ch 36:17	וְיָשֵׁשׁ	and the decrepit	ישש	I-yod (vav for yod)	gray-haired
1	OT	OT 2ki 4:35	וַיְזוֹרֵר	and he sneezed	זרר	strong	sneeze
1	OT	OT 2ki 4:39	פַּקֻּעֹת	gourds of	פקע	strong	semi-globe
1	OT	OT 2ki 6:6	וַיִּקְצׇב־עֵץ	and he cut off a tree	קצב	strong	clip
1	OT	OT 2ki 8:2	וַתָּגׇר	and she sojourned	גור	hollow	(גּוּר) to sojourn; (גֵּר) sojourner, strang
1	OT	OT 2ki 9:25	שָׁלִשֹׁה	his captain	שלש	strong	(שָׁלֹשׁ) three; (שְׁלֹשִׁים) thirty
1	OT	OT 2ki 10:22	עַל־הַמֶּלְתָּחָה	upon the wardrobe	עלה	lamed-yod / III-he	(עָלָה) to go up, ascend; (עֹלָה) burnt offe
1	OT	OT 2ki 13:23	וַיָּחׇן	and shall be gracious	חנה	lamed-yod / III-he	camp
1	OT	OT 2ki 17:9	וַיְחַפְּאוּ	and they fabricated	חפא	strong	cover
1	OT	OT 2ki 17:15	כָּהֶם	like them	המה	lamed-yod / III-he	(הֵמָּה) they, them; (הָמוֹן) multitude; (הָ
1	OT	OT 2ki 23:4	בְּשַׁדְמוֹת	in the fields of	שדמ	strong	
1	OT	OT 2sa 5:2	וְהַמֵּבִי	and-brought-in	ביי	hollow (yod)	
1	OT	OT 2sa 5:8	בַּצִּנּוֹר	to-the-aqueduct	צנר	strong	
1	OT	OT 2sa 12:8	כָּהֵנָּה	as-much	נכה	I-nun (dagesh)	to strike, smite, defeat
1	OT	OT 2sa 15:30	יָחֵף	barefoot	יחפ	strong	unsandalled
1	OT	OT 2sa 16:1	צִמּוּקִים	bunches-of-raisins	צמק	heuristic	dry up
1	OT	OT 2sa 17:10	גַם־בֶּן־חַיִל	even-a-warrior	גממ	geminate	
1	OT	OT 2sa 17:19	הָרִפוֹת	ground-corn	רפה	lamed-yod / III-he	to sink, relax, grow slack; to fail
1	OT	OT 2sa 21:6	וְהוֹקַעֲנוּם	and-we-will-hang-them-up		(no analysis)	
1	OT	OT 2sa 21:9	וַיֹּקִיעֻם	and-they-hanged-them	יקע	heuristic	sever
1	OT	OT 2sa 21:13	הַמּוּקָעִים	them-that-were-hanged		(no analysis)	
1	OT	OT 2sa 22:5	אֲפָפֻנִי	compassed-me	אפפ	strong	surround
1	OT	OT 2sa 22:48	וּמֹרִיד	and-that-brings-down	רוד	hollow (mater)	tramp about
1	OT	OT 2sa 24:6	חׇדְשִׁי	hodshi	חדש	strong	(חָדָשׁ) new; (חֹדֶשׁ) month, new moon
1	OT	OT amo 2:1	לַשִּׂיד	into the lime	לשד	strong	vigor
1	OT	OT amo 2:13	מֵעִיק	am pressed	עוק	hollow (mater)	pack
1	OT	OT amo 2:13	תָּעִיק	is pressed	עוק	hollow (mater)	pack
1	OT	OT amo 5:9	הַמַּבְלִיג	that strengtheneth	בלג	strong	break off
1	OT	OT amo 5:11	בּוֹשַׁסְכֶם	your treading is	בשס	heuristic	trample down
1	OT	OT amo 6:7	מִרְזַח	the revelry of	רזח	strong	
1	OT	OT amo 7:14	וּבוֹלֵס	and a gatherer of	בלס	strong	pinch sycamore figs
1	OT	OT amo 9:6	מַעֲלוֹתָו	his stories	עלה	lamed-yod (vav form)	(עָלָה) to go up, ascend; (עֹלָה) burnt offe
1	OT	OT dan 9:24	נֶחְתַּךְ	it has been decreed	חתכ	strong	cut off
1	OT	OT dan 10:11	עַל־עׇמְדֶךָ	upright	עלה	lamed-yod / III-he	(עָלָה) to go up, ascend; (עֹלָה) burnt offe
1	OT	OT dan 10:17	וְהֵיךְ	and how	הוכ	hollow (mater)	go
1	OT	OT dan 11:24	יִבְזוֹר	he will scatter	בזר	strong	to disperse
1	OT	OT dan 11:30	וְנִכְאָה	and he will be disheartened	נכא	strong	smite
1	OT	OT dan 11:43	בְּמִכְמַנֵּי	over the treasures of	כמנ	strong	'cummin'
1	OT	OT dan 12:2	לְדִרְאוֹן	to abhorrence of	דרא	heuristic	
1	OT	OT deu 1:12	טׇרְחֲכֶם	your trouble	טרח	heuristic	overburden
1	OT	OT deu 6:8	לְטֹטָפֹת	for frontlets	טטפ	strong	
1	OT	OT deu 6:9	עַל־מְזֻזוֹת	upon the doorposts of	עלה	lamed-yod / III-he	(עָלָה) to go up, ascend; (עֹלָה) burnt offe
1	OT	OT deu 7:13	שְׁגַר־אֲלָפֶיךָ	the young of your cattle	שגר	strong	fœtus
1	OT	OT deu 8:4	בָצֵקָה	it swelled	בצק	strong	swell up
1	OT	OT deu 8:15	הַחַלָּמִישׁ	the flint	חלמש	heuristic	
1	OT	OT deu 11:18	לְטוֹטָפֹת	for frontlets	טטפ	strong	
1	OT	OT deu 12:30	פֶּן־תִּנָּקֵשׁ	lest you should be ensnared	פנה	lamed-yod / III-he	face, presence; to turn
1	OT	OT deu 14:17	וְהַקָּאָת	and the desert owl	קאת	strong	pelican
1	OT	OT deu 15:17	אֶת־הַמַּרְצֵעַ	the awl	רצע	strong	pierce
1	OT	OT deu 18:3	וְהַקֵּבָה	and the stomach	נקב	haqtalah (I-nun)	(נְקֵבָה) female; (נָקַב) to designate, pier
1	OT	OT deu 24:20	תַחְבֹּט	you will beat	חבט	strong	knock
1	OT	OT deu 25:18	כׇּל־הַנֶּחֱשָׁלִים	all the stragglers		(no analysis)	
1	OT	OT deu 26:2	בַטֶּנֶא	in the basket	טנא	strong	basket
1	OT	OT deu 26:4	הַטֶּנֶא	the basket	טנא	strong	basket
1	OT	OT deu 27:9	הַסְכֵּת	keep silent	סכת	strong	observe quietly
1	OT	OT deu 28:22	בַּשַּׁחֶפֶת	with the consumption	שחפ	strong	gull
1	OT	OT deu 28:27	וּבַגָּרָב	and with the eczema	גרב	strong	scurf
1	OT	OT deu 28:63	וְנִסַּחְתֶּם	and you will be torn away	נסה	heuristic	(נִסָּה) to prove, try, tempt; (נִסָּיוֹן) t
1	OT	OT deu 28:66	תְּלֻאִים	hung up	לאמ	strong	community
1	OT	OT deu 32:11	יְרַחֵף	it hovers	רחפ	strong	brood
1	OT	OT deu 32:13	מֵחַלְמִישׁ	from flint of	חלמש	heuristic	
1	OT	OT deu 32:15	וַיִּבְעָט	and kicked out	בעט	strong	trample
1	OT	OT deu 32:15	עָבִיתָ	you became obese	עבה	lamed-yod (yod hides the he)	be dense
1	OT	OT deu 32:24	מְזֵי	people weakened of	מזה	lamed-yod (yod hides the he)	exhausted
1	OT	OT deu 32:24	וְקֶטֶב	and destruction	קטב	strong	ruin
1	OT	OT deu 32:24	זֹחֲלֵי	things which crawl of	זחל	strong	crawl
1	OT	OT deu 32:32	וּמִשַּׁדְמֹת	and from the terraced fields of	שדמ	strong	
1	OT	OT deu 32:34	כָּמֻס	stored up	כמס	strong	store away
1	OT	OT deu 33:22	יְזַנֵּק	he leaps forth	זנק	strong	draw together the feet
1	OT	OT deu 33:25	דׇּבְאֶךָ	your strength	דבא	heuristic	quiet
1	OT	OT ecc 3:7	לִתְפּוֹר	to sew	פור	hollow (mater)	crush
1	OT	OT ecc 4:6	חׇפְנַיִם	two hands	חפפ	heuristic	cover
1	OT	OT ecc 6:9	מֵהֲלׇךְ־נָפֶשׁ	than the wandering of desire	הלכ	strong	walk
1	OT	OT ecc 9:1	וְלָבוּר	and to make clear	בור	hollow (mater)	bore
1	OT	OT ecc 10:1	זְבוּבֵי	flies of	זבב	strong	
1	OT	OT ecc 10:8	גּוּמָּץ	a pit	גמצ	strong	
1	OT	OT ecc 10:10	אִם־קֵהָה	if it is blunt	אמה	lamed-yod / III-he	(אָמָה) handmaid, maidservant; (אֱמָה) Emma;
1	OT	OT ecc 10:18	יִמַּךְ	it sinks	מוכ	hollow	become thin
1	OT	OT ecc 10:18	יִדְלֹף	it leaks	דלפ	strong	drip
1	OT	OT ecc 12:11	כַּדָּרְבֹנוֹת	like goads	דרב	heuristic	
1	OT	OT ecc 12:12	וְלַהַג	and study	להג	strong	intense mental application
1	OT	OT est 8:15	וְתַכְרִיךְ	and a robe of	כרכ	strong	
1	OT	OT est 9:24	וְהִפִּל	and he cast	נפל	I-nun (dagesh)	to fall, fall down
1	OT	OT est 10:2	תׇקְפּוֹ	his power	תקפ	strong	overpower
1	OT	OT exo 2:3	גֹּמֶא	papyrus	גמא	strong	absorb
1	OT	OT exo 2:10	מְשִׁיתִהוּ	I drew him	משה	lamed-yod (yod hides the he)	to draw out (of water)
1	OT	OT exo 2:16	אֶת־הָרְהָטִים	the troughs	רהט	heuristic	channel
1	OT	OT exo 2:24	אֶת־נַאֲקָתָם	their groaning	נאק	heuristic	groan
1	OT	OT exo 6:5	אֶת־נַאֲקַת	the groaning of	נאק	strong	groan
1	OT	OT exo 9:8	חׇפְנֵיכֶם	your hands	חפפ	heuristic	cover
1	OT	OT exo 9:32	וְהַכֻּסֶּמֶת	and the spelt	כסמ	strong	shear
1	OT	OT exo 12:34	אֶת־בְּצֵקֹ	their dough	בצק	strong	swell up
1	OT	OT exo 13:12	שֶׁגֶר	that comes of	שגר	strong	fœtus
1	OT	OT exo 13:16	וּלְטוֹטָפֹת	and for frontlets	טטפ	strong	
1	OT	OT exo 15:6	תִּרְעַץ	has dashed in pieces	רעצ	strong	break
1	OT	OT exo 15:8	קָפְאוּ	were congealed	קפא	strong	shrink
1	OT	OT exo 16:14	מְחֻסְפָּס	round thing		(no analysis)	
1	OT	OT exo 21:3	אִם־בְּגַפּוֹ	if by himself	אמה	lamed-yod / III-he	(אָמָה) handmaid, maidservant; (אֱמָה) Emma;
1	OT	OT exo 21:3	בְּגַפּוֹ	by himself	גופ	hollow	shut
1	OT	OT exo 21:4	בְגַפּוֹ	by himself	גופ	hollow	shut
1	OT	OT exo 21:6	וְרָצַע	and shall bore	רצע	strong	pierce
1	OT	OT exo 21:6	בַּמַּרְצֵעַ	with an awl	רצע	strong	pierce
1	OT	OT exo 21:13	צָדָה	lie in wait	צדה	strong	provisions
1	OT	OT exo 24:6	בָּאַגָּנֹת	in bowls	נגנ	I-nun (dagesh)	play
1	OT	OT exo 27:3	וּמִזְלְגֹתָיו	and his fleshhooks	זלג	strong	
1	OT	OT exo 27:5	כַּרְכֹּב	the compass of	רכב	strong	to ride; chariot
1	OT	OT exo 28:28	וְיִרְכְּסוּ	and they shall bind	רכס	strong	tie
1	OT	OT exo 32:25	לְשִׁמְצָה	unto their shame	שמצ	strong	inkling
1	OT	OT exo 35:25	מַטְוֶה	that which was spun	טוה	hollow (mater)	spin
1	OT	OT exo 36:21	אַמֹּת	cubits	אמת	strong	true
1	OT	OT exo 38:4	כַּרְכֻּבּוֹ	its ledge	רכב	strong	to ride; chariot
1	OT	OT exo 39:21	וַיִּרְכְּסוּ	and they bound	רכס	strong	tie
1	OT	OT eze 1:14	רָצוֹא	they were running	רצא	strong	run
1	OT	OT eze 1:14	הַבָּזָק	the lightning	בזק	strong	flash of lightning
1	OT	OT eze 4:9	וְדֹחַן	and millet	דחנ	strong	millet
1	OT	OT eze 4:9	וְכֻסְּמִים	and spelt	סממ	strong	
1	OT	OT eze 4:12	תְּעֻגֶנָה	you will bake it	עגנ	strong	debar
1	OT	OT eze 5:1	הַגַּלָּבִים	the barbers	גלה	heuristic	to uncover, reveal; to go into exile
1	OT	OT eze 6:9	וְנָקֹטּוּ	and they will loathe	קוט	hollow	cut off
1	OT	OT eze 7:23	הָרַתּוֹק	the chain	רתק	strong	fasten
1	OT	OT eze 10:2	חׇפְנֶיךָ	your cupped hands	חפפ	heuristic	cover
1	OT	OT eze 12:14	וְכׇל־אֲגַפָּיו	and all his troops	יכל	I-yod (vav for yod)	(יָכֹל) to be able, can, prevail
1	OT	OT eze 13:10	הִטְעוּ	they have led astray	טעה	lamed-yod / III-he	wander
1	OT	OT eze 13:18	לִמְתַפְּרוֹת	to women who sew	תפר	strong	sew
1	OT	OT eze 16:4	לְמִשְׁעִי	for cleansing	שעה	lamed-yod (yod hides the he)	(שָׁעָה) hour, time; to gaze, regard
1	OT	OT eze 16:4	וְהׇחְתֵּל	and certainly	חתל	strong	swathe
1	OT	OT eze 16:4	חֻתָּלְתְּ	you were wrapped	חתל	strong	swathe
1	OT	OT eze 16:11	וְרָבִיד	and a chain	רבד	strong	spread
1	OT	OT eze 16:24	גָּב	a platform	נגב	I-nun (dagesh)	south
1	OT	OT eze 16:25	וַתְּפַשְּׂקִי	and you opened wide	פשק	strong	dispart
1	OT	OT eze 16:40	וּבִתְּקוּךְ	and they will cut to pieces you		(no analysis)	
1	OT	OT eze 16:43	הֵא	behold	הוא	hollow	he, it, that one
1	OT	OT eze 17:2	חוּד	ask a riddle	חוד	hollow (mater)	tie
1	OT	OT eze 17:7	כָּפְנָה	it bent	כפנ	strong	bend
1	OT	OT eze 17:9	יְקוֹסֵס	cut off	קסס	strong	lop off
1	OT	OT eze 17:21	בְּכׇל־אֲגַפָּיו	in all his troops	כלה	lamed-yod / III-he	to complete, finish, bring to an end
1	OT	OT eze 23:3	מֹעֲכוּ	they were handled	מעכ	strong	press
1	OT	OT eze 23:18	נָקְעָה	it had been alienated	נקע	strong	feel aversion
1	OT	OT eze 23:22	אֵת־אֲשֶׁר־נָקְעָה	that which it had been alienated	אשר	strong	(אֲשֶׁר) which, that, who; (אָשֵׁר) Asher; (
1	OT	OT eze 23:28	אֲשֶׁר־נָקְעָה	which it had been alienated	אשר	strong	(אֲשֶׁר) which, that, who; (אָשֵׁר) Asher; (
1	OT	OT eze 23:40	כָּחַלְתְּ	you painted	כחל	strong	paint
1	OT	OT eze 24:5	רַתַּח	make boil	רתח	strong	boil
1	OT	OT eze 24:5	רְתָחֶיהָ	its boiling	רתח	strong	boil
1	OT	OT eze 24:17	פְּאֵרְךָ	your turban	פאר	heuristic	glory, beauty; to glorify
1	OT	OT eze 25:6	מַחְאֲךָ	you have clapped	מחא	heuristic	rub
1	OT	OT eze 26:4	וְסִחֵיתִי	and I will scrape away	סחה	lamed-yod (yod hides the he)	sweep away
1	OT	OT eze 27:18	צָחַר	white	צחר	strong	sheen
1	OT	OT eze 27:24	וּבְגִנְזֵי	and for blankets of	גנז	strong	treasure
1	OT	OT eze 27:24	בְּרֹמִים	variegated cloth	רממ	strong	rise
1	OT	OT eze 27:30	יִתְפַּלָּשׁוּ	they will roll	פלש	heuristic	Philistia, Philistine
1	OT	OT eze 28:3	עֲמָמוּךָ	they can hide from you		(no analysis)	
1	OT	OT eze 28:24	מַמְאִיר	which pricks	אור	hollow (mater)	light
1	OT	OT eze 30:2	הָהּ	alas!	הוה	hollow	to be, to exist — the Self-Existent One; the
1	OT	OT eze 30:21	חִתּוּל	a bandage	חתל	strong	swathe
1	OT	OT eze 30:24	וְנָאַק	and he will groan	נאק	strong	groan
1	OT	OT eze 30:24	נַאֲקוֹת	the groans of	נאק	strong	groan
1	OT	OT eze 31:5	פֹארֹתָו	its branches	פאר	strong	glory, beauty; to glorify
1	OT	OT eze 31:8	לֹא־עֲמָמֻהוּ	not they eclipsed it	עממ	strong	associate
1	OT	OT eze 36:35	הַלֵּזוּ	the this	הלז	strong	this
1	OT	OT eze 37:6	וְקָרַמְתִּי	and I will cover	קרמ	strong	cover
1	OT	OT eze 37:8	וַיִּקְרַם	and it covered	קרמ	strong	cover
1	OT	OT eze 38:6	וְכׇל־אֲגַפֶּיהָ	and all its troops	יכל	I-yod (vav for yod)	(יָכֹל) to be able, can, prevail
1	OT	OT eze 38:6	וְאֶת־כׇּל־אֲגַפָּיו	and all his troops	אגפ	strong	wings of an army
1	OT	OT eze 38:12	עַל־טַבּוּר	upon the center of	עלה	lamed-yod / III-he	(עָלָה) to go up, ascend; (עֹלָה) burnt offe
1	OT	OT eze 38:20	הַמַּדְרֵגוֹת	the steep places	דרג	strong	(דַּרְגָּה) degree
1	OT	OT eze 38:22	וְעַל־אֲגַפָּיו	and upon his troops	יעל	I-yod (vav for yod)	(יָעֵל) Jael; (הוֹעִיל) to profit
1	OT	OT eze 39:2	וְשִׁשֵּׁאתִיךָ	and I will lead on you	שוש	heuristic	to rejoice; (שֵׁשׁ) six
1	OT	OT eze 39:11	וְחֹסֶמֶת	and will block the way of	חסמ	strong	muzzle
1	OT	OT eze 39:13	לְשֵם	for a renown	שומ	hollow	put
1	OT	OT eze 40:22	וְתִימֹרָו	and its palm trees	תמר	strong	palm
1	OT	OT eze 40:26	עֹלוֹתָו	going up to it	עלה	lamed-yod (vav form)	(עָלָה) to go up, ascend; (עֹלָה) burnt offe
1	OT	OT eze 41:16	וְהָאַתִּיקִים	and the galleries		(no analysis)	
1	OT	OT eze 41:26	וְהָעֻבִּים	and the thick planks	עבה	heuristic	be dense
1	OT	OT eze 42:3	אַתִּיק	a gallery	נתק	heuristic	broken
1	OT	OT eze 42:5	אַתִּיקִים	galleries	נתק	heuristic	broken
1	OT	OT eze 42:12	הֲגִינָה	corresponding	גונ	hollow (mater)	
1	OT	OT eze 44:18	בַּיָּזַע	with the sweat	יזע	strong	sweat
1	OT	OT eze 44:20	כָּסוֹם	surely	כסמ	strong	shear
1	OT	OT eze 44:20	יִכְסְמוּ	they will trim	כסמ	strong	shear
1	OT	OT eze 44:30	עֲרִסוֹתֵיכֶם	your dough	ערה	heuristic	to be naked, uncover; nakedness
1	OT	OT eze 47:11	וּגְבָאָיו	and its marshes	גבא	strong	reservoir
1	OT	OT eze 47:12	לִתְרוּפָה	for healing	רופ	hollow (mater)	triturate
1	OT	OT ezr 1:9	אֲגַרְטְלֵי	basins of	גרטל	heuristic	
1	OT	OT ezr 8:27	מֻצְהָב	gleaming	צהב	strong	glitter
1	OT	OT ezr 9:1	כְּתֹעֲבֹתֵיהֶם	according to their abominations		(no analysis)	
1	OT	OT gen 6:3	בְּשַׁגַּם	for indeed	גממ	geminate	
1	OT	OT gen 15:10	וַיְבַתֵּר	and he cut in pieces	בתר	strong	chop up
1	OT	OT gen 15:10	בָתָר	he cut in two	בתר	strong	chop up
1	OT	OT gen 18:6	לוּשִׁי	knead it	נוש	I-nun (dagesh)	be sick
1	OT	OT gen 21:15	מִן־הַחֵמֶת	from the skin	חמת	strong	wrath of
1	OT	OT gen 21:19	אֶת־הַחֵמֶת	the skin	חמת	strong	wrath of
1	OT	OT gen 21:23	וּלְנִינִי	and to my posterity	נונ	hollow (mater)	resprout
1	OT	OT gen 21:23	וּלְנֶכְדִּי	and to my progeny	נכד	strong	offspring
1	OT	OT gen 21:33	אֶשֶׁל	a tamarisk tree	אשל	strong	grove
1	OT	OT gen 24:17	הַגְמִיאִינִי	give to drink me	גמא	heuristic	absorb
1	OT	OT gen 24:32	וּמִסְפּוֹא	and fodder	ספא	strong	
1	OT	OT gen 24:65	הַצָּעִיף	the veil	צעפ	strong	
1	OT	OT gen 25:30	הַלְעִיטֵנִי	let swallow me	לעט	strong	feed
1	OT	OT gen 27:12	כִּמְתַעְתֵּעַ	as a deceiver		(no analysis)	
1	OT	OT gen 30:20	זְבָדַנִי	has endowed me	זבד	strong	confer
1	OT	OT gen 30:33	וְחוּם	and dark	יחמ	I-yod (vav for yod)	conceive
1	OT	OT gen 30:37	וַיְפַצֵּל	and he stripped	פצל	strong	peel
1	OT	OT gen 30:37	פְּצָלוֹת	strips	פצל	strong	peel
1	OT	OT gen 30:38	פִּצֵּל	he had stripped	פצל	strong	peel
1	OT	OT gen 30:38	וַיֵּחַמְנָה	and they mated	יחמ	I-yod (vav for yod)	conceive
1	OT	OT gen 30:39	וַיֶּחֱמוּ	and they mated	יחמ	I-yod (vav for yod)	conceive
1	OT	OT gen 30:41	בְּכׇל־יַחֵם	in all the being in heat of	כלה	lamed-yod / III-he	to complete, finish, bring to an end
1	OT	OT gen 30:41	לְיַחְמֵנָּה	that they might conceive	לחמ	strong	feed on
1	OT	OT gen 31:10	יַחֵם	the being in heat of	יחמ	strong	conceive
1	OT	OT gen 38:14	בַּצָּעִיף	with the veil	צעפ	strong	
1	OT	OT gen 38:19	צְעִיפָהּ	her veil	צעפ	strong	
1	OT	OT gen 41:19	כָהֵנָּה	like them	כהנ	strong	officiate
1	OT	OT gen 41:23	צְנֻמוֹת	withered	צנמ	strong	blast
1	OT	OT gen 41:42	רְבִד	the chain of	רבד	strong	spread
1	OT	OT gen 41:43	אַבְרֵךְ	bend the knee	ברכ	strong	kneel
1	OT	OT gen 41:47	לִקְמָצִים	by handfuls	קמצ	heuristic	grasp
1	OT	OT gen 47:13	וַתֵּלַהּ	and fainted	תלה	strong	(תָּלָה) to hang
1	OT	OT gen 49:10	יִקְּהַת	the obedience of	נקה	I-nun (dagesh)	be
1	OT	OT gen 49:12	חַכְלִילִי	reddened are		(no analysis)	
1	OT	OT gen 49:17	שְׁפִיפֹן	a viper	שפפ	heuristic	
1	OT	OT gen 49:19	יָגֻד	shall overcome	גדה	lamed-yod / III-he	border
1	OT	OT gen 50:3	הַחֲנֻטִים	the embalming	חנה	heuristic	camp
1	OT	OT hab 1:4	מְעֻקָּל	perverted	עקל	strong	wrest
1	OT	OT hab 1:8	וְחַדּוּ	and they are keen	יחד	I-yod (vav for yod)	(יַחַד) together; (יָחִיד) only — the Only B
1	OT	OT hab 1:8	וּפָשׁוּ	and shall spread themselves	פשה	lamed-yod / III-he	spread
1	OT	OT hab 1:9	מְגַמַּת	the sup up of	גממ	geminate	
1	OT	OT hab 2:11	וְכָפִיס	and a rafter	כפס	strong	
1	OT	OT hab 3:6	וַיְמֹדֶד	and measured	מדד	strong	(מָדַד) to measure
1	OT	OT hab 3:17	וּשְׁדֵמוֹת	and fields	שדמ	strong	
1	OT	OT hos 2:14	אֶתְנָה	my rewards	אתנ	strong	
1	OT	OT hos 3:1	אֲשִׁישֵׁי	cakes of	שוש	hollow (mater)	to rejoice; (שֵׁשׁ) six
1	OT	OT hos 3:2	וְלֵתֶךְ	and a half homer of	לתכ	strong	measure
1	OT	OT hos 5:13	וְלֹא־יִגְהֶה	and not it will depart	לאה	lamed-yod / III-he	(לֵאָה) weary; (תְּלָאָה) travail, hardship
1	OT	OT hos 7:4	מִלּוּשׁ	from kneading	נוש	I-nun (dagesh)	be sick
1	OT	OT hos 8:6	כִּי־שְׁבָבִים	because in pieces	כיה	heuristic	
1	OT	OT hos 8:9	הִתְנוּ	hath hired	נוה	lamed-yod / III-he	(נָוֶה) habitation, pasture
1	OT	OT hos 8:10	כִּי־יִתְנוּ	because they will hire	יתנ	strong	
1	OT	OT hos 9:14	צֹמְקִים	which dry up	צמק	heuristic	dry up
1	OT	OT hos 11:7	תְלוּאִים	are bent	תלא	heuristic	suspend
1	OT	OT hos 13:1	רְתֵת	trembling	רתת	strong	terror
1	OT	OT hos 13:5	תַּלְאֻבוֹת	great drought	לאב	strong	
1	OT	OT hos 13:14	קׇטׇבְךָ	your destruction	קטב	heuristic	ruin
1	OT	OT isa 1:14	לָטֹרַח	a-trouble	טרח	strong	overburden
1	OT	OT isa 6:6	וַיָּעׇף	then-flew	יעפ	I-yod (vav for yod)	tire
1	OT	OT isa 9:4	כׇל־סְאוֹן	every-boot-of	סאנ	strong	shoe
1	OT	OT isa 9:4	סֹאֵן	the-stormy-warrior	סאנ	strong	shoe
1	OT	OT isa 16:7	לַאֲשִׁישֵׁי	for-the-foundations-of	שוש	hollow (mater)	to rejoice; (שֵׁשׁ) six
1	OT	OT isa 16:7	אַךְ־נְכָאִים	surely-they-are-stricken	נכה	heuristic	to strike, smite, defeat
1	OT	OT isa 16:8	שַׁדְמוֹת	the-fields-of	שדמ	strong	
1	OT	OT isa 17:4	יֵרָזֶה	shall-become-lean	רזה	strong	proclamation
1	OT	OT isa 18:2	אֲשֶׁר־בָּזְאוּ	whose-have-divided	אשר	strong	(אֲשֶׁר) which, that, who; (אָשֵׁר) Asher; (
1	OT	OT isa 18:5	וּבֹסֶר	and-the-young-grape	בסר	strong	an immature grape
1	OT	OT isa 18:5	הֵתַז	and-cut-down	תזז	geminate	lop
1	OT	OT isa 18:7	בָּזְאוּ	have-divided	בזא	strong	cleave
1	OT	OT isa 19:6	קָמֵלוּ	shall-wither	קמל	strong	wither
1	OT	OT isa 21:12	אִם־תִּבְעָיוּן	if-you-will-inquire	אמה	lamed-yod / III-he	(אָמָה) handmaid, maidservant; (אֱמָה) Emma;
1	OT	OT isa 21:12	בְּעָיוּ	inquire	נבע	I-nun (dagesh)	utter
1	OT	OT isa 22:24	הָאַגָּנוֹת	cups	נגנ	I-nun (dagesh)	play
1	OT	OT isa 23:10	מֵזַח	wharf	מזח	strong	
1	OT	OT isa 24:1	וּבוֹלְקָהּ	and-makes-it-waste	ילק	I-yod (vav for yod)	devourer
1	OT	OT isa 24:3	תִּבֹּז	shall-be-spoiled	בזה	lamed-yod / III-he	to despise
1	OT	OT isa 26:9	אִוִּיתִךָ	have-I-desired-You	תוכ	hollow	bisection
1	OT	OT isa 26:20	חֲבִי	hide-yourself	חבה	lamed-yod (yod hides the he)	secrete
1	OT	OT isa 27:1	עֲקַלָּתוֹן	crooked		(no analysis)	
1	OT	OT isa 27:8	בְּסַאסְּאָה	by-measure	סאסא	heuristic	
1	OT	OT isa 27:12	יַחְבֹּט	shall-beat-out	חבט	strong	knock
1	OT	OT isa 28:2	קָטֶב	destruction	קטב	strong	ruin
1	OT	OT isa 28:17	וְיָעָה	and-shall-sweep-away	יעה	I-yod (vav for yod)	brush
1	OT	OT isa 28:20	מֵהִשְׂתָּרֵעַ	for-a-man-to-stretch-himself		(no analysis)	
1	OT	OT isa 28:25	נִסְמָן	in-the-marked-spot	סמנ	strong	designate
1	OT	OT isa 28:25	וְכֻסֶּמֶת	and-spelt	כסמ	strong	shear
1	OT	OT isa 28:27	עַל־כַּמֹּן	upon-the-cumin	עלה	lamed-yod / III-he	(עָלָה) to go up, ascend; (עֹלָה) burnt offe
1	OT	OT isa 28:27	יֵחָבֶט	is-beaten-out	חבט	strong	knock
1	OT	OT isa 30:6	וָלַיִשׁ	and-old-lion	לוש	hollow (mater)	knead
1	OT	OT isa 30:13	נִבְעֶה	bulging-out	נבע	strong	utter
1	OT	OT isa 30:14	מִגֶּבֶא	out-of-the-cistern	גבא	strong	reservoir
1	OT	OT isa 32:4	עִלְּגִים	the-stammerers	עלה	heuristic	(עָלָה) to go up, ascend; (עֹלָה) burnt offe
1	OT	OT isa 33:1	כַּנְּלֹתְךָ	when-you-shall-make-an-end	לתכ	strong	measure
1	OT	OT isa 33:9	קָמַל	and-withers	קמל	strong	wither
1	OT	OT isa 33:11	חֲשַׁשׁ	chaff	חשש	strong	grass
1	OT	OT isa 33:12	שִׂיד	lime	שיד	strong	plaster
1	OT	OT isa 33:12	כְּסוּחִים	cut-down	סוח	heuristic	Suach
1	OT	OT isa 33:19	נוֹעָז	fierce	יעז	I-yod (vav for yod)	bold
1	OT	OT isa 34:11	קָאַת	the-cormorant	קאת	strong	pelican
1	OT	OT isa 34:11	וְקִפּוֹד	and-the-bittern	קפד	strong	contract
1	OT	OT isa 34:15	קִפּוֹז	the-great-owl	קפז	strong	
1	OT	OT isa 34:15	וְדָגְרָה	and-brood	דגר	strong	brood
1	OT	OT isa 35:7	הַשָּׁרָב	the-parched-ground	שרב	strong	glow
1	OT	OT isa 35:7	וָגֹמֶא	and-rushes	גמא	strong	absorb
1	OT	OT isa 37:27	וּשְׁדֵמָה	and-as-corn-blasted	שדמ	strong	
1	OT	OT isa 38:12	קִפַּדְתִּי	I-have-rolled-up	קפד	strong	contract
1	OT	OT isa 38:14	עָגוּר	or-a-crane	עגר	strong	
1	OT	OT isa 38:15	אֶדַּדֶּה	I-shall-walk-softly	נדד	I-nun (dagesh)	flee
1	OT	OT isa 38:21	וְיִמְרְחוּ	and-lay-it-for-a-plaster	מרח	strong	soften
1	OT	OT isa 40:19	וּרְתֻקוֹת	chains-of	רתק	strong	fasten
1	OT	OT isa 40:22	עַל־חוּג	upon-the-circle-of	עלה	lamed-yod / III-he	(עָלָה) to go up, ascend; (עֹלָה) burnt offe
1	OT	OT isa 41:17	נָשָׁתָּה	is-parched	נשת	strong	eliminate
1	OT	OT isa 42:11	יִצְוָחוּ	let-them-shout	צוח	hollow (mater)	screech
1	OT	OT isa 42:13	אַף־יַצְרִיחַ	indeed-roar	אפה	lamed-yod / III-he	bake
1	OT	OT isa 44:8	וְאַל־תִּרְהוּ	neither-be-afraid	יאל	I-yod (vav for yod)	be slack
1	OT	OT isa 44:12	מַעֲצָד	makes-an-axe	עצד	strong	
1	OT	OT isa 44:12	בַּפֶּחָם	in-the-coals	פחמ	strong	coal
1	OT	OT isa 44:13	וּבַמְּחוּגָה	and-with-the-compass	חוג	hollow (mater)	describe a circle
1	OT	OT isa 44:16	יִצְלֶה	he-roasts	צלה	strong	roast
1	OT	OT isa 44:19	אֶצְלֶה	I-have-roasted	אצל	strong	near
1	OT	OT isa 44:19	אֶסְגּוֹד	shall-I-fall-down	סגד	strong	prostrate
1	OT	OT isa 44:25	יְסַכֵּל	makes-foolish	סכל	strong	fool
1	OT	OT isa 45:1	לְרַד־לְפָנָיו	that-I-may-subdue-before-him	רדה	lamed-yod / III-he	he who reigned
1	OT	OT isa 45:8	הַרְעִיפוּ	shower	רעפ	strong	drip
1	OT	OT isa 46:6	יִסְגְּדוּ	they-fall-down	סגד	strong	prostrate
1	OT	OT isa 46:8	וְהִתְאֹשָׁשׁוּ	and-show-yourselves-men	אשש	strong	(אִשֵּׁשׁ) to affirm, strengthen
1	OT	OT isa 48:9	אֶחֱטׇם־לָךְ	will-I-refrain-for-you	חטמ	strong	stop
1	OT	OT isa 55:13	הַנַּעֲצוּץ	the-thorn		(no analysis)	
1	OT	OT isa 56:10	הֹזִים	dreaming	הזה	heuristic	dream
1	OT	OT isa 57:9	צִרַיִךְ	your-messengers	צרכ	strong	need
1	OT	OT isa 57:20	רֶפֶשׁ	mire	רפש	strong	trample
1	OT	OT isa 59:10	נְגַשְׁשָׁה	we-grope-for	גשש	strong	feel about
1	OT	OT isa 59:10	נְגַשֵּׁשָׁה	we-grope	גשש	strong	feel about
1	OT	OT isa 61:6	תִּתְיַמָּרוּ	you-shall-gain-grandeur	תמר	strong	palm
1	OT	OT isa 61:10	יְעָטָנִי	he-has-covered-me	עטנ	strong	
1	OT	OT isa 63:17	תַּקְשִׁיחַ	and-hardened	קשח	strong	be
1	OT	OT isa 64:1	תִּבְעֶה־אֵשׁ	makes-to-boil-fire	בעה	strong	satisfied
1	OT	OT isa 64:5	עִדִּים	filthiness	עוד	heuristic	(עוֹד) again, still, yet
1	OT	OT isa 65:4	פִּגֻּלִים	abominable-things	פגל	heuristic	
1	OT	OT isa 66:11	תָּמֹצּוּ	you-may-drink-deeply	מצה	lamed-yod / III-he	suck
1	OT	OT isa 66:20	וּבַצַּבִּים	and-in-litters	צבא	heuristic	army, host; to serve
1	OT	OT isa 66:21	וְגַם־מֵהֶם	and-also-of-them	גממ	geminate	
1	OT	OT isa 66:24	דֵרָאוֹן	an-abhorrence	דרא	heuristic	
1	OT	OT jdg 2:18	מִנַּאֲקָתָם	from their groaning	נאה	heuristic	(נָאוֶה) beautiful, comely, fitting; (נָאווּ
1	OT	OT jdg 3:9	וַיֹּשִׁיעֵם	and he saved them	ישע	heuristic	to save, deliver; salvation, Jesus
1	OT	OT jdg 3:16	גֹּמֶד	was a cubit	גמד	strong	span
1	OT	OT jdg 5:10	צְחֹרוֹת	white	צחר	strong	sheen
1	OT	OT jdg 5:11	יְתַנּוּ	they will recount	יתנ	strong	
1	OT	OT jdg 5:22	מִדַּהֲרוֹת	from the galloping	דהר	strong	curvet
1	OT	OT jdg 5:22	דַּהֲרוֹת	the galloping of	דהר	strong	curvet
1	OT	OT jdg 5:26	מָחֲקָה	she shattered	מחק	strong	crush
1	OT	OT jdg 5:28	וַתְּיַבֵּב	and she lamented	יבב	strong	bawl
1	OT	OT jdg 5:28	הָאֶשְׁנָב	the lattice	שנב	strong	
1	OT	OT jdg 6:11	חֹבֵט	was beating out	חבט	strong	knock
1	OT	OT jdg 8:21	אֶת־הַשַּׂהֲרֹנִים	the ornaments	שהר	heuristic	
1	OT	OT jdg 8:26	מִן־הַשַּׂהֲרֹנִים	from the ornaments	שהר	heuristic	
1	OT	OT jdg 9:37	טַבּוּר	the center of	טבר	strong	
1	OT	OT jdg 9:46	אֶל־צְרִיחַ	to the hold of	אלה	lamed-yod / III-he	(אֵלֶּה) these; (אָלָה) oath, curse
1	OT	OT jdg 9:49	עַל־הַצְּרִיחַ	upon the hold	עלה	lamed-yod / III-he	(עָלָה) to go up, ascend; (עֹלָה) burnt offe
1	OT	OT jdg 9:49	אֶת־הַצְּרִיחַ	the hold	צרח	strong	be clear
1	OT	OT jdg 10:8	וַיִּרְעֲצוּ	and they shattered	רעצ	strong	break
1	OT	OT jdg 14:12	אָחוּדָה־נָּא	let me ask a riddle now	חוד	hollow (mater)	tie
1	OT	OT jdg 14:13	חוּדָה	ask the riddle	חוד	hollow (mater)	tie
1	OT	OT jdg 14:16	חַדְתָּ	you have asked the riddle	חדה	lamed-yod / III-he	rejoice
1	OT	OT jdg 15:5	מִגָּדִישׁ	from the heap of sheaves	גדש	strong	
1	OT	OT jdg 16:16	וַתְּאַלְצֵהוּ	and she urged him	אלצ	strong	press
1	OT	OT jer 2:11	הַהֵימִיר	has it exchanged	מור	hollow (mater)	(הֵמִיר) to change, exchange
1	OT	OT jer 2:25	מִיָּחֵף	from barefoot	יחפ	strong	unsandalled
1	OT	OT jer 4:31	תִּתְיַפֵּחַ	she is gasping for breath	נפח	heuristic	puff
1	OT	OT jer 5:17	יְרֹשֵׁשׁ	it will shatter	רשש	strong	demolish
1	OT	OT jer 5:24	שְׁבֻעֹת	the weeks of	בעת	strong	(בִּעֵת) to terrify
1	OT	OT jer 6:26	וְהִתְפַּלְּשִׁי	and roll	פלש	strong	Philistia, Philistine
1	OT	OT jer 7:18	לָשׁוֹת	are kneading	שוה	lamed-yod / III-he	(שָׁוָה) to be equal, set
1	OT	OT jer 7:29	גׇּזִּי	shear	גזה	lamed-yod (yod hides the he)	cut off
1	OT	OT jer 8:7	וְעָגוּר	and a crane	עגר	strong	
1	OT	OT jer 8:16	נַחְרַת	the snorting of	חרת	strong	(חָרַת) to engrave, grave
1	OT	OT jer 8:18	מַבְלִיגִיתִי	my cheerfulness	בלג	heuristic	break off
1	OT	OT jer 10:3	בַּמַּעֲצָד	with the ax	עצד	strong	
1	OT	OT jer 11:16	הֲמוּלָּה	a tumult	מול	haqtalah	(מוּל) facing, over against; to circumcise
1	OT	OT jer 13:4	בִּנְקִיק	in the cleft of	נקק	strong	
1	OT	OT jer 14:2	וְצִוְחַת	and the cry of	צוח	hollow (mater)	screech
1	OT	OT jer 16:5	מַרְזֵחַ	mourning	רזח	strong	
1	OT	OT jer 16:16	וּמִנְּקִיקֵי	and from the clefts of	נקק	strong	
1	OT	OT jer 17:11	דָגַר	sits on eggs	דגר	strong	brood
1	OT	OT jer 17:18	שׇׁבְרֵם	destroy them	ברמ	strong	highly
1	OT	OT jer 22:18	הֹדֹה	his glory	הדה	strong	stretch
1	OT	OT jer 23:9	רָחֲפוּ	shake	רחפ	strong	brood
1	OT	OT jer 25:27	וּקְיוּ	and vomit	נוק	I-nun (dagesh)	suckle
1	OT	OT jer 25:34	וְהִתְפַּלְּשׁוּ	and roll yourselves in dust	פלש	strong	Philistia, Philistine
1	OT	OT jer 29:26	וְאֶל־הַצִּינֹק	and in the collar	יאל	I-yod (vav for yod)	be slack
1	OT	OT jer 31:18	הֲשִׁבֵנִי	turn me back	בנה	lamed-yod (yod hides the he)	(בָּנָה) to build; (בִּנְיָן) building
1	OT	OT jer 31:22	תִּתְחַמָּקִין	will you turn about	חמה	heuristic	wall; heat, fury
1	OT	OT jer 31:30	הַבֹּסֶר	the sour grapes	בסר	strong	an immature grape
1	OT	OT jer 34:18	בְּתָרָיו	its pieces	בתר	strong	chop up
1	OT	OT jer 34:19	בִּתְרֵי	the pieces of	בתר	strong	chop up
1	OT	OT jer 38:22	בַבֹּץ	in the mire	בצצ	geminate	
1	OT	OT jer 39:10	וִיגֵבִים	and fields	גבה	heuristic	high
1	OT	OT jer 46:12	וְצִוְחָתֵךְ	and your outcry		(no analysis)	
1	OT	OT jer 46:15	נִסְחַף	are swept away	סחפ	strong	scrape off
1	OT	OT jer 47:3	שַׁעֲטַת	the stamping of	שעט	strong	
1	OT	OT jer 48:9	נָצֹא	surely	נצא	strong	went forth
1	OT	OT jer 49:10	וְנֶחְבָּה	and he hid himself	חבה	strong	secrete
1	OT	OT jer 49:24	וְרֶטֶט	and panic	רטט	strong	terror
1	OT	OT jer 51:30	נָשְׁתָה	has failed	נשת	strong	eliminate
1	OT	OT jer 51:34	כְרֵשׂוֹ	his belly	כרש	strong	belly
1	OT	OT job 1:4	אַחְיֹתֵיהֶם	their sisters	חיה	heuristic	(חַי) living; (חָיָה) to live; (תְּחִיָּה) r
1	OT	OT job 2:8	לְהִתְגָּרֵד	to scrape himself	גרד	strong	abrade
1	OT	OT job 4:10	נִתָּעוּ	are broken	נתע	I-nun (dagesh)	tear out
1	OT	OT job 4:12	שֵׁמֶץ	a whisper	שמצ	strong	inkling
1	OT	OT job 5:22	וּלְכָפָן	and to famine	כפנ	strong	bend
1	OT	OT job 5:26	בְכֶלַח	in a full age	כלח	strong	maturity
1	OT	OT job 6:3	לָעוּ	are swallowed up	עוה	lamed-yod / III-he	crook
1	OT	OT job 6:5	הֲיִנְהַק־פֶּרֶא	does the wild ass bray	נהק	strong	bray
1	OT	OT job 6:5	יִגְעֶה־שּׁוֹר	does it low an ox	יגע	strong	to labour, toil, grow weary
1	OT	OT job 6:6	בְּרִיר	in the white of	ברר	strong	(בָּרַר) to purify, select; (בָּרוּר) plain,
1	OT	OT job 6:10	וַאֲסַלְּדָה	and I would harden myself	סלד	strong	leap
1	OT	OT job 6:25	מַה־נִּמְרְצוּ	how forcible are	מהה	lamed-yod / III-he	(הִתְמַהְמַהּ) to tarry, delay
1	OT	OT job 7:15	מַחֲנָק	strangling	חנק	strong	be narrow
1	OT	OT job 8:11	בִצָּה	mire	נצה	I-nun (dagesh)	go forth
1	OT	OT job 8:16	רָטֹב	he is green	רטב	strong	be moist
1	OT	OT job 9:12	יַחְתֹּף	he takes away	חתפ	strong	clutch
1	OT	OT job 9:26	יָטוּשׂ	that hastens	טוש	hollow (mater)	pounce
1	OT	OT job 10:10	וְכַגְּבִנָּה	and like the cheese	נגב	I-nun (dagesh)	south
1	OT	OT job 10:10	תַּקְפִּיאֵנִי	curdled me	קפא	strong	shrink
1	OT	OT job 10:11	תְּשֹׂכְכֵנִי	you have fenced me	שככ	strong	weave
1	OT	OT job 10:22	עֵפָתָה	of darkness	עופ	hollow	fly
1	OT	OT job 12:12	בִּישִׁישִׁים	with the ancient	ישש	heuristic	gray-haired
1	OT	OT job 12:21	וּמְזִיחַ	and the strength of	מזח	strong	
1	OT	OT job 13:4	טֹפְלֵי־שָׁקֶר	forgers of lies	טפל	strong	stick on as a patch
1	OT	OT job 13:27	תִּתְחַקֶּה	you set a print	חקק	heuristic	(חֹק) statute, law; (חָקַק) to inscribe, dec
1	OT	OT job 14:17	וַתִּטְפֹּל	and you sew up	טפל	strong	stick on as a patch
1	OT	OT job 15:10	גַּם־יָשִׁישׁ	also the aged	גממ	geminate	
1	OT	OT job 15:12	וּמַה־יִּרְזְמוּן	and what do wink at	נומ	I-nun (dagesh)	slumber
1	OT	OT job 15:16	וְנֶאֱלָח	and one who is corrupt	אלח	strong	muddle
1	OT	OT job 15:24	לַכִּידוֹר	for the battle	דור	hollow (mater)	generation
1	OT	OT job 15:27	פִּימָה	collops of fat	פימ	strong	
1	OT	OT job 15:29	מִנְלָם	the perfection thereof	הלמ	I-he	hammer
1	OT	OT job 15:33	בִּסְרוֹ	his unripe grapes	בסר	strong	an immature grape
1	OT	OT job 16:3	מַה־יַּמְרִיצְךָ	what emboldens you	מהה	lamed-yod / III-he	(הִתְמַהְמַהּ) to tarry, delay
1	OT	OT job 16:8	וַתִּקְמְטֵנִי	and you have filled me with wrinkles	קמט	strong	pluck
1	OT	OT job 16:11	יִרְטֵנִי	turned me over	ירט	strong	precipitate
1	OT	OT job 16:15	תָּפַרְתִּי	I have sewed	תפר	strong	sew
1	OT	OT job 16:15	גִלְדִּי	my skin	גלד	strong	skin
1	OT	OT job 17:1	נִזְעָכוּ	are extinct	זעכ	strong	extinguish
1	OT	OT job 17:13	רִפַּדְתִּי	I have spread out	רפד	strong	spread
1	OT	OT job 18:2	קִנְצֵי	an end	קנצ	strong	perversion
1	OT	OT job 18:3	נִטְמִינוּ	and reputed vile	טמה	lamed-yod (yod hides the he)	be impure
1	OT	OT job 18:5	שְׁבִיב	the spark of	שבב	strong	fragment
1	OT	OT job 18:19	לֹא־נִין	neither son	נונ	hollow (mater)	resprout
1	OT	OT job 18:19	וְלֹא־נֶכֶד	nor nephew	לאה	lamed-yod / III-he	(לֵאָה) weary; (תְּלָאָה) travail, hardship
1	OT	OT job 19:4	מְשׁוּגָתִי	my error	שוג	hollow (mater)	retreat
1	OT	OT job 20:18	יַעֲלֹס	shall he rejoice	עלס	strong	leap for joy
1	OT	OT job 21:24	עֲטִינָיו	his breasts	עטנ	strong	
1	OT	OT job 21:32	וְעַל־גָּדִישׁ	and upon the tomb	יעל	I-yod (vav for yod)	(יָעֵל) Jael; (הוֹעִיל) to profit
1	OT	OT job 21:33	רִגְבֵי־נָחַל	the clods of a wadi	רגב	strong	lump of clay
1	OT	OT job 22:14	וְחוּג	and the circle of	חוג	hollow (mater)	describe a circle
1	OT	OT job 22:16	אֲשֶׁר־קֻמְּטוּ	which were cut down	אשר	strong	(אֲשֶׁר) which, that, who; (אָשֵׁר) Asher; (
1	OT	OT job 24:8	יִרְטָבוּ	they are wet	רטב	strong	be moist
1	OT	OT job 24:12	יִנְאָקוּ	they groan	נאק	strong	groan
1	OT	OT job 24:24	וְהֻמְּכוּ	and they are brought low	מוכ	hollow	become thin
1	OT	OT job 26:11	יְרוֹפָפוּ	tremble	רפפ	strong	
1	OT	OT job 26:14	וּמַה־שֵּׁמֶץ	but how little a portion	נומ	I-nun (dagesh)	slumber
1	OT	OT job 28:9	בַּחַלָּמִישׁ	on the flint	חלמש	heuristic	
1	OT	OT job 28:16	לֹא־תְסֻלֶּה	it cannot be valued	סלה	strong	highway
1	OT	OT job 28:18	וְגָבִישׁ	and crystal	גבש	strong	
1	OT	OT job 28:19	תְסֻלֶּה	shall it be valued	סלה	strong	highway
1	OT	OT job 29:4	חׇרְפִּי	my youth	חרפ	strong	betroth
1	OT	OT job 29:8	וִישִׁישִׁים	and old men	שוש	heuristic	to rejoice; (שֵׁשׁ) six
1	OT	OT job 29:21	לְמוֹ	at	הלמ	I-he	hammer
1	OT	OT job 30:3	וּבְכָפָן	and famine	כפנ	strong	bend
1	OT	OT job 30:3	הַעֹרְקִים	fleeing into	ערה	heuristic	to be naked, uncover; nakedness
1	OT	OT job 30:7	יִנְהָקוּ	they bray	נהק	strong	bray
1	OT	OT job 30:8	נִכְּאוּ	they were viler	נכא	I-nun (dagesh)	smite
1	OT	OT job 30:13	נָתְסוּ	they mar	נתס	strong	tear up
1	OT	OT job 30:17	וְעֹרְקַי	and my sinews	ערק	strong	gnaw
1	OT	OT job 30:24	אִם־בְּפִידוֹ	though in his destruction	אמה	lamed-yod / III-he	(אָמָה) handmaid, maidservant; (אֱמָה) Emma;
1	OT	OT job 30:25	עָגְמָה	was grieved	עגמ	strong	be sad
1	OT	OT job 30:27	רֻתְּחוּ	boiled	רתח	strong	boil
1	OT	OT job 31:29	בְּפִיד	in the disaster of	פיד	strong	misfortune
1	OT	OT job 31:36	אֶעֶנְדֶנּוּ	and bind it	ענד	strong	lace fast
1	OT	OT job 31:40	בׇאְשָׁה	cockle	באש	strong	(בָּאַשׁ) to stink, be odious; (בְּאֻשִׁים) 
1	OT	OT job 32:6	יְשִׁישִׁים	are very old	ישש	heuristic	gray-haired
1	OT	OT job 32:6	זָחַלְתִּי	I was afraid	זחל	strong	crawl
1	OT	OT job 33:7	וְאַכְפִּי	neither my hand	כפה	lamed-yod (yod hides the he)	bend
1	OT	OT job 33:20	וְזִהֲמַתּוּ	so that abhors	זהמ	strong	be rancid
1	OT	OT job 33:24	פְּדָעֵהוּ	deliver him	פדע	strong	retrieve
1	OT	OT job 33:25	רֻטְפַשׁ	shall be fresher	רטפש	heuristic	be rejuvenated
1	OT	OT job 37:11	יַטְרִיחַ	He lades	טרח	strong	overburden
1	OT	OT job 37:12	בְּתַחְבּוּלֹתָו	by His guidance	חבל	strong	cord of
1	OT	OT job 37:15	וְהֹפִיעַ	and causes to shine	פעה	heuristic	scream
1	OT	OT job 38:9	חֲתֻלָּתוֹ	its swaddling band	חתל	strong	swathe
1	OT	OT job 38:28	אֶגְלֵי־טָל	the drops of dew	גלה	lamed-yod (yod hides the he)	to uncover, reveal; to go into exile
1	OT	OT job 38:31	מַעֲדַנּוֹת	the chains of	עדנ	strong	be soft
1	OT	OT job 38:38	וּרְגָבִים	and the clods	רגב	heuristic	lump of clay
1	OT	OT job 39:10	בְּתֶלֶם	in a furrow	תלמ	strong	bank
1	OT	OT job 39:13	נֶעֱלָסָה	beats joyously	עלס	strong	leap for joy
1	OT	OT job 39:16	הִקְשִׁיחַ	she is hardened against	קשח	strong	be
1	OT	OT job 39:20	נַחְרוֹ	his snorting	נחר	strong	snorting
1	OT	OT job 39:23	תִּרְנֶה	rattles	נתר	I-nun (dagesh)	(הִתִּיר) to loose, unloose — Ps 146:7 מַתִּ
1	OT	OT job 39:30	יְעַלְעוּ־דָם	suck up blood	עלע	strong	sip up
1	OT	OT job 40:12	וַהֲדֹךְ	and tread down	הדכ	strong	crush with the foot
1	OT	OT job 40:18	כִּמְטִיל	like bars of	טול	hollow (mater)	cast
1	OT	OT job 40:21	וּבִצָּה	and fens	נצה	I-nun (dagesh)	go forth
1	OT	OT job 40:22	צֶאֱלִים	the lotus-trees		(no analysis)	
1	OT	OT job 40:26	תִּקֹּב	or bore	נקב	I-nun (dagesh)	(נְקֵבָה) female; (נָקַב) to designate, pier
1	OT	OT job 41:10	עֲטִישֹׁתָיו	his sneezings	עטש	strong	
1	OT	OT job 41:12	מִנְּחִירָיו	out of his nostrils	חרה	lamed-yod (yod hides the he)	burned
1	OT	OT job 41:14	תָּדוּץ	dances	דוצ	hollow (mater)	leap
1	OT	OT job 41:22	חַדּוּדֵי	sharpest	חדד	strong	be
1	OT	OT job 41:22	יִרְפַּד	he spreads	רפד	strong	spread
1	OT	OT job 41:23	יַרְתִּיחַ	he makes to boil	רתח	strong	boil
1	OT	OT joe 1:17	עָבְשׁוּ	is rotten	עבש	strong	dry up
1	OT	OT joe 2:20	צַחֲנָתוֹ	its foul smell	צחנ	strong	
1	OT	OT joe 2:25	וְהַגָּזָם	and the palmerworm	גזמ	strong	locust
1	OT	OT joe 4:10	אִתֵּיכֶם	your plowshares	אתה	heuristic	you
1	OT	OT joe 4:11	עוּשׁוּ	hurry	עוש	hollow (mater)	hasten
1	OT	OT jos 2:16	וְנַחְבֵּתֶם	and you will hide yourselves	חבת	heuristic	fried
1	OT	OT jos 8:11	בֵּינָו	between it	בינ	strong	understand
1	OT	OT jos 10:40	וְהָאֲשֵׁדוֹת	and the springs	אשד	strong	outpouring
1	OT	OT jos 12:8	וּבָאֲשֵׁדוֹת	and in the springs	אשד	strong	outpouring
1	OT	OT jos 14:8	הִמְסִיו	they melted	מסה	lamed-yod (yod hides the he)	dissolve
1	OT	OT jos 16:3	תֹצְאֹתָו	its extremities	צוא	hollow	soiled
1	OT	OT jos 21:10	רִאישֹׁנָה	first	ראש	strong	(רֹאשׁ) head, chief; (רִאשׁוֹן) first; (רֵאש
1	OT	OT lam 2:1	יָעִיב	he covers with a cloud	עוב	hollow (mater)	be dense
1	OT	OT lam 2:7	נִאֵר	he has repudiated	נאר	strong	reject
1	OT	OT lam 3:11	וַיְפַשְּׁחֵנִי	and he has torn in pieces me	פשח	strong	tear in pieces
1	OT	OT lam 3:16	וַיַּגְרֵס	and he has broken	גרס	strong	crush
1	OT	OT lam 3:16	הִכְפִּישַׁנִי	he has made cower me	פוש	hollow (mater)	spread
1	OT	OT lam 4:1	יוּעַם	it is dimmed	עממ	geminate	associate
1	OT	OT lam 4:2	הַמְסֻלָּאִים	who were weighed		(no analysis)	
1	OT	OT lam 4:8	צָפַד	it has shriveled	צפד	strong	adhere
1	OT	OT lam 5:10	זַלְעֲפוֹת	the burning heat of	זלעפ	heuristic	
1	OT	OT lev 2:7	מַרְחֶשֶׁת	a baking pan	רחש	strong	gush
1	OT	OT lev 5:22	בָהֵנָּה	by them	בהנ	strong	thumb
1	OT	OT lev 6:8	בְּקֻמְצוֹ	in his handful	קמצ	strong	grasp
1	OT	OT lev 7:9	בַמַּרְחֶשֶׁת	in the baking pan	רחש	strong	gush
1	OT	OT lev 10:6	לֹא־תִפְרֹמוּ	not you shall tear	פרמ	strong	tear
1	OT	OT lev 11:18	וְאֶת־הַקָּאָת	and the desert owl	קאת	strong	pelican
1	OT	OT lev 11:22	וְאֶת־הַחַרְגֹּל	and the locust	חרגל	heuristic	leaping insect
1	OT	OT lev 11:30	וְהַלְּטָאָה	and the wall lizard	לטא	haqtalah	
1	OT	OT lev 11:30	וְהַחֹמֶט	and the skink	חמט	strong	lizard
1	OT	OT lev 13:4	וּשְׂעָרָהֿ	and hair	שער	strong	(שַׁעַר) gate
1	OT	OT lev 13:36	הַצָּהֹב	the yellow	צהב	strong	glitter
1	OT	OT lev 13:39	בֹּהַק	a harmless rash	בהק	strong	white scurf
1	OT	OT lev 13:41	גִּבֵּחַ	bald in front	גבח	strong	bald
1	OT	OT lev 13:42	בַגַּבַּחַת	on the bald forehead	גבח	strong	bald
1	OT	OT lev 13:45	פְרֻמִים	torn	פרה	heuristic	to bear fruit, be fruitful; fruit
1	OT	OT lev 16:12	חׇפְנָיו	his handfuls	חפנ	strong	fist
1	OT	OT lev 19:28	וְשֶׂרֶט	and a cut	שרט	strong	gash
1	OT	OT lev 19:28	קַעֲקַע	an incision	קעקע	heuristic	incision
1	OT	OT lev 20:6	לִזְנֹת	to go a whoring	זנה	lamed-yod / III-he	(זָנָה) to commit whoredom; (זוֹנָה) harlot
1	OT	OT lev 21:5	יִשְׂרְטוּ	they will cut	שרט	strong	gash
1	OT	OT lev 21:5	שָׂרָטֶת	cuts	שרט	strong	gash
1	OT	OT lev 21:10	יִפְרֹם	he will tear	פרמ	strong	tear
1	OT	OT lev 22:24	וּמָעוּךְ	and one which is squashed	מעכ	strong	press
1	OT	OT lev 26:16	אֶת־הַשַּׁחֶפֶת	the consumption	שחפ	strong	gull
1	OT	OT lev 26:16	וּמְדִיבֹת	and which make pine away	דוב	hollow (mater)	mope
1	OT	OT mal 1:4	רֻשַּׁשְׁנוּ	we have been shattered	רשש	strong	demolish
1	OT	OT mal 1:10	גַם־בָּכֶם	also in you	גממ	geminate	
1	OT	OT mal 3:20	וּפִשְׁתֶּם	and you shall grow up	נפש	heuristic	soul, self, life, appetite
1	OT	OT mic 1:13	רְתֹם	harness	רתמ	strong	yoke up
1	OT	OT mic 2:10	נִמְרָץ	grievous	מרצ	strong	press
1	OT	OT mic 6:14	וְיֶשְׁחֲךָ	and your casting down	שחה	heuristic	to bow down, prostrate, worship
1	OT	OT mic 7:3	בַּשִּׁלּוּם	for a reward	שלמ	strong	make
1	OT	OT mic 7:4	כְּחֵדֶק	is like a thorn bush	חדק	strong	prickly plant
1	OT	OT mic 7:17	כְּזֹחֲלֵי	like things which crawl of	זחל	strong	crawl
1	OT	OT nah 1:12	נָגוֹזּוּ	they shall be cut down	גוז	hollow (mater)	shear off
1	OT	OT nah 2:11	בּוּקָה	emptiness	נוק	I-nun (dagesh)	suckle
1	OT	OT nah 2:11	וּמְבוּקָה	and emptiness	בוק	hollow (mater)	
1	OT	OT nah 2:11	וּמְבֻלָּקָה	and devastation	בלק	strong	annihilate
1	OT	OT nah 2:13	וּמְחַנֵּק	and was strangling	חנק	strong	be narrow
1	OT	OT nah 3:2	דֹּהֵר	pransing	דהר	strong	curvet
1	OT	OT nah 3:10	רֻתְּקוּ	they were bound	רתק	strong	fasten
1	OT	OT nah 3:18	נָפֹשׁוּ	they are scattered	נפש	strong	soul, self, life, appetite
1	OT	OT neh 2:6	וְהַשֵּׁגַל	and the queen consort	שגל	strong	copulate
1	OT	OT neh 5:13	גַּם־חׇצְנִי	also my bosom	גממ	geminate	
1	OT	OT neh 6:8	בוֹדָאם	are inventing them	בדא	heuristic	invent
1	OT	OT neh 9:21	בָצֵקוּ	they became swollen	בצק	strong	swell up
1	OT	OT neh 10:38	עֲרִיסֹתֵינוּ	our dough		(no analysis)	
1	OT	OT num 5:12	כִּי־תִשְׂטֶה	if she will stray	שטה	strong	deviate
1	OT	OT num 5:29	תִּשְׂטֶה	she will stray	שטה	strong	deviate
1	OT	OT num 7:3	צָב	covered	צבה	lamed-yod / III-he	swollen
1	OT	OT num 11:5	אֵת־הַקִּשֻּׁאִים	the cucumbers	קשה	heuristic	(קָשֶׁה) hard, sore, grievous
1	OT	OT num 11:5	וְאֶת־הַבְּצָלִים	and the onions	צלמ	strong	phantom
1	OT	OT num 11:8	דָכוּ	they pounded	דכה	lamed-yod / III-he	collapse
1	OT	OT num 11:8	לְשַׁד	the moist part of	לשד	strong	vigor
1	OT	OT num 13:20	אִם־רָזָה	if lean	אמה	lamed-yod / III-he	(אָמָה) handmaid, maidservant; (אֱמָה) Emma;
1	OT	OT num 15:20	עֲרִסֹתֵכֶם	your dough		(no analysis)	
1	OT	OT num 15:21	עֲרִסֹתֵיכֶם	your dough		(no analysis)	
1	OT	OT num 21:7	וָבָךְ	and against you	בכה	lamed-yod / III-he	(בָּכָה) to weep; (בְּכִי) weeping
1	OT	OT num 21:15	וְאֶשֶׁד	and the slope of	אשד	strong	outpouring
1	OT	OT num 22:32	כִּי־יָרַט	because it is precipitate	ירט	strong	precipitate
1	OT	OT num 25:4	וְהוֹקַע	and impale	יקע	I-yod (vav for yod)	sever
1	OT	OT num 25:8	אֶל־קֳבָתָהּ	to her belly	אלה	lamed-yod / III-he	(אֵלֶּה) these; (אָלָה) oath, curse
1	OT	OT num 35:20	בִּצְדִיָּה	with lying in wait	צדה	lamed-yod (yod hides the he)	provisions
1	OT	OT num 35:22	צְדִיָּה	lying in wait	צדה	lamed-yod (yod hides the he)	provisions
1	OT	OT oba 1:6	נִבְעוּ	are sought up	נבע	strong	utter
1	OT	OT oba 1:16	וְלָעוּ	and they will swallow	לוע	hollow	gulp
1	OT	OT pro 2:22	יִסְּחוּ	they will be torn away	נסח	I-nun (dagesh)	tear away
1	OT	OT pro 3:20	יִרְעֲפוּ־טָל	they drip dew	רעפ	strong	drip
1	OT	OT pro 6:3	הִתְרַפֵּס	humble yourself	רפס	strong	trample
1	OT	OT pro 6:21	עׇנְדֵם	tie them	ענה	heuristic	(עָנָה) to answer; to afflict; (עֲנָוָה) hum
1	OT	OT pro 7:6	אֶשְׁנַבִּי	my lattice	שנב	strong	
1	OT	OT pro 7:16	רָבַדְתִּי	I have spread	רבד	strong	spread
1	OT	OT pro 7:18	נִתְעַלְּסָה	let us delight ourselves	עלה	heuristic	(עָלָה) to go up, ascend; (עֹלָה) burnt offe
1	OT	OT pro 7:22	וּכְעֶכֶס	and as fetters	עכס	strong	put on anklets
1	OT	OT pro 7:25	אַל־יֵשְׂטְ	let it not decline	אלה	lamed-yod / III-he	(אֵלֶּה) these; (אָלָה) oath, curse
1	OT	OT pro 8:27	חוּג	a circle	חוג	hollow (mater)	describe a circle
1	OT	OT pro 9:3	עַל־גַּפֵּי	upon the elevations of	עלה	lamed-yod / III-he	(עָלָה) to go up, ascend; (עֹלָה) burnt offe
1	OT	OT pro 12:27	לֹא־יַחֲרֹךְ	does not roast	חרכ	strong	braid
1	OT	OT pro 13:3	פֹּשֵׂק	one who opens	פשק	strong	dispart
1	OT	OT pro 14:10	מׇרַּת	the bitterness of	מרה	lamed-yod / III-he	rebel
1	OT	OT pro 15:19	חָדֶק	thorns	חדק	strong	prickly plant
1	OT	OT pro 15:25	יִסַּח	tears down	נסח	I-nun (dagesh)	tear away
1	OT	OT pro 16:26	כִּי־אָכַף	for craves	אכפ	strong	urge
1	OT	OT pro 17:14	הִתְגַּלַּע	it has broken out	גלע	strong	be obstinate
1	OT	OT pro 17:22	גֵּהָה	like a medicine	נגה	I-nun (dagesh)	light
1	OT	OT pro 19:13	וְדֶלֶף	and are a dripping	דלפ	strong	drip
1	OT	OT pro 21:8	וָזָר	and strange	וזר	strong	crime
1	OT	OT pro 23:3	אַל־תִּתְאָו	be not desirous of	אלה	lamed-yod / III-he	(אֵלֶּה) these; (אָלָה) oath, curse
1	OT	OT pro 23:28	כְּחֶתֶף	as for a prey	חתפ	strong	clutch
1	OT	OT pro 23:29	אֲבוֹי	woe!	אבה	lamed-yod (yod hides the he)	(אָבָה) to be willing
1	OT	OT pro 23:29	חַכְלִלוּת	redness of		(no analysis)	
1	OT	OT pro 24:22	וּפִיד	and the ruin of	פיד	strong	misfortune
1	OT	OT pro 24:31	קִמְּשֹׂנִים	thorns	קמש	heuristic	
1	OT	OT pro 24:31	חֲרֻלִּים	nettles	חרה	heuristic	burned
1	OT	OT pro 26:3	מֶתֶג	a bridle	מתג	strong	bit
1	OT	OT pro 26:18	כְּמִתְלַהְלֵהַּ	like a madman		(no analysis)	
1	OT	OT pro 26:20	יִשְׁתֹּק	ceases	שתק	strong	subside
1	OT	OT pro 26:28	דַכָּיו	those afflicted by it	דכה	lamed-yod (yod hides the he)	collapse
1	OT	OT pro 27:15	דֶּלֶף	a dripping	דלפ	strong	drip
1	OT	OT pro 27:22	בַּמַּכְתֵּשׁ	in the mortar	כתש	strong	butt
1	OT	OT pro 27:22	הָרִיפוֹת	the grain	רופ	hollow (mater)	triturate
1	OT	OT pro 28:3	סֹחֵף	sweeping	סחפ	strong	scrape off
1	OT	OT pro 29:13	תְּכָכִים	the deceitful man	תככ	heuristic	to dissever
1	OT	OT pro 29:21	מְפַנֵּק	one who pampers	פנק	strong	enervate
1	OT	OT pro 30:4	בְּחׇפְנָיו	in his hands	חפנ	strong	fist
1	OT	OT pro 30:15	לַעֲלוּקָה	to a leech	עלק	strong	
1	OT	OT pro 30:25	הַנְּמָלִים	the ants	מלל	heuristic	(מִלָּה) word; (מִלֵּל) to speak
1	OT	OT pro 30:33	מִיץ	squeezing of	מיצ	strong	pressure
1	OT	OT pro 30:33	וּמִיץ	and squeezing of	מיצ	strong	pressure
1	OT	OT psa 5:2	הֲגִיגִי	my meditation	גוג	hollow (mater)	Gog
1	OT	OT psa 5:10	גְּרֹנָם	their throat	גרנ	heuristic	threshing-floor
1	OT	OT psa 9:10	לַדָּךְ	for the oppressed	דכה	lamed-yod / III-he	collapse
1	OT	OT psa 9:17	נוֹקֵשׁ	is snared	יקש	I-yod (vav for yod)	ensnare
1	OT	OT psa 10:7	וָתֹךְ	and fraud	תוכ	hollow	bisection
1	OT	OT psa 10:8	לְחֵלְכָה	on the helpless	חלכ	strong	
1	OT	OT psa 10:14	חֵלֵכָה	the helpless	חלכ	strong	
1	OT	OT psa 10:18	וָדָךְ	and the oppressed	דכה	lamed-yod / III-he	collapse
1	OT	OT psa 11:6	זִלְעָפוֹת	scorching wind	זלעפ	heuristic	
1	OT	OT psa 18:46	וְיַחְרְגוּ	and shall come trembling	חרג	strong	leap suddenly
1	OT	OT psa 22:15	כַּדּוֹנָג	like the wax	דנג	strong	
1	OT	OT psa 22:20	אֱיָלוּתִי	O my strength	אלו	strong	if
1	OT	OT psa 27:12	וִיפֵחַ	and such as breathe out	יפח	I-yod (vav for yod)	breathe hard
1	OT	OT psa 32:7	רׇנֵּי	with songs of	רנה	lamed-yod (yod hides the he)	into singing
1	OT	OT psa 32:9	בְּמֶתֶג־וָרֶסֶן	with bridle and halter	מתג	strong	bit
1	OT	OT psa 32:9	לִבְלוֹם	must be held in	בלמ	strong	muzzle
1	OT	OT psa 35:6	וַחֲלַקְלַקֹּת	and slippery		(no analysis)	
1	OT	OT psa 38:13	וַיְנַקְשׁוּ	and they lay snares	נקש	strong	entrap
1	OT	OT psa 39:2	מַחְסוֹם	a muzzle	חסמ	strong	muzzle
1	OT	OT psa 39:4	בַּהֲגִיגִי	while I mused	גוג	hollow (mater)	Gog
1	OT	OT psa 39:12	וַתֶּמֶס	and You make to consume away	מסה	lamed-yod / III-he	dissolve
1	OT	OT psa 42:5	אֶדַּדֵּם	leading them in procession	דוד	heuristic	David
1	OT	OT psa 42:8	צִנּוֹרֶיךָ	Your cataracts	צנר	heuristic	
1	OT	OT psa 45:2	רָחַשׁ	overflows	רחש	strong	gush
1	OT	OT psa 45:10	שֵׁגַל	the queen	שגל	strong	copulate
1	OT	OT psa 48:14	פַּסְּגוּ	consider	פסג	strong	cut up
1	OT	OT psa 51:7	יֶחֱמַתְנִי	did conceive me	יחמ	strong	conceive
1	OT	OT psa 52:7	וְיִסָּחֲךָ	and pluck you out	נסח	heuristic	tear away
1	OT	OT psa 55:9	סֹעָה	stormy	סעה	strong	rush
1	OT	OT psa 55:12	תֹּךְ	oppression	נתכ	I-nun (dagesh)	flow forth
1	OT	OT psa 58:8	חִצָּו	his arrows	חוצ	hollow	separate by a wall
1	OT	OT psa 58:10	אָטָד	the thorns	אטד	strong	thorn-tree
1	OT	OT psa 64:5	לִירֹת	to shoot	ירה	lamed-yod / III-he	to teach, instruct; to shoot, throw
1	OT	OT psa 65:12	יִרְעֲפוּן	drop	רעה	heuristic	(רַעְיָה) my love; (מִרְעֶה) pasture
1	OT	OT psa 66:11	מוּעָקָה	affliction	עוק	hollow	pack
1	OT	OT psa 68:3	דּוֹנַג	wax	דנג	strong	
1	OT	OT psa 68:17	תְּרַצְּדוּן	do you look with envy	רצה	heuristic	to be pleased with, accept; acceptable, will
1	OT	OT psa 68:31	מִתְרַפֵּס	trampling	רפס	strong	trample
1	OT	OT psa 68:31	בִּזַּר	He has scattered	נזר	I-nun (dagesh)	(נָזִיר) Nazarite; (נֵזֶר) crown
1	OT	OT psa 69:21	וָאָנוּשָׁה	and I am full of heaviness	נוש	hollow (mater)	be sick
1	OT	OT psa 71:6	גוֹזִי	He that took me	גוז	hollow (mater)	shear off
1	OT	OT psa 72:6	זַרְזִיף	that water		(no analysis)	
1	OT	OT psa 73:8	יָמִיקוּ	they scoff	מוק	hollow (mater)	jeer
1	OT	OT psa 74:21	דַּךְ	the oppressed	דכה	lamed-yod / III-he	collapse
1	OT	OT psa 76:4	רִשְׁפֵי־קָשֶׁת	the arrows of the bow	רשפ	strong	arrow
1	OT	OT psa 76:12	יֹבִילוּ	bring	יבל	strong	(יָבַל) to lead, carry; (הוֹבִיל) to lead; (
1	OT	OT psa 78:48	לָרְשָׁפִים	to thunderbolts	רשפ	heuristic	arrow
1	OT	OT psa 80:14	יְכַרְסְמֶנָּה	wastes it		(no analysis)	
1	OT	OT psa 80:17	כְּסוּחָה	it is cut down	סוח	hollow (mater)	Suach
1	OT	OT psa 88:16	אָפוּנָה	I am distraught	פונ	hollow (mater)	turn
1	OT	OT psa 90:10	כִּי־גָז	for it is soon cut off	גוז	hollow	shear off
1	OT	OT psa 91:6	מִקֶּטֶב	of the destruction	קטב	strong	ruin
1	OT	OT psa 94:19	שַׂרְעַפַּי	my disquieting thoughts	רעפ	strong	drip
1	OT	OT psa 99:1	תָּנוּט	let quake	נוט	hollow (mater)	quake
1	OT	OT psa 102:7	לִקְאַת	a pelican of	קאת	strong	pelican
1	OT	OT psa 107:30	כִי־יִשְׁתֹּקוּ	because they are quiet	שתק	strong	subside
1	OT	OT psa 109:11	יְנַקֵּשׁ	let seize	נקש	strong	entrap
1	OT	OT psa 109:16	וְנִכְאֵה	and the broken in	נכא	strong	smite
1	OT	OT psa 109:19	וּלְמֵזַח	and for a girdle	מזח	strong	
1	OT	OT psa 114:8	חַלָּמִישׁ	the flint	חלמש	heuristic	
1	OT	OT psa 119:20	גָּרְסָה	breaks	גרס	strong	crush
1	OT	OT psa 119:20	לְתַאֲבָה	for longing	תאב	strong	desire
1	OT	OT psa 119:53	זַלְעָפָה	burning indignation	זלעפ	heuristic	
1	OT	OT psa 119:69	טָפְלוּ	have forged	טפל	strong	stick on as a patch
1	OT	OT psa 119:70	טָפַשׁ	is as gross	טפש	strong	be thick
1	OT	OT psa 119:103	מַה־נִּמְלְצוּ	how sweet are	מהה	lamed-yod / III-he	(הִתְמַהְמַהּ) to tarry, delay
1	OT	OT psa 119:131	יָאָבְתִּי	I longed	יאב	strong	desire
1	OT	OT psa 119:158	וָאֶתְקוֹטָטָה	and I felt disgust		(no analysis)	
1	OT	OT psa 125:5	עֲקַלְקַלּוֹתָם	their crooked ways		(no analysis)	
1	OT	OT psa 129:7	וְחִצְנוֹ	nor his bosom	חצנ	strong	bosom
1	OT	OT psa 139:15	עׇצְמִי	my frame	עצמ	strong	close
1	OT	OT psa 139:21	אֶתְקוֹטָט	am I not grieved		(no analysis)	
1	OT	OT psa 139:23	שַׂרְעַפָּי	my disquieting thoughts	רעפ	strong	drip
1	OT	OT psa 140:11	בְּמַהֲמֹרוֹת	into deep pits	המר	strong	
1	OT	OT psa 143:3	הוֹשִׁבַנִי	he has made me to dwell	ישב	I-yod (vav for yod)	to dwell, sit, inhabit
1	OT	OT psa 144:2	הָרוֹדֵד	who subdues	רדד	strong	tread
1	OT	OT psa 145:14	וְזוֹקֵף	and raises up	זקפ	strong	life
1	OT	OT psa 146:8	זֹקֵף	raises up	זקפ	strong	life
1	OT	OT psa 147:18	וְיַמְסֵם	and melts them	מסס	heuristic	(מָסַס) to melt; (מַסָּה) trial, temptation;
1	OT	OT rth 1:13	תֵּעָגֵנָה	will you refrain	עגנ	strong	debar
1	OT	OT rth 2:14	וַיִּצְבׇּט־לָהּ	and he reached to her	צבט	strong	grasp
1	OT	OT rth 2:16	מִן־הַצְּבָתִים	from the bundles of grain	נצב	heuristic	to stand, be stationed; garrison
1	OT	OT rth 2:17	וַתַּחְבֹּט	and she beat out	חבט	strong	knock
1	OT	OT rth 3:14	מַרְגְּלוֹתָו	at his feet	רגל	heuristic	(רֶגֶל) foot; to go about, spy out
1	OT	OT sos 1:6	שֶׁשְּׁזָפַתְנִי	on whom has looked on me	שזפ	strong	tan
1	OT	OT sos 1:10	בַּחֲרוּזִים	with strings of beads	חרז	heuristic	
1	OT	OT sos 2:5	בָּאֲשִׁישׁוֹת	with raisin cakes	שוש	hollow (mater)	to rejoice; (שֵׁשׁ) six
1	OT	OT sos 2:5	רַפְּדוּנִי	refresh me	רפה	heuristic	to sink, relax, grow slack; to fail
1	OT	OT sos 2:9	כׇּתְלֵנוּ	the wall of us	כתל	strong	wall
1	OT	OT sos 2:9	מִן־הַחֲרַכִּים	from the lattices	חרה	heuristic	burned
1	OT	OT sos 2:13	חָנְטָה	it has ripened	חנט	strong	embalm
1	OT	OT sos 2:14	הַמַּדְרֵגָה	the steep place	דרג	strong	(דַּרְגָּה) degree
1	OT	OT sos 3:10	רְפִידָתוֹ	its back	רפד	strong	spread
1	OT	OT sos 4:2	הַקְּצוּבוֹת	the shorn ewes	קצב	strong	clip
1	OT	OT sos 5:3	אֲטַנְּפֵם	will I dirty them	טנפ	heuristic	soil
1	OT	OT sos 5:7	אֶת־רְדִידִי	my garment	רדד	strong	tread
1	OT	OT sos 7:2	חַמּוּקֵי	the curves of	חמק	strong	wrap
1	OT	OT sos 7:3	אַגַּן	the bowl of	נגנ	I-nun (dagesh)	play
1	OT	OT sos 7:3	הַמָּזֶג	the mixed wine	מזג	strong	tempered wine
1	OT	OT sos 8:5	מִתְרַפֶּקֶת	leaning herself	רפק	strong	recline
1	OT	OT sos 8:6	רְשָׁפֶיהָ	its flashes	רשפ	strong	arrow
1	OT	OT sos 8:6	רִשְׁפֵּי	flashes of	רשפ	strong	arrow
1	OT	OT zec 1:17	תְּפוּצֶנָה	shall be spread abroad	פוצ	hollow (mater)	disperse
1	OT	OT zec 4:12	צַנְתְּרוֹת	the pipes of		(no analysis)	
1	OT	OT zec 10:1	חֲזִיזִים	bright clouds	חזז	heuristic	
1	OT	OT zec 11:8	בָּחֲלָה	it loathed	בחל	strong	loath
1	OT	OT zec 12:3	שָׂרוֹט	severely	שרט	strong	gash
1	OT	OT zec 12:3	יִשָּׂרֵטוּ	they will injure themselves	שרט	strong	gash
1	OT	OT zep 1:12	הַקֹּפְאִים	that are settled	קפא	heuristic	shrink
1	OT	OT zep 1:14	צֹרֵחַ	shall cry	צרח	strong	be clear
1	OT	OT zep 2:9	מִמְשַׁק	the breeding of	משק	strong	possession
1	OT	OT zep 2:14	גַּם־קָאַת	also desert owl	גממ	geminate	
1	OT	OT zep 2:14	גַּם־קִפֹּד	also the bittern	גממ	geminate	
1	OT	OT zep 3:6	נִצְדּוּ	are destroyed	צוד	hollow	to hunt; stronghold, fortress
1	NT	NT 1co 1:2	וְשֶׁלָּנוּ	and-ours	שול	hollow	Shule
1	NT	NT 1co 1:9	לְחֶבְרַת	unto-the-fellowship-of	חבר	strong	(חָבַר) to join, unite; (חָבֵר) companion; (
1	NT	NT 1co 1:27	וּבֶחָלוּשׁ	and-the-weak-things	חלש	strong	(חָלַשׁ) to be weak; (חֻלְשָׁה) weakness, in
1	NT	NT 1co 2:1	הַדִבּוּר	speech	דבר	strong	(דִּבֶּר) to speak; (דָּבָר) word, thing; (ד
1	NT	NT 1co 3:15	יַפְסִידֶנּוּ	he-shall-suffer-loss	פסד	heuristic	
1	NT	NT 1co 4:8	עֲשַׁרְתֶּם	you-are-rich	עשה	heuristic	(עָשָׂה) to do, make; (מַעֲשֶׂה) work, deed
1	NT	NT 1co 4:9	הִצִּיג	hath-set-forth	ציה	heuristic	(צִיָּה) dry land, drought
1	NT	NT 1co 4:13	וְנִתְחַנָּן	and-we-intreat	נתח	heuristic	dismember
1	NT	NT 1co 5:1	שֶׁזְּנוּת	that-there-is-fornication	זנה	lamed-yod / III-he	(זָנָה) to commit whoredom; (זוֹנָה) harlot
1	NT	NT 1co 5:2	מִתְגָּאִים	are-puffed-up	גאה	heuristic	(גַּאֲוָה) pride; (גָּאָה) to be exalted
1	NT	NT 1co 5:7	עִסָּה	a-lump	עסה	strong	
1	NT	NT 1co 5:7	גַּם־לָנוּ	even-for-us	גממ	geminate	
1	NT	NT 1co 5:10	וְגַזְלָנִים	or-extortioners	גזל	heuristic	take away
1	NT	NT 1co 5:10	סוֹפְכֶם	must-you-needs	סופ	heuristic	snatch
1	NT	NT 1co 5:11	גַזְלָן	an-extortioner	גזל	heuristic	take away
1	NT	NT 1co 6:7	שֶׁתָּרִיבוּ	that-you-go-to-law	ריב	strong	contention
1	NT	NT 1co 6:7	מִן־הָעֲלוּבִים	of-them-that-are-wronged		(no analysis)	
1	NT	NT 1co 6:10	הַגַּזְלָנִים	extortioners	גזל	heuristic	take away
1	NT	NT 1co 6:11	הָצְדַקְתֶּם	you-are-justified	צדק	heuristic	righteous, just; righteousness, justice
1	NT	NT 1co 6:12	יְשַׁעְבְּדֵנִי	I-will-be-brought-under-the-power-of		(no analysis)	
1	NT	NT 1co 6:13	לַכְּרֵשׂ	for-the-belly	כרש	strong	belly
1	NT	NT 1co 6:13	וְהַכְּרֵשׂ	and-the-belly	כרש	strong	belly
1	NT	NT 1co 7:9	אֶת־יִצְרָם	their-passion	יצר	heuristic	to form, fashion; potter
1	NT	NT 1co 7:9	לָהוּט	inflamed	נוט	I-nun (dagesh)	quake
1	NT	NT 1co 7:22	מְשֻׁחֲרָר	freeman	חרר	strong	(חֵרוּת) liberty, freedom; (חֹר) hole; (חֹרִ
1	NT	NT 1co 7:31	וְהַנֶּהֱנִים	and-they-that-use	הנה	heuristic	(הִנֵּה) behold, here, look; (הֵנָּה) these,
1	NT	NT 1co 7:32	נִטְרָדִים	troubled	טרד	heuristic	drive on
1	NT	NT 1co 7:39	וּכְשֶׁמֵּת	but-when-is-dead	שומ	hollow	put
1	NT	NT 1co 9:1	טהֲלֹא	am-I-not		(no analysis)	
1	NT	NT 1co 9:7	וּפַרְנַסְתּוֹ	at-his-own-charges		(no analysis)	
1	NT	NT 1co 9:11	שֶׁנִּקְצֹר	that-we-reap	קצר	strong	to reap, harvest; to be short
1	NT	NT 1co 9:18	לַהֲנָאַת	for-benefit-of	אתה	lamed-yod / III-he	you
1	NT	NT 1co 9:24	בָּאִצְטַדְיוֹן	in-a-race		(no analysis)	
1	NT	NT 1co 9:25	לְהִתְגּוֹשֵׁשׁ	to-strive	גשש	strong	feel about
1	NT	NT 1co 9:27	וַאֲשַׁעְבְּדֶנּוּ	and-bring-it-into-subjection		(no analysis)	
1	NT	NT 1co 9:27	נֶאֱלָח	a-castaway	אלח	strong	muddle
1	NT	NT 1co 10:16	מְבָרֲכִים	bless	רככ	heuristic	soften
1	NT	NT 1co 10:17	שֶׂחֵלֶק	are-partakers	חלק	strong	(חֵלֶק) part, portion; (חָלַק) to divide; (מ
1	NT	NT 1co 10:22	הֲנָעֵז	do-we-dare	עוז	hollow	(עֹז) strength; (הֵעֵז) to dare; take refuge
1	NT	NT 1co 10:29	תִּדּוֹן	is-judged	דונ	hollow (mater)	
1	NT	NT 1co 11:2	שֶׁזְּכַרְתֶּם	that-you-remember	זכר	heuristic	to remember; male
1	NT	NT 1co 11:4	מְנַוֵּל	dishonoreth	נוה	heuristic	(נָוֶה) habitation, pasture
1	NT	NT 1co 11:5	מְנַוָּלֶת	dishonoreth	נוה	heuristic	(נָוֶה) habitation, pasture
1	NT	NT 1co 11:6	אֶת־שְׂעָרָהּ	her-hair	שער	strong	(שַׁעַר) gate
1	NT	NT 1co 11:15	שְׂעָרָהּ	hair	שער	strong	(שַׁעַר) gate
1	NT	NT 1co 11:18	כְּשֶׁתִּוָּעֲדוּ	when-you-come-together	יעד	I-yod (vav for yod)	(יָעַד) to appoint; (יִעוּד) foreordination
1	NT	NT 1co 11:21	יִשְׁתַּכָּר	is-drunken		(no analysis)	
1	NT	NT 1co 11:24	הַנִּבְצָע	which-is-broken	בצע	strong	(בֶּצַע) gain
1	NT	NT 1co 11:32	נִוָּסֵר	we-are-chastened	יסר	I-yod (vav for yod)	(יִסַּר) to chasten; (יִסּוּרִים) affliction
1	NT	NT 1co 11:32	נְחֻיַּב	we-should-be-condemned	חוב	hollow (mater)	(חַיָּב) bound, in danger; debt
1	NT	NT 1co 12:2	נִמְשַׁכְתֶּם	you-were-led	משכ	heuristic	sow
1	NT	NT 1co 12:22	רָפִים	more-feeble	רפה	heuristic	to sink, relax, grow slack; to fail
1	NT	NT 1co 12:23	נַלְבִּישׁ	we-clothe-with	לבש	strong	to clothe, put on, be clothed
1	NT	NT 1co 12:24	מָזַג	hath-tempered	מזג	strong	tempered wine
1	NT	NT 1co 12:27	וְאֵבָרָיו	and-his-members	ברה	lamed-yod (yod hides the he)	covenant
1	NT	NT 1co 12:28	לִמְלַמְּדִים	teachers		(no analysis)	
1	NT	NT 1co 13:3	תוֹעִילֵנִי	profiteth-me	יעל	I-yod (vav for yod)	(יָעֵל) Jael; (הוֹעִיל) to profit
1	NT	NT 1co 13:5	תִתְמַרְמַר	is-easily-provoked		(no analysis)	
1	NT	NT 1co 13:8	תִּבָּטַלְנָה	they-shall-fail	בטל	strong	(בָּטֵל) to cease, be idle; revoke
1	NT	NT 1co 13:9	שֶׁנִּבֵּאנוּ	that-we-prophesy	נבא	I-nun (dagesh)	(נִבָּא) to prophesy; (נְבוּאָה) prophecy
1	NT	NT 1co 13:13	שֶׁבָּהֶן	of-these	בהנ	strong	thumb
1	NT	NT 1co 14:1	וְהִשְׁתַּדְּלוּ	and-desire		(no analysis)	
1	NT	NT 1co 14:1	שֶׁתִּתְנַבָּאוּ	that-you-may-prophesy	נבא	heuristic	(נִבָּא) to prophesy; (נְבוּאָה) prophecy
1	NT	NT 1co 14:3	וּלְיַסְּרָם	and-exhortation	יסר	heuristic	(יִסַּר) to chasten; (יִסּוּרִים) affliction
1	NT	NT 1co 14:3	ולְנַחֲמָם	and-comfort	חממ	strong	be hot
1	NT	NT 1co 14:9	מְפֹרַָשׁ	easy-to-understand	פרש	strong	(פָּרַשׂ) to spread, stretch forth; (פָּרָשׁ
1	NT	NT 1co 14:12	לְהַעְדִּיף	that-you-may-excel	עדפ	strong	have
1	NT	NT 1co 14:13	יְפָרֲשֶׁנָּה	may-interpret	פרש	strong	(פָּרַשׂ) to spread, stretch forth; (פָּרָשׁ
1	NT	NT 1co 14:16	הַהֶדְיוֹטוֹת	the-unlearned		(no analysis)	
1	NT	NT 1co 14:19	מִלְּדַבֵּר	than-to-speak	דבר	strong	(דִּבֶּר) to speak; (דָּבָר) word, thing; (ד
1	NT	NT 1co 14:23	שֶׁמְּשֻׁגָּעִים	that-mad		(no analysis)	
1	NT	NT 1co 14:24	הֶדְיוֹט	one-unlearned		(no analysis)	
1	NT	NT 1co 14:28	מְפָרֵשׁ	interpreter	פרש	strong	(פָּרַשׂ) to spread, stretch forth; (פָּרָשׁ
1	NT	NT 1co 14:34	תִּשְׁתֹּקְנָה	let-them-keep-silence	שתק	strong	subside
1	NT	NT 1co 14:36	הֲמִכֶּם	was-it-from-you	כומ	hollow	
1	NT	NT 1co 14:40	וְכַשּׁוּרָה	and-in-order	שור	hollow (mater)	ox
1	NT	NT 1co 15:8	הַדֹּמֶה	like	דממ	haqtalah (geminate)	be dumb
1	NT	NT 1co 15:21	גַּם־תְּחִיַּת	also-the-resurrection-of	גממ	geminate	
1	NT	NT 1co 15:24	כְּשֶׁיִּמְסֹר	when-he-shall-have-delivered-up	מסר	strong	(מָסַר) to deliver, commit
1	NT	NT 1co 15:27	שֶׁהַשָּׁת	that-he-that-did-put	נשת	I-nun (dagesh)	eliminate
1	NT	NT 1co 15:30	מִסְתַּכְּנִים	stand-we-in-jeopardy		(no analysis)	
1	NT	NT 1co 15:35	וּכְשֶׁיָּשׁוּבוּ	and-when-they-come	שוב	heuristic	to return, repent, turn back; repentance
1	NT	NT 1co 15:37	וּכְשֶׁתִּזְרַע	and-that-which-you-sow	זרע	heuristic	(זֶרַע) seed; (זָרַע) to sow; (יִזְרְעֶאל) J
1	NT	NT 1co 15:37	הַזְּרָעִים	the-grains	זרע	heuristic	(זֶרַע) seed; (זָרַע) to sow; (יִזְרְעֶאל) J
1	NT	NT 1co 15:42	הַזְּרִיעָה	the-sowing-is	זרע	strong	(זֶרַע) seed; (זָרַע) to sow; (יִזְרְעֶאל) J
1	NT	NT 1co 15:55	עָקְצְךָ	your-sting	עקצ	heuristic	
1	NT	NT 1co 15:55	נִצְחוֹנֵךְ	your-victory	נצח	heuristic	(נֶצַח) forever, everlasting; (לַמְנַצֵּחַ) 
1	NT	NT 1co 15:58	וְהַעְדִּיפוּ	abounding	עדפ	strong	have
1	NT	NT 1co 16:1	גִּבּוּי	the-gathering-of	גבה	lamed-yod (yod hides the he)	high
1	NT	NT 1co 16:13	הִתְאֹשֲׂשׁוּ	quit-you-like-men	אשש	strong	(אִשֵּׁשׁ) to affirm, strengthen
1	NT	NT 1co 16:17	אֶת־חֶסְרֹנְכֶם	that-which-was-lacking-on-your-part	חסר	heuristic	want of
1	NT	NT 1co 16:19	וְגַם־הַקְּהִלָּה	and-also-the-church	גממ	geminate	
1	NT	NT 1jn 1:3	וְנִתְחַבַּרְנוּ	and-our-fellowship-is	חבר	heuristic	(חָבַר) to join, unite; (חָבֵר) companion; (
1	NT	NT 1jn 2:4	הִכַּרְתִּיו	I-know-him	נכר	I-nun (dagesh)	(נֵכָר) foreign, strange; (הִכִּיר) to recog
1	NT	NT 1jn 2:8	גַּם־בּוֹ	in-him	גממ	geminate	
1	NT	NT 1jn 2:13	הִתְגַּבַּרְתֶּם	you-have-overcome	גבר	heuristic	to be strong, prevail; mighty man
1	NT	NT 1jn 2:14	וְהִתְגַּבַּרְתֶּם	and-you-have-overcome	תגבר	heuristic	overpower them
1	NT	NT 1jn 2:27	תִצְטָרֲכוּ	you-need		(no analysis)	
1	NT	NT 1jn 2:27	שֶׁיְּלַמֵּד	teach	למד	strong	(לָמַד) to learn, teach; (תַּלְמִיד) discipl
1	NT	NT 1jn 3:4	פְּשִׁיעָה	is-the-transgression-of	פשע	strong	into transgression
1	NT	NT 1jn 3:19	נַשְׁקִיט	shall-assure	שקט	strong	(שָׁקַט) to be quiet, at rest
1	NT	NT 1jn 4:14	וַנָּעִידָה	and-do-testify	עוד	hollow (mater)	(עוֹד) again, still, yet
1	NT	NT 1pe 1:3	בַּהֲקָמַת	by-the-resurrection-of	קומ	hollow	rise
1	NT	NT 1pe 1:6	הַמִּתְעַצְּבִים	are-in-heaviness		(no analysis)	
1	NT	NT 1pe 1:12	מְשַׁמְּשִׁים	minister	שומ	hollow (mater)	put
1	NT	NT 1pe 1:18	נִפְדֵּיתֶם	you-were-redeemed	פדה	heuristic	redeemed
1	NT	NT 1pe 1:22	לְאַחֲוָה	unto-brotherly-love	חוה	hollow (mater)	Eve
1	NT	NT 1pe 3:2	תִצְנַעְנָה	you-are-chaste	צנע	strong	humiliate
1	NT	NT 1pe 3:3	וּפְאֵרְכֶן	whose-adorning	פאר	heuristic	glory, beauty; to glorify
1	NT	NT 1pe 3:7	גַם־לָהֶן	also-with-them	גממ	geminate	
1	NT	NT 1pe 3:9	שֶׁלָּזֹאת	that-thereunto	זאת	strong	this, this one (f.)
1	NT	NT 1pe 3:16	לְהַלְשִׁין	they-speak-evil-of	לשנ	strong	wag the tongue
1	NT	NT 1pe 3:17	מִשֶּׁתְּעֻנּוּ	than-that-you-suffer	נתע	I-nun (dagesh)	tear out
1	NT	NT 1pe 4:13	גַּם־תִּשְׂמְחוּ	you-may-also-be-glad	גממ	geminate	
1	NT	NT 1pe 4:14	וְאֶצְלְכֶם	but-on-your-part	אצל	heuristic	near
1	NT	NT 1pe 4:19	גַּם־הַמְעֻנִּים	let-them-that-suffer	גממ	geminate	
1	NT	NT 1pe 5:2	וְהַשְׁגִּיחוּ	taking-the-oversight	שגח	strong	(הִשְׁגִּיחַ) to watch over
1	NT	NT 1pe 5:14	בִּנְשִׁיקַת	with-a-kiss-of	שוק	hollow (mater)	(שׁוֹק) thigh; (שׁוּק) street, market
1	NT	NT 1th 1:2	בְּהַזְכִּירֵנוּ	in-our-remembering	זכר	strong	to remember; male
1	NT	NT 1th 2:7	מְפַנֶּקֶת	cherishing	פנק	strong	enervate
1	NT	NT 1th 2:9	וְאֶת־תְּלָאָתֵנוּ	and-travail	תלא	strong	suspend
1	NT	NT 1th 2:12	וַנָּעַד	and-we-charged	עוד	hollow	(עוֹד) again, still, yet
1	NT	NT 1th 2:16	שֶׁיִּוָּשֵׁעוּ	that-they-might-be-saved	ישע	I-yod (vav for yod)	to save, deliver; salvation, Jesus
1	NT	NT 1th 3:3	בַּמְּצוּקוֹת	by-these-afflictions	צוק	hollow (mater)	distress
1	NT	NT 1th 3:4	לְהִלָּחֵץ	suffer-tribulation	לחצ	strong	press
1	NT	NT 1th 3:5	יְגִיעָתֵנוּ	our-labor	גוע	hollow (mater)	perish
1	NT	NT 1th 4:1	גַּם־הִתְהַלַּכְתֶּם	also-you-walk	גממ	geminate	
1	NT	NT 1th 4:4	לְהִשְׁתַּמֵּשׁ	to-use		(no analysis)	
1	NT	NT 1th 4:11	וְתִשְׁתַּדְּלוּ	and-that-you-study		(no analysis)	
1	NT	NT 1th 4:12	תִּצְטָרֲכוּ	you-may-have-lack		(no analysis)	
1	NT	NT 1th 4:17	לָאֲוִיר	to-the-air	אור	hollow (mater)	light
1	NT	NT 1th 5:4	שֶׁיַּשִׂיג	that-he-shall-overtake	שוג	hollow (mater)	retreat
1	NT	NT 1th 5:6	מְפֻכָּחִים	sober		(no analysis)	
1	NT	NT 1th 5:7	וְהַמִּשְׁתַּכְּרִים	and-they-that-be-drunken		(no analysis)	
1	NT	NT 1th 5:7	מִשְׁתַּכְּרִים	are-drunken	כרמ	strong	vineyard
1	NT	NT 1ti 1:10	וְשַׁקְרָנִים	and-liars	קרנ	heuristic	shoot out horns
1	NT	NT 1ti 2:8	שֶׁיִּתְפַּלֲלוּ	that-pray		(no analysis)	
1	NT	NT 1ti 2:9	תִּתְיַפֶּינָה	adorn-themselves	יפה	heuristic	(יָפֶה) beautiful, fair
1	NT	NT 1ti 3:2	וְהֶגְמוֹן	and-a-bishop	הגה	heuristic	(הָגָה) to utter, ponder, meditate
1	NT	NT 1ti 3:4	וּמַדְרִיךְ	having	דרכ	strong	walk
1	NT	NT 1ti 3:7	גַם־צָרִיךְ	moreover-must	גממ	geminate	
1	NT	NT 1ti 3:8	גַּם־הַשַּׁמָּשִׁים	also-the-deacons	גממ	geminate	
1	NT	NT 1ti 3:11	מַלְשִׁינוֹת	slanderers	לשנ	strong	wag the tongue
1	NT	NT 1ti 3:11	משְׁלוֹת	sober	משל	strong	(מָשַׁל) to rule; (מֶמְשָׁלָה) dominion, gov
1	NT	NT 1ti 3:13	הַמְשַׁמְּשִׁים	those-who-serve		(no analysis)	
1	NT	NT 1ti 3:15	וּמְכוֹנָהּ	and-ground	כונ	hollow (mater)	prepare
1	NT	NT 1ti 3:16	וּבְוַדָּי	and-without-controversy	בדד	geminate	(לְבַד) alone, apart; (בַּד) pole, part
1	NT	NT 1ti 4:2	וְנִכְוִים	and-seared	כומ	hollow (mater)	
1	NT	NT 1ti 4:2	בְּמַדָּעָם	in-their-conscience		(no analysis)	
1	NT	NT 1ti 4:4	מְשֻׁקָּץ	to-be-refused	שקצ	strong	be filthy
1	NT	NT 1ti 4:8	תּוֹעִיל	is-profitable	יעל	I-yod (vav for yod)	(יָעֵל) Jael; (הוֹעִיל) to profit
1	NT	NT 1ti 4:10	וְנֶעֱלָבִים	and-suffer-reproach	עלה	heuristic	(עָלָה) to go up, ascend; (עֹלָה) burnt offe
1	NT	NT 1ti 5:5	מַתְמֶדֶת	continueth	מוד	hollow	shake
1	NT	NT 1ti 5:11	יִצְרָן	their-lust	יצר	heuristic	to form, fashion; potter
1	NT	NT 1ti 5:13	בּוֹטֹת	tattlers	נוט	I-nun	quake
1	NT	NT 1ti 5:14	שֶׁהַצְּעִירוֹת	that-the-younger-women	צער	strong	(צַעַר) sorrow; (הִצְטַעֵר) to be sorry
1	NT	NT 1ti 5:16	לְהַסְפִּיק	relieve	ספק	strong	doubt
1	NT	NT 1ti 5:22	תִשְׁתַּתֵּף	be-partaker		(no analysis)	
1	NT	NT 1ti 6:2	שֶׁמַּאֲמִינִים	that-believing	מאה	heuristic	hundred
1	NT	NT 1ti 6:4	וַחֲשָׁד	and-surmisings	חשה	heuristic	(חָשָׁה) to be silent, hold peace
1	NT	NT 1ti 6:5	וִכּוּחֵי	disputings-of	נוח	I-nun (dagesh)	(נוּחַ) to rest; (מָנוֹחַ) resting place; Ma
1	NT	NT 1ti 6:8	נִסְתַּפְּקָה	let-us-be-content		(no analysis)	
1	NT	NT 1ti 6:9	הַמַּשְׁקִיעוֹת	which-drown	שקע	strong	subside
1	NT	NT 1ti 6:17	בָּעֹשֶׂר	in-riches	עשר	strong	(עֶשֶׂר) ten; (עֶשְׂרִים) twenty; (עֹשֶׁר) r
1	NT	NT 1ti 6:17	הַמַּסְפִּיק	the-sufficient	ספק	strong	doubt
1	NT	NT 2co 1:14	שֶׁיְּדַעְתֶּם	that-you-have-acknowledged	ידע	heuristic	to know, perceive, understand
1	NT	NT 2co 1:22	גַם־חֲתָמָנוּ	hath-also-sealed-us	גממ	geminate	
1	NT	NT 2co 1:24	שֶׁמּשְׁלִים	that-we-have-dominion	שלמ	strong	make
1	NT	NT 2co 2:2	אַעֲצִיבְכֶם	make-you-sorry	עצב	heuristic	to shape, carve; to grieve, pain; idol
1	NT	NT 2co 2:3	שֶׁשִּׂמְחָתִי	that-my-joy	חתה	lamed-yod (yod hides the he)	(מַחְתָּה) fire pan, censer
1	NT	NT 2co 2:8	שֶׁתִּתְיָעֲצוּ	that-you-would-confirm		(no analysis)	
1	NT	NT 2co 3:5	לֹא־שֶׁכְּשֵׁרִים	not-that-sufficient	כשר	heuristic	prosper
1	NT	NT 2co 3:14	נִטַּמְטְמוּ	were-blinded		(no analysis)	
1	NT	NT 2co 3:18	וְנִתְהַפֵּךְ	are-changed	תהה	heuristic	
1	NT	NT 2co 3:18	שֶׁמִּתְחַלֵּף	transformed	חלפ	strong	pass
1	NT	NT 2co 4:2	לְעַקֵּם	handling-deceitfully	עוק	heuristic	pack
1	NT	NT 2co 4:8	נִלְחָצִים	troubled	לחצ	heuristic	press
1	NT	NT 2co 4:12	וּבָכֶם	but-in-you	כומ	hollow	
1	NT	NT 2co 5:6	שֶׁמּוֹשָׁבֵנוּ	we-are-at-home	ישב	I-yod (vav for yod)	to dwell, sit, inhabit
1	NT	NT 2co 5:9	נִשְׁתַּדֵּל	we-labor		(no analysis)	
1	NT	NT 2co 5:12	מִשְׁתַּבְּחִים	commend-ourselves		(no analysis)	
1	NT	NT 2co 6:9	וְגַם־יְדוּעִים	and-yet-well-known	גממ	geminate	
1	NT	NT 2co 6:9	כִּמְיֻסָּרִים	as-chastened	מסר	heuristic	(מָסַר) to deliver, commit
1	NT	NT 2co 6:15	הַסְכָּמָה	concord	סכמ	heuristic	
1	NT	NT 2co 7:5	גַּם־בְּבֹאֵנוּ	when-we-were-come	גממ	geminate	
1	NT	NT 2co 7:8	גַּם־אִם־הֶעֱצַבְתִּי	though-I-made-you-sorry	גממ	geminate	
1	NT	NT 2co 7:10	גֹּרֶמֶת	worketh	גרמ	strong	bones
1	NT	NT 2co 7:12	הָעֹלֵב	him-that-did-the-wrong	עלה	heuristic	(עָלָה) to go up, ascend; (עֹלָה) burnt offe
1	NT	NT 2co 7:12	הַנֶּעֱלָּב	him-that-suffered-wrong	עלב	heuristic	(הֶעֱלִיב) to insult
1	NT	NT 2co 7:13	בְנֶחָמַתְכֶם	in-your-comfort		(no analysis)	
1	NT	NT 2co 7:14	גַּם־תְּהִלָּתֵנוּ	also-our-boasting	גממ	geminate	
1	NT	NT 2co 8:2	עֲנִיּוּתָם	their-poverty	ענה	heuristic	(עָנָה) to answer; to afflict; (עֲנָוָה) hum
1	NT	NT 2co 8:5	וְגַם־לָנוּ	and-unto-us	גממ	geminate	
1	NT	NT 2co 8:6	זֵרַזְנוּ	we-desired	זרה	heuristic	winnow
1	NT	NT 2co 8:7	וּבְדִבּוּר	and-utterance	דבר	strong	(דִּבֶּר) to speak; (דָּבָר) word, thing; (ד
1	NT	NT 2co 8:11	הִתְנַדַּבְתֶּם	there-was-a-readiness	נדב	heuristic	(נָדַב) to offer freely; (נְדָבָה) freewill 
1	NT	NT 2co 8:11	גַּם־תִּגְמְרוּ	there-may-be-a-performance-also	גממ	geminate	
1	NT	NT 2co 8:14	מַחְסֹרְכֶם	your-want	חסר	heuristic	want of
1	NT	NT 2co 8:16	כַּשְּׁקִידָה	the-same-earnest-care	שקד	strong	(שָׁקַד) to watch; (שָׁקֵד) almond
1	NT	NT 2co 8:17	לְבַקָּשָׁתֵנוּ	our-exhortation	לקש	lqh	gather
1	NT	NT 2co 8:17	וּבִשְׁקִידָתוֹ	but-in-his-diligence	שקד	strong	(שָׁקַד) to watch; (שָׁקֵד) almond
1	NT	NT 2co 8:19	שֶׁהַקְּהִלּוֹת	that-the-churches	קהל	strong	(קָהָל) assembly, congregation; (קְהִלָּה) c
1	NT	NT 2co 8:19	הַגָּבוּי	which-is-administered	גבה	lamed-yod (yod hides the he)	high
1	NT	NT 2co 8:20	הַגְּבוּיָה	which-is-administered	גבה	lamed-yod (yod hides the he)	high
1	NT	NT 2co 8:22	אֶת־שְׁקִידָתוֹ	his-diligence	שקד	strong	(שָׁקַד) to watch; (שָׁקֵד) almond
1	NT	NT 2co 9:8	לְהַשְׁפִּיעַ	to-make-abound	שפע	strong	(שֶׁפַע) abundance; Bountiful
1	NT	NT 2co 9:8	סִפּוּקְכֶם	your-need	ספק	heuristic	doubt
1	NT	NT 2co 9:12	שֵׁרוּתְכֶם	your-ministration	שרת	heuristic	to minister, serve
1	NT	NT 2co 9:13	הוֹדָאַתְכֶם	your-profession	הוד	heuristic	(הוֹד) splendor, honor, majesty
1	NT	NT 2co 10:7	יַחֲזֹר	let-him-again	חזר	strong	(חָזַר) to return, repeat; (הֶחֱזִיר) to res
1	NT	NT 2co 10:9	כִּמְאַיֵּם	as-if-I-would-terrify	מאמ	strong	
1	NT	NT 2co 10:10	חָלוּשׁ	weak	חלש	strong	(חָלַשׁ) to be weak; (חֻלְשָׁה) weakness, in
1	NT	NT 2co 10:11	בַדִּבּוּר	in-word	דבר	strong	(דִּבֶּר) to speak; (דָּבָר) word, thing; (ד
1	NT	NT 2co 10:12	אַל־נָעֵז	we-dare-not	אלה	lamed-yod / III-he	(אֵלֶּה) these; (אָלָה) oath, curse
1	NT	NT 2co 10:12	הַמְשַׁבְּחִים	that-commend		(no analysis)	
1	NT	NT 2co 10:13	גַּם־עָדֵיכֶם	even-unto-you	גממ	geminate	
1	NT	NT 2co 10:15	בִּיגִיעַת	of-the-labors-of	גוע	hollow (mater)	perish
1	NT	NT 2co 11:3	תִּשְׂטֶינָה	should-be-corrupted	שטה	lamed-yod (yod hides the he)	deviate
1	NT	NT 2co 11:5	מֵהַשְּׁלִיחִים	the-apostles	שלח	heuristic	(שָׁלַח) to send, stretch out; (שָׁלִיחַ) ap
1	NT	NT 2co 11:6	מִדִּבּוּר	in-speech	דבר	strong	(דִּבֶּר) to speak; (דָּבָר) word, thing; (ד
1	NT	NT 2co 11:7	בְּהַשְׁפִּילִי	in-abasing	שפל	strong	(שָׁפָל) low, lowly; (שְׁפֵלָה) the Shephela
1	NT	NT 2co 11:7	הַגְבִּיהֲכֶם	you-might-be-exalted	גבה	heuristic	high
1	NT	NT 2co 11:8	אֲשָׁרֶתְכֶם	do-you-service	שרת	heuristic	to minister, serve
1	NT	NT 2co 11:15	גַּם־מְשָׁרֲתָיו	his-ministers-also	גממ	geminate	
1	NT	NT 2co 11:17	אָעֹז	I-am-bold	עוז	hollow	(עֹז) strength; (הֵעֵז) to dare; take refuge
1	NT	NT 2co 11:17	וְאֶתְהַלָּל	and-boast	הלל	heuristic	(הָלַל) to praise, boast; (תְּהִלָּה) praise
1	NT	NT 2co 11:20	יְשַׁעְבֵּד	bring-into-bondage		(no analysis)	
1	NT	NT 2co 11:23	בִּיגִיעוֹת	in-labors	גוע	hollow (mater)	perish
1	NT	NT 2co 11:23	בִּמְצוּקוֹת	in-perils-of	צוק	hollow (mater)	distress
1	NT	NT 2co 11:24	לָקִיתִי	received-I-stripes	קיה	lamed-yod / III-he	vomit
1	NT	NT 2co 11:25	סְפִינָתִי	my-ship	ספנ	strong	hide by covering
1	NT	NT 2co 12:4	לְמַלֲלָם	to-utter	מלל	heuristic	(מִלָּה) word; (מִלֵּל) to speak
1	NT	NT 2co 12:13	נִגְרַעְתֶּם	you-were-inferior	גרע	heuristic	(גָּרַע) to take away, subtract
1	NT	NT 2co 12:19	שֶׁמִּתְנַצְּלִים	that-we-excuse-ourselves		(no analysis)	
1	NT	NT 2co 13:7	שֶׁנֵּרָאֶה	that-we-should-appear	ראה	strong	(רָאָה) to see, look; (הֶרְאָה) to show; (מַ
1	NT	NT 2pe 1:7	וְעַל־הָאַחֲוָה	and-to-brotherly-kindness	יעל	I-yod (vav for yod)	(יָעֵל) Jael; (הוֹעִיל) to profit
1	NT	NT 2pe 1:8	מִתְעַצְּלִים	barren	עצל	heuristic	idle
1	NT	NT 2pe 1:12	וְהִתְכּוֹנַנְתֶּם	and-are-established	תכנ	heuristic	balance
1	NT	NT 2pe 1:19	וַהֲטִיבֹתֶם	you-do-well	טוב	heuristic	good, pleasant, well
1	NT	NT 2pe 2:3	בִדּוּי	feigned	דוה	lamed-yod (yod hides the he)	be sick
1	NT	NT 2pe 2:5	וְגַם־עַל־הַדּוֹרוֹת	and-also-the-generations	גממ	geminate	
1	NT	NT 2pe 2:8	עֲגוּמָה	was-vexed	עגמ	strong	be sad
1	NT	NT 2pe 2:11	יְגַדְּפוּם	bring-railing-accusation-against-them		(no analysis)	
1	NT	NT 2pe 2:13	עֶדְנַת	to-riot-in	עדנ	strong	be soft
1	NT	NT 2pe 2:13	וּמְזֻהָמִים	and-blemishes	זהמ	heuristic	be rancid
1	NT	NT 2pe 2:13	הַמִּתְפַּנְּקִים	sporting-themselves		(no analysis)	
1	NT	NT 2pe 2:14	יְצוֹדֵדוּ	they-beguile	צדד	strong	(צַד) side
1	NT	NT 2pe 2:22	בָּרָפֶשׁ	in-the-mire	רפש	strong	trample
1	NT	NT 2pe 3:3	וְיִתְלוֹצֲצוּ	and-scoffing		(no analysis)	
1	NT	NT 2pe 3:5	שֶׁלְּפָנִים	that-of-old	אלפ	heuristic	teach
1	NT	NT 2pe 3:10	וְהִתְמֹגֲגוּ	and-melt	מגג	heuristic	
1	NT	NT 2pe 3:16	וּבָהֶן	in-which	בהנ	strong	thumb
1	NT	NT 2th 1:4	עַל־סַבְלָנוּתְכֶם	for-your-patience	עלה	lamed-yod / III-he	(עָלָה) to go up, ascend; (עֹלָה) burnt offe
1	NT	NT 2th 1:10	וּלְהִתְפַּלֵּא	and-to-be-admired	פלא	strong	(פֶּלֶא) wonder; (נִפְלָאוֹת) miracles, marv
1	NT	NT 2th 1:11	גַּם־נִתְפַּלֵּל	also-we-pray	גממ	geminate	
1	NT	NT 2th 2:2	בְדִבּוּר	by-word	דבר	strong	(דִּבֶּר) to speak; (דָּבָר) word, thing; (ד
1	NT	NT 2th 2:7	שֶׁיּוּסַר	until-be-taken	יסר	I-yod (vav for yod)	(יִסַּר) to chasten; (יִסּוּרִים) affliction
1	NT	NT 2th 2:8	בְּהוֹפָעַת	with-the-brightness-of	יפע	I-yod (vav for yod)	shine
1	NT	NT 2th 2:16	נֶחָמַת	consolation-of	חמת	strong	wrath of
1	NT	NT 2th 3:1	כְּהִכָּבְדוֹ	even-as-it-is	כבד	strong	(כָּבֵד) to be heavy; to honor; (כָּבוֹד) gl
1	NT	NT 2th 3:7	שֶׁצְּרִיכִים	that-ought	צרכ	heuristic	need
1	NT	NT 2th 3:12	מִשֶּׁלָּהֶם	their-own	להמ	strong	burn in
1	NT	NT 2th 3:13	אַל־תִּתְרַפּוּ	be-not-weary	אלה	lamed-yod / III-he	(אֵלֶּה) these; (אָלָה) oath, curse
1	NT	NT 2ti 1:5	זְקֵנָתְךָ	your-grandmother		(no analysis)	
1	NT	NT 2ti 2:4	בְּעִסְקֵי	the-affairs-of	עסה	heuristic	
1	NT	NT 2ti 2:5	וְגַּם	and-also	גממ	geminate	
1	NT	NT 2ti 2:12	גַּם־נִמְלֹךְ	also-we-shall-reign	גממ	geminate	
1	NT	NT 2ti 2:17	וְשִׂיחָתָם	and-their-word	חתמ	strong	seal
1	NT	NT 2ti 2:18	וַיְבַלְבְּלוּ	and-overthrow		(no analysis)	
1	NT	NT 2ti 2:20	גַם־שֶׁל־עֵץ	also-of-wood	גממ	geminate	
1	NT	NT 2ti 2:26	צָדָם	are-taken-captive	צדד	heuristic	(צַד) side
1	NT	NT 2ti 3:2	וּכְפוּיֵי	unthankful	כפה	lamed-yod (yod hides the he)	bend
1	NT	NT 2ti 3:6	וְנִתְעוֹת	led-away	נתע	strong	tear out
1	NT	NT 2ti 3:13	וְנִתְעִים	and-being-deceived	תעה	heuristic	(תָּעָה) to wander, go astray; deceive
1	NT	NT 2ti 3:15	לְהַחְכִּימְךָ	to-make-you-wise	חכמ	heuristic	(חָכְמָה) wisdom
1	NT	NT 2ti 4:1	בְּהוֹפָעָתוֹ	at-his-appearing	יפע	I-yod (vav for yod)	shine
1	NT	NT 2ti 4:2	וְהַתְמֵד	be-instant	מוד	hollow	shake
1	NT	NT 2ti 4:6	אֻסַּךְ	I-am-ready-to-be-offered	נסכ	I-nun (dagesh)	pour
1	NT	NT 2ti 4:13	הַקְּלָף	the-parchments	קלה	heuristic	toast
1	NT	NT 2ti 4:16	בְּהִצְטַדְּקִי	at-my-first-answer		(no analysis)	
1	NT	NT 3jn 1:13	וּבְקוֹלָמוֹס	and-pen		(no analysis)	
1	NT	NT acts 1:19	דְּמָא	dama,	דמה	heuristic	was like
1	NT	NT acts 1:25	וְהַשְּׁלִיחוּת	and apostleship,	שלח	strong	(שָׁלַח) to send, stretch out; (שָׁלִיחַ) ap
1	NT	NT acts 2:6	כִּשְׂפַת	in the tongue of	כשפ	strong	whisper
1	NT	NT acts 2:23	הַנִּמְסָר	being delivered	מסר	strong	(מָסַר) to deliver, commit
1	NT	NT acts 2:23	הוֹקַעְתֶּם	you have crucified	יקע	heuristic	sever
1	NT	NT acts 2:24	בְּהַתִּירוֹ	having loosed	תור	hollow (mater)	(תּוּר) to spy out, search
1	NT	NT acts 3:12	וּבַחֲסִידוּתֵנוּ	or holiness	חסד	heuristic	kindness, loving-kindness, steadfast love, m
1	NT	NT acts 3:13	וְכִחַשְׁתֶּם	and denied	כחש	heuristic	denies
1	NT	NT acts 3:14	כִּחַשְׁתֶּם	denied	כחש	heuristic	denies
1	NT	NT acts 3:21	שֶׁיְּקַבְּלוּ	receive	קבל	strong	(קִבֵּל) to receive, accept
1	NT	NT acts 4:16	וְגַם־מְפֻרְסָם	and is well known	גממ	geminate	
1	NT	NT acts 4:23	הִפָּטְרָם	they were let go,	פטר	heuristic	(פֶּטֶר) that which opens; (פֶּטְרוֹס) Peter
1	NT	NT acts 4:29	אֶת־גַּעֲרָתָם	their threatenings:	גער	heuristic	(גְּעָרָה) rebuke
1	NT	NT acts 5:9	נוֹעַצְתֶּם	you-have-agreed-together	יעצ	heuristic	advise
1	NT	NT acts 5:16	וְאֶת־הַנִּלְחָצִים	and-them-which-were-vexed		(no analysis)	
1	NT	NT acts 6:1	אֶת־אֲרוּחָתָן	their-daily-ministration.	רוח	heuristic	spirit, wind, breath
1	NT	NT acts 6:2	וּנְשַׁמֵּשׁ	and-serve	שמש	strong	(שֶׁמֶשׁ) sun; (שִׁמֵּשׁ) to serve, be used;
1	NT	NT acts 7:28	אֶתְמֹל	yesterday	מלא	heuristic	(מָלֵא) to fill, be full; (מְלֹא) fulness
1	NT	NT acts 7:34	וְאֶת־נַאֲקָתָם	and-their-groaning	נאק	heuristic	groan
1	NT	NT acts 8:3	וַיְשׁוֹטֵט	entering		(no analysis)	
1	NT	NT acts 8:23	וְחַרְצֻבּוֹת	and-the-bond-of	חרצב	heuristic	
1	NT	NT acts 8:27	לְקַנְדַּק	under-Candace		(no analysis)	
1	NT	NT acts 8:27	עַל־כׇּל־גְּנָזֶיהָ	of-all-her-treasure,	עלה	lamed-yod / III-he	(עָלָה) to go up, ascend; (עֹלָה) burnt offe
1	NT	NT acts 8:31	יוֹרֵנִי	should-guide-me?	רנה	lamed-yod / III-he	into singing
1	NT	NT acts 9:1	יְפֵחַ	he may breathe out	יפח	strong	breathe hard
1	NT	NT acts 9:7	נֶאֱלָמִים	speechless	אלה	heuristic	(אֵלֶּה) these; (אָלָה) oath, curse
1	NT	NT acts 9:22	בְּהוֹכִיחוֹ	in-they-rebuked	יכח	I-yod (vav for yod)	to reprove, argue, set right
1	NT	NT acts 9:24	אָרְבָּם	their-laying-await	ארב	heuristic	(אָרַב) to lie in wait, ambush
1	NT	NT acts 9:29	זַמֲמוּ	went-about	זממ	strong	plan
1	NT	NT acts 9:31	בְּנֶחָמַת	in-the-comfort-of	חמת	strong	wrath of
1	NT	NT acts 9:34	הַצָּע	and-make	הצע	strong	
1	NT	NT acts 10:38	אֶת־כׇּל־הַנִּכְבָּשִׁים	all-that-were-oppressed		(no analysis)	
1	NT	NT acts 10:39	בְּהוֹקִיעָם	and-hanged		(no analysis)	
1	NT	NT acts 11:5	עָדָי	even-to-me:	עדה	lamed-yod (yod hides the he)	congregation, assembly; church — the EARLY w
1	NT	NT acts 11:19	עַד־פִּינוּקְיָא	as-far-as-Phenice,	עוד	hollow	(עוֹד) again, still, yet
1	NT	NT acts 12:5	וְהַקְּהִילָּה	but-the-church	קהל	strong	(קָהָל) assembly, congregation; (קְהִלָּה) c
1	NT	NT acts 12:5	הֶעְתִּירָה	made-prayer	עתר	strong	(עָתַר) to entreat, pray; Ether
1	NT	NT acts 12:14	וּמִשִּׂמְחָתָהּ	for-gladness	שמח	strong	to rejoice, be glad; joy
1	NT	NT acts 13:9	וַיִּסְתַּכֵּל	set-his-eyes		(no analysis)	
1	NT	NT acts 13:10	לְסַלֵּף	to-pervert	סלפ	strong	wrench
1	NT	NT acts 13:45	הַכְחֵשׁ	contradicting	כחש	strong	denies
1	NT	NT acts 13:46	וְדַנְתֶּם	and-judge	אדנ	heuristic	basis
1	NT	NT acts 13:46	זַכָּאִים	worthy	זכה	heuristic	be translucent
1	NT	NT acts 14:9	הִסְתַּכֵּל	stedfastly-beholding		(no analysis)	
1	NT	NT acts 15:8	גַם־לָהֶם	also-to-them	גממ	geminate	
1	NT	NT acts 15:19	לְהַחֲמִיר	we-trouble	חמר	strong	(חֲמוֹר) donkey; Hamor; (חֹמֶר) homer, clay
1	NT	NT acts 15:24	וּמְקַלְקְלִים	subverting		(no analysis)	
1	NT	NT acts 15:25	חֲבִיבֵינוּ	our-beloved,	חבב	heuristic	(חָבַב) to cherish
1	NT	NT acts 15:33	שֹׁלְחֵיהֶם	the-apostles.	לוח	heuristic	(לוּחַ) plate, tablet
1	NT	NT acts 16:12	וּקְלוֹנְיָא	and-a-colony		(no analysis)	
1	NT	NT acts 16:20	עֹכְרִים	do-exceedingly-trouble	עכר	heuristic	(עָכַר) to trouble; Achor
1	NT	NT acts 17:3	שֶׁיְּעֻנֶּה	suffered,	שוע	hollow (mater)	(שַׁוְעָה) cry for help
1	NT	NT acts 17:6	גַּם־הֲלוֹם	hither-also;	גממ	geminate	
1	NT	NT acts 17:18	הַפִילוֹסוֹפִים	the-philosophers		(no analysis)	
1	NT	NT acts 17:18	הַמְּפַטְפֵּט	babbler		(no analysis)	
1	NT	NT acts 17:25	יִצְטָרֵךְ	he-needed		(no analysis)	
1	NT	NT acts 17:26	זְמַנִּים	the-times	זמנ	heuristic	(זְמָן) time, appointed season; (הִזְמִין) t
1	NT	NT acts 17:28	וּמִתְנוֹעֲעִים	and-move,		(no analysis)	
1	NT	NT acts 17:28	בִּמְשׁוֹרֲרֵיכֶם	of-your-own-poets		(no analysis)	
1	NT	NT acts 17:29	שֶׁהָאֱלָהוּת	that-the-Godhead	אלל	haqtalah (geminate)	(אֱלִיל) idol
1	NT	NT acts 18:17	לֹא־שָּׁת	set-not	נשת	I-nun (dagesh)	eliminate
1	NT	NT acts 19:14	סְקֵוָה	one-Sceva,		(no analysis)	
1	NT	NT acts 19:25	הָעֹסְקִים	the-workmen	עסה	heuristic	
1	NT	NT acts 19:29	בְּמַסָּעָיו	in-travel.	נסע	I-nun (dagesh)	to pull up, set out, journey
1	NT	NT acts 19:34	כְּהַכִּירָם	when-they-knew	כרמ	strong	vineyard
1	NT	NT acts 19:34	כִּשְׁתֵּי	about-the-space-of-two	שתה	lamed-yod (yod hides the he)	(שָׁתָה) to drink; (מִשְׁתֶּה) feast
1	NT	NT acts 20:15	וַנָּלֶן	and-tarried	לונ	hollow	stop
1	NT	NT acts 20:35	מִשֶּׁתִּקָּח	than-to-receive.	לקח	lqh	to take, receive, get
1	NT	NT acts 21:13	וְתָמֵסּוּ	and-break	מסה	lamed-yod / III-he	dissolve
1	NT	NT acts 21:14	וַנִּרֶף	we-ceased	רפה	lamed-yod / III-he	to sink, relax, grow slack; to fail
1	NT	NT acts 21:16	גַּם־תַּלְמִידִים	also-certain-of-the-disciples	גממ	geminate	
1	NT	NT acts 21:29	שֶׁפּוֹלוֹס	that-Paul		(no analysis)	
1	NT	NT acts 22:1	וְאֶצְטַדֵּק	my-defense		(no analysis)	
1	NT	NT acts 22:4	וּמַסְגִּיר	and-delivering	סגר	strong	shut it
1	NT	NT acts 22:5	גַּם־יָעִיד	also-doth-bear-witness	גממ	geminate	
1	NT	NT acts 22:5	יִוָּסֵרוּ	to-be-punished.	יסר	I-yod (vav for yod)	(יִסַּר) to chasten; (יִסּוּרִים) affliction
1	NT	NT acts 22:11	וַיּוֹלִיכוּנִי	they-led-me		(no analysis)	
1	NT	NT acts 22:16	תִתְמַהְמֵהַּ	tarriest-you?	מהה	heuristic	(הִתְמַהְמַהּ) to tarry, delay
1	NT	NT acts 22:19	וְהִלְקֵיתִי	and-beat	לקק	heuristic	lick
1	NT	NT acts 22:24	לְהַלְקוֹת	that-he-should-be-scourged	לקק	geminate	lick
1	NT	NT acts 22:25	בִרְצוּעוֹת	with-thongs,	רצע	strong	pierce
1	NT	NT acts 22:30	כׇּל־הַסַּנְהֶדְרִין	all-their-council,		(no analysis)	
1	NT	NT acts 23:1	בַּסַּנְהֶדְרִין	the-council,		(no analysis)	
1	NT	NT acts 23:3	הַמְּסֻיָּד	whited:	סוד	hollow (mater)	counsels of
1	NT	NT acts 23:15	וְסַנְהֶדְרִין	with-the-council		(no analysis)	
1	NT	NT acts 23:15	וַיוֹרִידֵהוּ	that-he-bring-him-down	ירד	I-yod (vav for yod)	to go down, descend
1	NT	NT acts 23:16	אֶת־אָרְבָּם	of-their-lying-in-wait,	ארב	heuristic	(אָרַב) to lie in wait, ambush
1	NT	NT acts 23:24	לְהַרְכִּיב	that-they-may-set-on,	רכב	strong	to ride; chariot
1	NT	NT acts 23:35	גַם־שׂטְנֶיךָ	yours-accusers-also	גממ	geminate	
1	NT	NT acts 24:1	אֶת־הַהֶגְמוֹן	the-governor	הגה	heuristic	(הָגָה) to utter, ponder, meditate
1	NT	NT acts 24:2	בְּהַשְׁגָּחָתֶךָ	by-your-providence,		(no analysis)	
1	NT	NT acts 24:4	אוֹגִיעֲךָ	I-be-tedious-unto-you		(no analysis)	
1	NT	NT acts 24:4	שֶׁתִּשְׁמָעֵנוּ	that-you-would-hear-us	שמע	strong	(שָׁמַע) to hear, obey
1	NT	NT acts 24:4	כְּחֶמְלָתֶךָ	of-your-clemency.		(no analysis)	
1	NT	NT acts 24:5	כְּקֶטֶב	a-pestilent-fellow,	קטב	strong	ruin
1	NT	NT acts 24:11	עֲלוֹתִי	I-went-up	עלה	lamed-yod (vav form)	(עָלָה) to go up, ascend; (עֹלָה) burnt offe
1	NT	NT acts 24:25	וְלִכְשֶׁאֶפְנֶה	when-I-have-a-convenient-season,		(no analysis)	
1	NT	NT acts 25:7	וַיַּאֲשִׁימוּ	and-laid-against	אשמ	strong	be guilty
1	NT	NT acts 25:8	הִצְטַדֵּק	answered-for-himself,		(no analysis)	
1	NT	NT acts 25:11	לְהַסְגִּירֵנִי	deliver-me	סגר	strong	shut it
1	NT	NT acts 26:1	יִצְטַדֵּק	answered-for-himself:		(no analysis)	
1	NT	NT acts 26:5	הַמַּקְפֶּדֶת	straitest	קפד	strong	contract
1	NT	NT acts 26:7	לְחַיְּבֵנִי	accused.	חוב	hollow (mater)	(חַיָּב) bound, in danger; debt
1	NT	NT acts 26:11	וַאֲנַסְתִּים	and-compelled-them	נסה	heuristic	(נִסָּה) to prove, try, tempt; (נִסָּיוֹן) t
1	NT	NT acts 26:11	וָאֶתְהוֹלֲלָה	and-being-exceedingly-mad		(no analysis)	
1	NT	NT acts 26:23	לְהֵעָנוֹת	suffer,	ענו	strong	did we heed
1	NT	NT acts 27:1	דִּינֵנוּ	our-cause	דונ	hollow (mater)	
1	NT	NT acts 27:8	לִימֶנֶס	havens		(no analysis)	
1	NT	NT acts 27:10	וְלׇאֳנִיָּה	and-ship,	אנה	lamed-yod (yod hides the he)	ship; whither?
1	NT	NT acts 27:14	נַחֲשֹׁל	tempestuous,	חשל	strong	make
1	NT	NT acts 27:15	וַנֶּרֶף	we-let-go	רפה	lamed-yod / III-he	to sink, relax, grow slack; to fail
1	NT	NT acts 27:17	אֶת־דָּפְנֵי	the-sides-of	נדפ	I-nun (dagesh)	shove
1	NT	NT acts 27:17	רֻכְסֵי	the-banks-of	רכס	strong	tie
1	NT	NT acts 27:27	לְטִלְטוּלֵנוּ	as-we-were-driven-up-and-down		(no analysis)	
1	NT	NT acts 27:33	חִכִּיתֶם	you-have-tarried	חכה	heuristic	he waited
1	NT	NT acts 27:40	אֶת־הָעוֹגִינִים	the-anchors,	עוג	heuristic	bake
1	NT	NT acts 27:40	גַּם־אֶת־מֵיתְרֵי	also-the-bands-of	גממ	geminate	
1	NT	NT acts 27:43	וַיָּנֵא	kept-them	נוא	hollow	(מִין) kind, manner
1	NT	NT acts 28:4	הַלֹּעֲזִים	the-barbarians	לעז	heuristic	foreign tongue
1	NT	NT acts 28:9	גַּם־הַחֹלִים	others-also-which-had-diseases	גממ	geminate	
1	NT	NT col 1:6	גַּם־בְּתוֹכֲכֶם	also-among-you	גממ	geminate	
1	NT	NT col 1:6	וְהִכַּרְתֶּם	and-knew	נכר	heuristic	(נֵכָר) foreign, strange; (הִכִּיר) to recog
1	NT	NT col 1:9	שֶׁתִּמָּלְאוּ	that-you-be-filled	מלא	strong	(מָלֵא) to fill, be full; (מְלֹא) fulness
1	NT	NT col 1:12	הַמְזַכֶּה	who-hath-made-worthy	זכה	strong	be translucent
1	NT	NT col 1:13	חִלְּצָנוּ	hath-delivered-us	חלצ	strong	deliver
1	NT	NT col 1:29	וּמִתְגּוֹשֵׁשׁ	and-striving	גשש	strong	feel about
1	NT	NT col 2:3	גְּנוּזִים	are-hid	גנז	heuristic	treasure
1	NT	NT col 2:8	בְּפִילֹסוֹפְיָה	in-philosophy		(no analysis)	
1	NT	NT col 2:11	גַם־נִמַּלְתֶּם	also-you-are-circumcised	גממ	geminate	
1	NT	NT col 2:12	נִקְבַּרְתֶּם	you-were-buried	קבר	heuristic	(קֶבֶר) grave; (קָבַר) to bury
1	NT	NT col 2:14	וַיִּמְחַק	and-He-blotted-out	מחק	strong	crush
1	NT	NT col 2:14	בַּצְּלוּב	to-the-cross	צלב	strong	(צְלָב) cross; (צָלַב) to crucify
1	NT	NT col 2:20	תִשְׁתַּעְבְּדוּ	are-you-subject		(no analysis)	
1	NT	NT col 2:22	בְּתַשְׁמִישָׁם	in-their-use		(no analysis)	
1	NT	NT col 3:12	וְהַחֲבִיבִים	and-the-beloved-ones	חבב	heuristic	(חָבַב) to cherish
1	NT	NT col 3:12	וּנְמִיכוּת	and-lowness	מוכ	hollow (mater)	become thin
1	NT	NT col 3:13	וְתִמְחֲלוּ	and-forgiving	מחל	strong	(מָחַל) to forgive, pardon
1	NT	NT col 3:19	וְאַל־תִּתְמַרְמְרוּ	and-do-not-be-bitter	יאל	I-yod (vav for yod)	be slack
1	NT	NT col 3:21	אַל־תַּרְגִּיזוּ	do-not-provoke	אלה	lamed-yod / III-he	(אֵלֶּה) these; (אָלָה) oath, curse
1	NT	NT col 4:9	וְהֶחָבִיב	and-the-beloved	חבב	strong	(חָבַב) to cherish
1	NT	NT col 4:12	הַמִּתְגּוֹשֵׁשׁ	laboring-fervently	גשש	strong	feel about
1	NT	NT col 4:17	קִבַּלְתָּהּ	you-received	קבל	strong	(קִבֵּל) to receive, accept
1	NT	NT eph 1:13	גַּם־נֶחְתַּמְתֶּם	also-you-were-sealed	גממ	geminate	
1	NT	NT eph 2:16	צְלִיבָתוֹ	his-crucifixion	צלב	strong	(צְלָב) cross; (צָלַב) to crucify
1	NT	NT eph 3:19	וְנִמְלֵאתֶם	and-you-be-filled-with	מלא	heuristic	(מָלֵא) to fill, be full; (מְלֹא) fulness
1	NT	NT eph 4:4	גַּם־נִקְרֵאתֶם	also-you-are-called	גממ	geminate	
1	NT	NT eph 4:24	וְלִלְבּשׁ	and-put-on	לבש	strong	to clothe, put on, be clothed
1	NT	NT eph 4:30	נֶחְתַּמְתֶּם	you-were-sealed	חתה	heuristic	(מַחְתָּה) fire pan, censer
1	NT	NT eph 5:3	לַקְּדשִׁים	to-the-saints	קדש	heuristic	(קָדוֹשׁ) holy; to sanctify; (מִקְדָּשׁ) tem
1	NT	NT eph 5:11	וְאַל־תִּשְׁתַּתְּפוּ	and-do-not-partake	יאל	I-yod (vav for yod)	be slack
1	NT	NT eph 5:13	כְּשֶׁיּוּכַח	when-reproved	יכח	I-yod (vav for yod)	to reprove, argue, set right
1	NT	NT eph 5:18	וְאַל־תִּשְׁתַּכְּרוּ	and-do-not-be-drunk	יאל	I-yod (vav for yod)	be slack
1	NT	NT eph 5:19	שִׂיחַתְכֶם	your-conversation	שחת	heuristic	destruction
1	NT	NT eph 5:27	וָקֶמֶט	or-wrinkle	קמט	strong	pluck
1	NT	NT eph 6:5	וָרֶתֶת	and-trembling	רתת	strong	terror
1	NT	NT eph 6:18	לְהַעְתִּיר	to-pray	עתר	strong	(עָתַר) to entreat, pray; Ether
1	NT	NT eph 6:19	מְלִיצָהּ	an-ambassador-for-it	ליצ	strong	
1	NT	NT eph 6:20	אֵחָת	be-dismayed	חתה	lamed-yod / III-he	(מַחְתָּה) fire pan, censer
1	NT	NT gal 1:4	לְחַלְּצֵנוּ	to-deliver-us	חלצ	strong	deliver
1	NT	NT gal 1:7	הָעֹכְרִים	the-troublers	עכר	heuristic	(עָכַר) to trouble; Achor
1	NT	NT gal 1:12	קִבַּלְתִּיהָ	I-received-it	קבל	strong	(קִבֵּל) to receive, accept
1	NT	NT gal 2:2	שֶׁבָּהֶם	that-in-them	בהמ	strong	
1	NT	NT gal 2:12	וּפוֹרֵשׁ	and-separating	פרש	strong	(פָּרַשׂ) to spread, stretch forth; (פָּרָשׁ
1	NT	NT gal 2:13	גַּם־בַּר־נַבָּא	also-Barnabas	גממ	geminate	
1	NT	NT gal 2:14	תַּכְרִיחַ	do-you-compel	כרח	heuristic	
1	NT	NT gal 2:16	שֶׁיּוֹדְעִים	that-are knowing	ידע	heuristic	to know, perceive, understand
1	NT	NT gal 3:4	נַעֲנֵיתֶם	you-suffered	ענה	heuristic	(עָנָה) to answer; to afflict; (עֲנָוָה) hum
1	NT	NT gal 3:15	יְפֵרֶנָּה	annuls-it	פרה	lamed-yod / III-he	to bear fruit, be fruitful; fruit
1	NT	NT gal 3:16	וְלִזְרָעֶיךָ	and-to-your-seeds	זרע	heuristic	(זֶרַע) seed; (זָרַע) to sow; (יִזְרְעֶאל) J
1	NT	NT gal 3:17	וּשְׁלשִׁים	and-thirty	שלש	heuristic	(שָׁלֹשׁ) three; (שְׁלֹשִׁים) thirty
1	NT	NT gal 3:21	שֶׁבְּכֹחָהּ	that-in-her-power	כחח	geminate	(כֹּחַ) strength, power, might
1	NT	NT gal 3:23	וּסְגוּרִים	and-shut(pl)	סגר	heuristic	shut it
1	NT	NT gal 4:3	מְשֻׁעְבָּדִים	enslaved(pl)		(no analysis)	
1	NT	NT gal 4:9	שֶׁנּוֹדַעְתֶּם	that-you-are-known		(no analysis)	
1	NT	NT gal 4:9	אֶל־הַתִּיקּוּנִים	to-the-elements	אלה	lamed-yod / III-he	(אֵלֶּה) these; (אָלָה) oath, curse
1	NT	NT gal 5:1	שִׁחֲרַר	hath-made-free	חרר	strong	(חֵרוּת) liberty, freedom; (חֹר) hole; (חֹרִ
1	NT	NT gal 5:1	לְהִכָּבֵשׁ	to-be-subjected	כבש	strong	(כֶּבֶשׂ) lamb; (כָּבַשׁ) to subdue, tread d
1	NT	NT gal 5:3	שֶׁחַיָּב	that-he-is-a-debtor	חוב	hollow (mater)	(חַיָּב) bound, in danger; debt
1	NT	NT gal 5:4	נִגְזַרְתֶּם	you-are-severed	גזר	heuristic	decreed
1	NT	NT gal 5:8	הַפִּתּוּי	the-persuasion	פתה	lamed-yod (yod hides the he)	(פִּתָּה) to entice, deceive
1	NT	NT gal 6:14	בִּצְלוּב	in-the-cross-of	צלב	strong	(צְלָב) cross; (צָלַב) to crucify
1	NT	NT gal 6:15	לֹא־הַמִּילָה	not-the-circumcision	מול	hollow (mater)	(מוּל) facing, over against; to circumcise
1	NT	NT gal 6:17	אַל־יַלְאֵנִי	let-none-trouble-me	אלה	lamed-yod / III-he	(אֵלֶּה) these; (אָלָה) oath, curse
1	NT	NT heb 2:3	הַנֶּאֱמָרָה	began-to-be-spoken	אמר	strong	(אָמַר) to say, speak; (לֵאמֹר) saying; (אֵמ
1	NT	NT heb 2:9	הַמְחֻסָּר	who-was-made-lower	חסר	strong	want of
1	NT	NT heb 2:11	גַּם־הַמְּקֻדָּשִׁים	and-they-who-are-sanctified	גממ	geminate	
1	NT	NT heb 2:17	רַחֲמָן	merciful	רחמ	heuristic	love
1	NT	NT heb 3:1	הוֹדָאָתֵנוּ	of-our-profession	ידא	I-yod (vav for yod)	praise
1	NT	NT heb 3:14	נַרְפֶּנָּה	unto	רפה	lamed-yod / III-he	to sink, relax, grow slack; to fail
1	NT	NT heb 3:17	הִתְקוֹטֵט	was-he-grieved		(no analysis)	
1	NT	NT heb 4:13	שֶׁלָּנּוּ	of-ours	לונ	hollow	stop
1	NT	NT heb 4:15	לְהִצְטָעֵר	be-touched-with-the-feeling-of		(no analysis)	
1	NT	NT heb 5:2	עַל־הַשֹּׁגֲגִים	on-the-ignorant	עלה	lamed-yod / III-he	(עָלָה) to go up, ascend; (עֹלָה) burnt offe
1	NT	NT heb 5:12	וְהִצְטָרַכְתֶּם	and-are-become-such-as-have-need		(no analysis)	
1	NT	NT heb 5:14	שֶׁהָרְגְּלוּ	exercised	רגל	strong	(רֶגֶל) foot; to go about, spy out
1	NT	NT heb 6:8	לְהִשָׂרֵף	to-be-burned	שרפ	strong	be
1	NT	NT heb 6:10	שֶׁשֵּׁרַתֶּם	that-you-have-ministered	רתמ	strong	yoke up
1	NT	NT heb 6:18	מִשְׁתַּנִּים	immutable	נומ	hollow (mater)	slumber
1	NT	NT heb 6:19	כְּעֹגֶן	as-an-anchor	עגנ	strong	debar
1	NT	NT heb 7:12	בְּהִשְׁתַּנּוֹת	being-changed	שית	heuristic	to set, place, put
1	NT	NT heb 7:12	שֶׁתִּשְׁתַּנֶּה	a-change-of	נתש	I-nun (dagesh)	tear away
1	NT	NT heb 7:16	הֶפְסֵק	end	פסק	heuristic	(פָּסַק) to cease, stop
1	NT	NT heb 7:25	לְהַפְגִּיע	to-make-intercession	פגע	strong	encountered
1	NT	NT heb 8:7	גְּמוּרָה	faultless	גמר	strong	to finish, complete
1	NT	NT heb 8:13	וּמַזְקִין	and-waxeth-old	זקנ	strong	be old
1	NT	NT heb 9:16	שֶׁתִּוָּדַע	of-necessity	ידע	I-yod (vav for yod)	to know, perceive, understand
1	NT	NT heb 10:1	בִּיכָלְתָּהּ	with-its-ability	יכל	strong	(יָכֹל) to be able, can, prevail
1	NT	NT heb 10:2	בְּהִטָּהֲרָם	being-purged	טהר	heuristic	to be pure, clean; purity, purification
1	NT	NT heb 10:11	וּמוֹסִיף	and-offering	יספ	I-yod (vav for yod)	continue
1	NT	NT heb 10:24	וְנִתְבּוֹנֲנָה	and-let-us-consider	תבנ	strong	material
1	NT	NT heb 10:25	אֶת־כְּנֵסִיָּתֵנוּ	the-assembling-of-ourselves	נסה	lamed-yod (yod hides the he)	(נִסָּה) to prove, try, tempt; (נִסָּיוֹן) t
1	NT	NT heb 10:33	בְּהִשְׁתַּתֵּף	whilst-you-became-companions		(no analysis)	
1	NT	NT heb 10:34	הִצְטָעַרְתֶּם	you-had-compassion		(no analysis)	
1	NT	NT heb 11:2	שֶׁהוּעֲדָה	obtained-a-good-report	יעד	I-yod (vav for yod)	(יָעַד) to appoint; (יִעוּד) foreordination
1	NT	NT heb 11:6	שֶׁיַּאֲמִין	believe	אמנ	strong	trust
1	NT	NT heb 11:11	לְהַזְרִיעַ	to-conceive-seed	זרע	strong	(זֶרַע) seed; (זָרַע) to sow; (יִזְרְעֶאל) J
1	NT	NT heb 11:36	וְגַם־נִמְסְרוּ	yea-moreover	גממ	geminate	
1	NT	NT heb 11:37	נֻסְּרוּ	they-were-sawn-asunder	סור	hollow	(סוּר) to turn aside, depart; (הֵסִיר) to re
1	NT	NT heb 11:37	נִבְחֲנוּ	were-tempted	נבח	strong	bark
1	NT	NT heb 11:37	בְיִסּוּרִים	with-trials	יסר	heuristic	(יִסַּר) to chasten; (יִסּוּרִים) affliction
1	NT	NT heb 12:1	כׇּל־טֹרַח	every-weight	טרח	strong	overburden
1	NT	NT heb 12:1	הַמַּקִּיף	which-doth-beset	קופ	hollow (mater)	monkey
1	NT	NT heb 12:2	וּמַשְׁלִימָהּ	and-finisher	שלמ	strong	make
1	NT	NT heb 12:9	מְיַסְּרִים	which-corrected	מסר	heuristic	(מָסַר) to deliver, commit
1	NT	NT heb 12:10	יִסְּרוּנוּ	chastened-us	סרה	lamed-yod (vav form)	ceasing
1	NT	NT heb 12:23	הַנִּשְׁלָמִים	made-perfect		(no analysis)	
1	NT	NT heb 12:24	הַהַזָּאָה	sprinkling	הזה	heuristic	dream
1	NT	NT heb 12:27	הַמִּתְעַרְעָרִים	that-are-shaken		(no analysis)	
1	NT	NT heb 13:15	הַמּוֹדוֹת	giving-thanks	מוד	hollow (mater)	shake
1	NT	NT heb 13:19	אוּשַׁב	I-may-be-restored	ישב	I-yod (vav for yod)	to dwell, sit, inhabit
1	NT	NT jas 1:1	שֶּׁבַּגּוֹלָה	which-are-scattered-abroad	גלה	strong	to uncover, reveal; to go into exile
1	NT	NT jas 1:2	בְּנִסְיֹנוֹת	into-temptations	בנה	heuristic	(בָּנָה) to build; (בִּנְיָן) building
1	NT	NT jas 1:5	יְבַקְשֶׁנָּה	let-him-ask	בקש	strong	one seeking
1	NT	NT jas 1:5	הוֹנָאַת	upbraideth-not	נוא	hollow	(מִין) kind, manner
1	NT	NT jas 1:6	שֶׁיְּבַקֵּשׁ	that-he-ask	בקש	strong	one seeking
1	NT	NT jas 1:13	נִסָּנִי	I-am-tempted	נוס	hollow	to flee, escape
1	NT	NT jas 1:14	תְּסִיתֵהוּ	he-is-drawn-away	סות	hollow (mater)	to entice, incite, stir up
1	NT	NT jas 1:18	יְצוּרָיו	his-creatures	צור	hollow (mater)	(צוּר) rock; (צָר) to besiege; (צוּרָה) form
1	NT	NT jas 1:21	כׇּל־טִנּוּף	all-filthiness	טנפ	strong	soil
1	NT	NT jas 1:22	לְרַמּוֹת	deceiving	רומ	hollow	be high
1	NT	NT jas 1:25	הַמַּשְׁקִיף	whoso-looketh-into	שקפ	strong	lean out
1	NT	NT jas 3:1	נַחְמִיר	shall-receive-the-greater	חמר	strong	(חֲמוֹר) donkey; Hamor; (חֹמֶר) homer, clay
1	NT	NT jas 3:6	הַמַּגְאֶלֶת	that-defileth	גאל	strong	to redeem, deliver; kinsman-redeemer
1	NT	NT jas 3:7	וְנִכְבָּשִׁים	and-hath-been-tamed	כבה	heuristic	to be quenched, extinguish
1	NT	NT jas 4:3	תְּבַלּוּ	you-may-consume-it	תבל	strong	world
1	NT	NT jas 4:5	הִשְׁכִּין	he-made-to-dwell	כונ	hollow (mater)	prepare
1	NT	NT jas 4:8	חֲלוּקֵי	you-double	חלק	strong	(חֵלֶק) part, portion; (חָלַק) to divide; (מ
1	NT	NT jas 5:3	חֶלְאָתָם	the-rust-of-them	נחל	heuristic	(נַחַל) river, wadi; (נַחֲלָה) inheritance
1	NT	NT jas 5:3	אֲצַרְתֶּם	you-have-heaped-together	אצר	heuristic	(אוֹצָר) treasure, storehouse; (אָצַר) to la
1	NT	NT jas 5:4	עֲשַׁקְתֶּם	you-kept-back-by-fraud	עשה	heuristic	(עָשָׂה) to do, make; (מַעֲשֶׂה) work, deed
1	NT	NT jas 5:5	הִתְעַדַּנְתֶּם	you-have-lived-in-pleasure	עוד	heuristic	(עוֹד) again, still, yet
1	NT	NT jas 5:5	וְהִשְׁמַנְתֶּם	you-have-nourished	אשמ	heuristic	be guilty
1	NT	NT john 2:10	שְׁתוֹתָם	men have drunk	יתמ	I-yod (vav for yod)	
1	NT	NT john 2:15	וַיְעַבְּתֵם	and twisted them	עבת	heuristic	(עֲבֹת) cord, rope; wreathen
1	NT	NT john 2:15	הַשֻּׂלְחָנִים	of the changers,	שלה	heuristic	dominion
1	NT	NT john 2:15	שֻׁלְחֲנֹתֵיהֶם	the tables;		(no analysis)	
1	NT	NT john 2:20	תְּקִימֶנּוּ	rear it up	קומ	hollow (mater)	rise
1	NT	NT john 3:11	נָעִיד	testify	עוד	hollow (mater)	(עוֹד) again, still, yet
1	NT	NT john 4:38	נִכְנַסְתֶּם	are entered	כנס	heuristic	(כְּנֵסִיָּה) synagogue — the place (Alma, H
1	NT	NT john 5:7	בְּהֵרָעֵשׁ	when is troubled	רעש	strong	earthquakes
1	NT	NT john 5:11	הֶחֱלִימַנִי	made me whole,	חלמ	strong	be
1	NT	NT john 5:45	אֶטְעֹן	will accuse	טענ	strong	load
1	NT	NT john 6:1	לְטִיבַרְיָה	the sea of Tiberias.	טבר	strong	
1	NT	NT john 6:19	בְּמִשּׁוֹטֵיהֶם	with their oars		(no analysis)	
1	NT	NT john 6:21	וַיּוֹאִילוּ	Then they willingly received	יאל	I-yod (vav for yod)	be slack
1	NT	NT john 7:3	גַם־תַּלְמִידֶיךָ	your disciples also	גממ	geminate	
1	NT	NT john 8:9	נֹקְפָם	convicting them,	נקפ	heuristic	strike
1	NT	NT john 8:10	הֲהִרְשִׁיעָךְ	hath condemned you?		(no analysis)	
1	NT	NT john 8:11	אַרְשִׁיעֵךְ	condemn you:	רשע	heuristic	wickedness
1	NT	NT john 8:46	יוֹכִיחֵנִי	convinceth me	יכח	I-yod (vav for yod)	to reprove, argue, set right
1	NT	NT john 8:49	תִּבְזוּנִי	do dishonor me.	בזה	lamed-yod (vav form)	to despise
1	NT	NT john 10:5	תִּבְרַחְנָה	will flee	ברח	strong	(בָּרַח) to flee
1	NT	NT john 10:33	עַל־גַּדֶּפְךָ	for blasphemy;	עלה	lamed-yod / III-he	(עָלָה) to go up, ascend; (עֹלָה) burnt offe
1	NT	NT john 10:35	לֹא־יוּפָר	cannot be broken;	פרה	lamed-yod / III-he	to bear fruit, be fruitful; fruit
1	NT	NT john 11:11	אֲעִירֶנּוּ	I may awake him out of sleep.	עור	hollow (mater)	(עוֹר) skin; (עוּר) to awake
1	NT	NT john 11:38	לְהִזָּעֵם	groaning in himself	זעמ	strong	foam
1	NT	NT john 11:40	תֶּחֲזִי	you should see	חזה	lamed-yod (yod hides the he)	seer
1	NT	NT john 11:44	כְּרוּכֹת	bound	כרכ	strong	
1	NT	NT john 11:44	בְּתַכְרִיכִין	with graveclothes:		(no analysis)	
1	NT	NT john 11:44	לוּטִים	was bound about	טמה	lamed-yod / III-he	be impure
1	NT	NT john 12:3	לִטְרָא	a pound		(no analysis)	
1	NT	NT john 12:19	תוֹעִילוּ	you prevail	יעל	I-yod (vav for yod)	(יָעֵל) Jael; (הוֹעִיל) to profit
1	NT	NT john 12:23	שֶׁיִּפֹאַר	that should be glorified.	פאר	strong	glory, beauty; to glorify
1	NT	NT john 12:26	גַּם־מְשָׁרֲתִי	also my servant	גממ	geminate	
1	NT	NT john 12:33	לִרְמוֹז	signifying	רמז	strong	
1	NT	NT john 12:48	יִבְזֵנִי	rejecteth me,	בזה	lamed-yod / III-he	to despise
1	NT	NT john 13:1	שַׁעְתּוֹ	his hour	שוע	hollow	(שַׁוְעָה) cry for help
1	NT	NT john 13:11	יִמְסְרֵיהוּ	should betray him;	מסר	strong	(מָסַר) to deliver, commit
1	NT	NT john 13:13	וְהֵיטַבְתֶּם	and you say well;	יטב	heuristic	(יָטַב) to be good, please; well
1	NT	NT john 13:24	לִדְרֹשׂ	that he should ask	דרש	strong	(דָּרַשׁ) to seek, search, inquire; preach
1	NT	NT john 13:27	בִלְעוֹ	the sop	בלע	strong	(בִּלְעָם) Balaam; (בָּלַע) to swallow
1	NT	NT john 14:9	תֵּדָעֵנִי	hast known me,	ידע	I-yod	to know, perceive, understand
1	NT	NT john 14:26	וְהַפְּרַקְלִיט	But the Comforter,		(no analysis)	
1	NT	NT john 16:30	תִצְטָרֵךְ	needest		(no analysis)	
1	NT	NT john 17:4	פֵּאַרְתִּיךָ	have glorified you		(no analysis)	
1	NT	NT john 17:8	קִבְּלוּם	have received them,		(no analysis)	
1	NT	NT john 17:10	וְשֶׁלְּךָ	and yours	שלכ	strong	throw
1	NT	NT john 17:10	וְנִתְפָּאַרְתִּי	and I am glorified		(no analysis)	
1	NT	NT john 17:15	שֶׁתִּצְּרֵם	that you should keep them	נצר	heuristic	branch
1	NT	NT john 17:20	מַעְתִּיר	pray	עתר	strong	(עָתַר) to entreat, pray; Ether
1	NT	NT john 18:16	אֶל־הַשֹּׁעֶרֶת	unto her that kept the door,	אלה	lamed-yod / III-he	(אֵלֶּה) these; (אָלָה) oath, curse
1	NT	NT john 18:17	הַשֹּׁעֶרֶת	that kept the door	שער	strong	(שַׁעַר) gate
1	NT	NT john 18:30	הִסְגַּרְנֻהוּ	we would have delivered him up	סגר	heuristic	shut it
1	NT	NT john 19:6	וְהַצְלִיבֻהוּ	and crucify him:	צלב	strong	(צְלָב) cross; (צָלַב) to crucify
1	NT	NT john 19:10	לִצְלָבְךָ	to crucify you,	צלב	heuristic	(צְלָב) cross; (צָלַב) to crucify
1	NT	NT john 19:11	הַמַּסְגִּיר	he that delivered	סגר	strong	shut it
1	NT	NT john 19:14	וְכַשָּׁעָה	and about hour:	שעה	strong	(שָׁעָה) hour, time; to gaze, regard
1	NT	NT john 19:15	אֶצְלֹב	shall I crucify	צלב	strong	(צְלָב) cross; (צָלַב) to crucify
1	NT	NT john 19:23	תְפוּרָה	seam,	פור	hollow (mater)	crush
1	NT	NT john 19:40	וַיְחַתְּלוּהָ	and wound it	חתל	heuristic	swathe
1	NT	NT john 19:40	בְתַכְרִיכִין	in linen clothes		(no analysis)	
1	NT	NT john 20:7	הַתַּכְרִיכִין	the linen clothes,	כרכ	heuristic	
1	NT	NT john 20:23	תַּאֲשִׁימוּ	you retain,	אשמ	strong	be guilty
1	NT	NT john 21:6	לׇאֳנִיָּה	of the ship,	אנה	lamed-yod (yod hides the he)	ship; whither?
1	NT	NT john 21:10	לְכַדְתֶּם	you have caught.	לכד	heuristic	to capture, take
1	NT	NT john 21:20	יִמְסְרֶךָ	betrayeth you?	מסר	heuristic	(מָסַר) to deliver, commit
1	NT	NT john 21:22	שֶׁיִּשָּׁאֵר	that he tarry	שאר	strong	(שָׁאַר) to remain, be left; (שְׁאָר) remnan
1	NT	NT jude 1:19	מִן־הַצִּבּוּר	from-the-congregation	צבר	strong	lay it up
1	NT	NT jude 1:21	וְחִכִּיתֶם	looking-for	חכה	heuristic	he waited
1	NT	NT luke 1:36	קְרוֹבָתֵךְ	your kinswoman,		(no analysis)	
1	NT	NT luke 1:62	וַיִּרְמְזוּ	And they signed	רמז	strong	
1	NT	NT luke 2:7	וַתְּחַתְּלֵהוּ	and swaddled him,	חתל	strong	swathe
1	NT	NT luke 2:12	מָחְתָּל	swaddled	חתל	strong	swathe
1	NT	NT luke 2:22	טׇהֳרָם	their purification	טהר	heuristic	to be pure, clean; purity, purification
1	NT	NT luke 2:37	מָשָׁה	departed she	משה	strong	to draw out (of water)
1	NT	NT luke 2:43	וְהוֹרָיו	and his parents	הרה	lamed-yod (yod hides the he)	(הָרָה) to conceive, be with child
1	NT	NT luke 2:48	בִּקַּשְׁנוּךָ	have sought you.		(no analysis)	
1	NT	NT luke 3:12	גַם־מוֹכְסִים	also tax-collectors	גממ	geminate	
1	NT	NT luke 4:20	אֶל־הַחַזָּן	unto the attendant,	אלה	lamed-yod / III-he	(אֵלֶּה) these; (אָלָה) oath, curse
1	NT	NT luke 5:7	וּלְעׇזְרָם	and to help them;	עזר	heuristic	help
1	NT	NT luke 5:19	הָרְעָפִים	the tiles,	רעה	heuristic	(רַעְיָה) my love; (מִרְעֶה) pasture
1	NT	NT luke 6:11	וַיִּוָּסְדוּ	and took counsel	יסד	I-yod (vav for yod)	to found, establish, lay a foundation
1	NT	NT luke 6:18	וְגַם־הַמְעֻנִּים	and also they that were tormented	גממ	geminate	
1	NT	NT luke 6:24	אֵת־נֶחָמַתְכֶם	your consolation.	חמה	heuristic	wall; heat, fury
1	NT	NT luke 6:30	אַל־תִּתְבַּע	do not demand it	אלה	lamed-yod / III-he	(אֵלֶּה) these; (אָלָה) oath, curse
1	NT	NT luke 6:33	לְמֵטִיבֵיכֶם	unto those who do good unto you,		(no analysis)	
1	NT	NT luke 6:35	גַּם־לִכְפוּיֵי	also unto the ungrateful for	גממ	geminate	
1	NT	NT luke 6:37	אַל־תְּחַיְּבוּ	condemn not,	אלה	lamed-yod / III-he	(אֵלֶּה) these; (אָלָה) oath, curse
1	NT	NT luke 6:37	תְחֻיָּבוּ	shall you be condemned;	חוב	hollow (mater)	(חַיָּב) bound, in danger; debt
1	NT	NT luke 6:37	נַקּוּ	absolve,	קוה	lamed-yod / III-he	he hoped
1	NT	NT luke 6:38	וּגְדוּשָׁה	and heaped up,	גדש	strong	
1	NT	NT luke 6:39	לְהַדְרִיךְ	lead	דרכ	strong	walk
1	NT	NT luke 7:6	תִטְרַח	trouble thyself,	טרח	strong	overburden
1	NT	NT luke 7:25	וְהַמְעֻנָּגִים	and they that live in delicacies,		(no analysis)	
1	NT	NT luke 7:43	שֶׁמָּחַל	unto whom he forgave	מחל	strong	(מָחַל) to forgive, pardon
1	NT	NT luke 7:46	סַכְתָּ	didst anoint	סכת	strong	observe quietly
1	NT	NT luke 8:17	גָּנוּז	concealed	גנז	strong	treasure
1	NT	NT luke 8:24	וַיִּשְׁתְּקוּ	and they ceased,	שתק	strong	subside
1	NT	NT luke 8:29	בַּזִּיקִים	with fetters	זקק	heuristic	(זָקַק) to refine, purge; (זִקִּים) chains
1	NT	NT luke 8:43	לְרַפֹּאתָהּ	to heal her,	רפא	strong	healing
1	NT	NT luke 8:49	אַל־תַּטְרִיחַ	do not trouble	אלה	lamed-yod / III-he	(אֵלֶּה) these; (אָלָה) oath, curse
1	NT	NT luke 9:29	וְהִבְרִיק	and shone.	ברק	strong	to lighten
1	NT	NT luke 9:31	יְמַלְּאֶנָּה	he should accomplish	מלא	strong	(מָלֵא) to fill, be full; (מְלֹא) fulness
1	NT	NT luke 9:33	כְּהִפָּרְדָם	as they were parting	פרד	heuristic	(פָּרַד) to separate, be parted
1	NT	NT luke 9:40	מִתַּלְמִידֶיךָ	of your disciples	למד	heuristic	(לָמַד) to learn, teach; (תַּלְמִיד) discipl
1	NT	NT luke 9:42	וַיְרוֹצֲצֵהוּ	and convulsed him.	רצצ	strong	crack
1	NT	NT luke 9:45	אֶת־הַמַּאֲמָר	the saying	אמר	strong	(אָמַר) to say, speak; (לֵאמֹר) saying; (אֵמ
1	NT	NT luke 9:45	עַל־הַמַּאֲמָר	concerning the saying	עלה	lamed-yod / III-he	(עָלָה) to go up, ascend; (עֹלָה) burnt offe
1	NT	NT luke 10:11	נְנַעֲרֵהוּ	we shake off	נער	strong	(נַעַר) young man, child; (נַעֲרָה) young wo
1	NT	NT luke 10:24	חָשְׁקוּ	have desired	חשק	strong	love
1	NT	NT luke 10:30	וְגַם־פְּצָעֻהוּ	and also wounded him,	גממ	geminate	
1	NT	NT luke 10:34	וַיְסוּכֵם	and poured into them	סוכ	heuristic	anoint
1	NT	NT luke 11:24	תְּשׁוֹטֵט	walketh		(no analysis)	
1	NT	NT luke 11:27	נְשָׂאַתְךָ	bare you,	אנש	heuristic	to be weak, mortal; man, mankind
1	NT	NT luke 11:34	גַּם־גּוּפֶךָ	your body also.	גממ	geminate	
1	NT	NT luke 11:42	וְאֶת־הַפִּיגַם	and rue	פוג	heuristic	be sluggish
1	NT	NT luke 11:43	בִשְׁלוֹמְכֶם	of your peace	שלמ	heuristic	make
1	NT	NT luke 12:3	לְחַשְׁתֶּם	you have spoken in the ear	נחש	heuristic	serpent
1	NT	NT luke 12:9	וְהַמְכַחֵשׁ	But he that denieth	כחש	strong	denies
1	NT	NT luke 12:37	וְיוֹשִׁיבֵם	and make them to sit down to meat,		(no analysis)	
1	NT	NT luke 12:42	אֶת־אֲרֻחָתָם	their portion of meat	ארח	heuristic	(אֹרֵחַ) guest; (אֹרַח) way, path; (אָרַח) t
1	NT	NT luke 12:58	הִשְׁתַּדֵּל	give diligence	דלה	lamed-yod / III-he	dangle
1	NT	NT luke 12:58	יִמְסָרְךָ	deliver you	מסר	heuristic	(מָסַר) to deliver, commit
1	NT	NT luke 13:11	זְקוּפָה	upright.	זקפ	strong	life
1	NT	NT luke 13:12	מֵחָלְיֵךְ	from your infirmity.	חלכ	strong	
1	NT	NT luke 13:18	אַמְשִׁילֶנָּה	shall I resemble it?	משל	strong	(מָשַׁל) to rule; (מֶמְשָׁלָה) dominion, gov
1	NT	NT luke 13:32	אֶל־הַשּׁוּעָל	fox,	אלה	lamed-yod / III-he	(אֵלֶּה) these; (אָלָה) oath, curse
1	NT	NT luke 13:34	אֶת־הַנִּשְׁלָחִים	them that are sent		(no analysis)	
1	NT	NT luke 13:34	הַתַּרְנְגֹלֶת	a hen		(no analysis)	
1	NT	NT luke 14:26	וְאֶת־אַחְיֹתָיו	and sisters,	חתה	lamed-yod (yod hides the he)	(מַחְתָּה) fire pan, censer
1	NT	NT luke 15:7	לֹא־יִצְטָרְכוּ	need no		(no analysis)	
1	NT	NT luke 15:8	וּתְטַאטֵא	and sweep	טאטא	heuristic	broom of
1	NT	NT luke 15:16	מֵהַחֲרוּבִים	with the husks	חרב	heuristic	(חֶרֶב) sword; (חֹרֶב) waste, drought
1	NT	NT luke 16:1	וַיַּלְשִׁינֻהוּ	and the same was accused	לשנ	strong	wag the tongue
1	NT	NT luke 16:3	וְלַחֲזוֹר	to go begging	חזר	strong	(חָזַר) to return, repeat; (הֶחֱזִיר) to res
1	NT	NT luke 16:24	לְקָרֵר	and cool	קרר	strong	
1	NT	NT luke 17:18	שֶׁיָּשׁוּב	returned	שוב	hollow (mater)	to return, repent, turn back; repentance
1	NT	NT luke 18:3	מִמְּרִיבִי	of mine adversary.	רבה	lamed-yod (yod hides the he)	(רָבָה) to multiply, increase, much; (רַבִּי
1	NT	NT luke 18:5	וְדִכְּאַתְנִי	she weary me	דכא	strong	bruise
1	NT	NT luke 19:12	מִן־הָאַצִּילִים	nobleman	נצל	heuristic	to deliver, rescue, save
1	NT	NT luke 19:24	הַמָּנִים	pounds.	נומ	hollow (mater)	slumber
1	NT	NT luke 19:36	הִצִּיעוּ	they spread	הצע	strong	
1	NT	NT luke 19:39	בְּתַלְמִידֶיךָ	your disciples.		(no analysis)	
1	NT	NT luke 19:40	תִּזְעָקְנָה	would immediately cry out.	זעק	strong	cry out!
1	NT	NT luke 19:43	וְצָרוּ	and keep in	יצר	I-yod (vav for yod)	to form, fashion; potter
1	NT	NT luke 20:6	שֶׁיּוֹחָנָן	that John	שיח	heuristic	to muse, meditate, complain; complaint
1	NT	NT luke 20:20	מִתְחַפְּשִׂים	which should feign themselves	חפש	heuristic	(חׇפְשִׁי) free, at liberty; (חִפֵּשׂ) to se
1	NT	NT luke 20:23	אֶת־נִכְלֵיהֶם	their craftiness,	כלל	heuristic	(כֹּל) all, every, whole; (כָּלִיל) wholly
1	NT	NT luke 20:37	וְגַם־משֶׁה	Now that Moses	גממ	geminate	
1	NT	NT luke 20:37	רָמַז	shewed	רמז	strong	
1	NT	NT luke 21:2	נֹתֶנֶת	casting in	נתנ	strong	put
1	NT	NT luke 21:14	תִּצְטַדָּקוּ	you shall answer:		(no analysis)	
1	NT	NT luke 21:16	וְגַם־תִּמָּסְרוּ	And you shall be betrayed	גממ	geminate	
1	NT	NT luke 21:20	חָרְבָּנָהּ	the desolation thereof	חרב	strong	(חֶרֶב) sword; (חֹרֶב) waste, drought
1	NT	NT luke 21:36	וְהִתְיַצַּבְתֶּם	and to stand		(no analysis)	
1	NT	NT luke 22:6	תּוֹאֲנָה	opportunity	תאנ	strong	naughtiness
1	NT	NT luke 22:29	הִנְחִילַנִי	hath appointed unto me;	חול	hollow (mater)	(חוֹל) sand; (חוּל) to writhe, wait
1	NT	NT luke 22:34	תַרְנְגֹל	the cock		(no analysis)	
1	NT	NT luke 22:35	וְתַרְמִיל	and scrip,		(no analysis)	
1	NT	NT luke 22:36	גַּם־אֶת־הַתַּרְמִיל	his scrip:	גממ	geminate	
1	NT	NT luke 22:39	גַּם־תַּלְמִידָיו	his disciples also.	גממ	geminate	
1	NT	NT luke 22:53	שְׁעַתְכֶם	is your hour,	ישע	heuristic	to save, deliver; salvation, Jesus
1	NT	NT luke 22:60	וְהַתַּרְנְגוֹל	the cock		(no analysis)	
1	NT	NT luke 23:5	מַדִּיחַ	He stirreth up	דוח	hollow (mater)	thrust
1	NT	NT luke 23:11	זְהוֹרִית	gorgeous	זהר	heuristic	(הִזְהִיר) to warn, admonish, exhort; (זֹהַר
1	NT	NT luke 23:18	כׇל־הֲמוֹנָם	all at once,	נומ	hollow	slumber
1	NT	NT luke 23:31	הַלָּח	green	לוח	hollow	(לוּחַ) plate, tablet
1	NT	NT luke 23:48	בְּהַבִּיטָם	beholding	נבט	heuristic	(הִבִּיט) to look, behold
1	NT	NT luke 23:53	וַיִּכְרְכֶהָ	and wrapped it	כרכ	strong	
1	NT	NT luke 23:56	וַתָּכֵנָּה	and prepared	נתכ	I-nun (dagesh)	flow forth
1	NT	NT luke 24:7	וּלְהִצָּלֵב	and be crucified,	צלב	strong	(צְלָב) cross; (צָלַב) to crucify
1	NT	NT luke 24:35	קָרָם	was done	קרמ	strong	cover
1	NT	NT luke 24:42	חֲתִיכַת	a piece of	חתכ	strong	cut off
1	NT	NT mark 1:7	מִלִּכְרֹעַ	to stoop down	כרע	strong	(כָּרַע) to bow, kneel
1	NT	NT mark 2:21	תֹּפֵר	also seweth	תפר	strong	sew
1	NT	NT mark 2:21	מִלוּיוֹ	that which filleth it up,	לוה	lamed-yod (yod hides the he)	lend
1	NT	NT mark 3:6	לְהִתְיָעֵץ	took counsel	יעצ	strong	advise
1	NT	NT mark 3:9	יִדְחָקוּהוּ	they should throng him.	דחק	heuristic	press
1	NT	NT mark 3:11	וַתִּצְעַקְנָה	and cried,	צעק	strong	(צָעַק) to cry out
1	NT	NT mark 3:12	לֹא־תְגַלֶּינָה	they should not make	גלה	lamed-yod (yod hides the he)	to uncover, reveal; to go into exile
1	NT	NT mark 4:22	נִגְנַז	was kept secret	גנז	strong	treasure
1	NT	NT mark 4:30	נַמְשִׁילֶנָּה	shall we compare it?	משל	strong	(מָשַׁל) to rule; (מֶמְשָׁלָה) dominion, gov
1	NT	NT mark 4:39	וַתָּשָׁךְ	And ceased,	שוכ	hollow	entwine
1	NT	NT mark 5:15	הַלִּגְיוֹן	the legion,	גונ	hollow (mater)	
1	NT	NT mark 5:34	מִנִּגְעֵךְ	of your plague.	נגע	heuristic	(נָגַע) to touch; (נֶגַע) plague, stroke; (ה
1	NT	NT mark 5:38	וְהַמְיַלֲלִים	and wailed	מלל	heuristic	(מִלָּה) word; (מִלֵּל) to speak
1	NT	NT mark 6:9	סַנְדָּל	with sandals;	סנדל	heuristic	
1	NT	NT mark 6:56	שֶׁיִּגְּעוּ	that they might touch	נגע	I-nun (dagesh)	(נָגַע) to touch; (נֶגַע) plague, stroke; (ה
1	NT	NT mark 7:19	אִם־בִּכְרֵשׂוֹ	into the belly,	אמה	lamed-yod / III-he	(אָמָה) handmaid, maidservant; (אֱמָה) Emma;
1	NT	NT mark 7:25	בְּבִתָּהּ	into her daughter	נבב	I-nun (dagesh)	pierce
1	NT	NT mark 7:36	יַזְהִירֵם	he charged them,	זהר	heuristic	(הִזְהִיר) to warn, admonish, exhort; (זֹהַר
1	NT	NT mark 9:20	וַיְזַעֲזֵעֵנוּ	tare him,		(no analysis)	
1	NT	NT mark 9:20	וַיִּתְגּוֹלֵל	and wallowed		(no analysis)	
1	NT	NT mark 9:26	וַיְזַעֲזֵעַ	and rent		(no analysis)	
1	NT	NT mark 9:43	קִטֵּע	maimed,	קטע	strong	
1	NT	NT mark 11:18	מִשְׁתּוֹמְמִים	was astonished		(no analysis)	
1	NT	NT mark 11:21	אֵרַרְתָּהּ	you cursedst	ארר	strong	then cursing
1	NT	NT mark 12:4	מָחֲצוּ	wounded	מחצ	strong	dash
1	NT	NT mark 12:15	אֶת־חֲנֻפָּתָם	their hypocrisy,	חנה	heuristic	camp
1	NT	NT mark 12:31	הַדֹּמָה	is like,	דממ	haqtalah (geminate)	be dumb
1	NT	NT mark 13:28	כְּשֶׁיִּרְטַב	When is yet tender,	רטב	strong	be moist
1	NT	NT mark 13:34	וְאֶת־הַשׂוֹעֵר	and the porter	יער	I-yod (vav for yod)	forest
1	NT	NT mark 14:4	מִתְרָעֲמִים	had indignation	רעה	heuristic	(רַעְיָה) my love; (מִרְעֶה) pasture
1	NT	NT mark 14:4	אִבּוּד	waste	אבד	strong	(אָבַד) to perish, be lost; (אׇבְדָן) loss, 
1	NT	NT mark 14:7	וּכְשֶׁתִּרְצוּ	and whensoever you will	רצה	heuristic	to be pleased with, accept; acceptable, will
1	NT	NT mark 14:8	קִדְּמָה	she is come aforehand	קדמ	strong	meet
1	NT	NT mark 14:44	וְהַמּוֹסֵר	And he that betrayed	יסר	I-yod (vav for yod)	(יִסַּר) to chasten; (יִסּוּרִים) affliction
1	NT	NT mark 14:72	וְהַתַּרְנְגֹל	And the cock		(no analysis)	
1	NT	NT mark 15:11	הַתִּיר	release	תור	hollow (mater)	(תּוּר) to spy out, search
1	NT	NT mark 15:31	הִתְלוֹצְצוּ	mocking said		(no analysis)	
1	NT	NT mark 15:32	וְגַם־הַנִּצְלָבִים	And they that were crucified	גממ	geminate	
1	NT	NT mark 15:34	שְׁבַקְתַּנִי	sabachthani?	שבק	strong	quit
1	NT	NT mark 15:42	שֶׁלִּפְנֵי	before	פנה	lamed-yod (yod hides the he)	face, presence; to turn
1	NT	NT mark 15:46	וַיִּכְרְכֵהוּ	and wrapped him	כרכ	strong	
1	NT	NT mark 15:46	וַיָּגָל	and rolled	יגל	I-yod (vav for yod)	unfolding unto them
1	NT	NT mark 16:4	וּבְהַבִּיטָן	And when they looked,	בטנ	strong	womb
1	NT	NT mark 16:5	וַתִּשְׁתּוֹמַמְנָה	and they were affrighted.		(no analysis)	
1	NT	NT mark 16:6	אַל־תִּשְׁתּוֹמַמְנָה	Be not affrighted:	אלה	lamed-yod / III-he	(אֵלֶּה) these; (אָלָה) oath, curse
1	NT	NT mark 16:8	וַתְּנוּסֶינָה	and fled	נוס	hollow (mater)	to flee, escape
1	NT	NT matt 1:12	גְּלוֹתָם	they were brought	גלה	heuristic	to uncover, reveal; to go into exile
1	NT	NT matt 1:20	הַנּוֹצָר	that which is conceived	יצר	I-yod (vav for yod)	to form, fashion; potter
1	NT	NT matt 4:19	לְדַיְּגֵי	fishers of	דגה	lamed-yod (yod hides the he)	(דָּגָה) fish
1	NT	NT matt 4:24	הַמְעֻנִּים	that were taken with	המה	heuristic	(הֵמָּה) they, them; (הָמוֹן) multitude; (הָ
1	NT	NT matt 5:28	כׇּל־הַמִּסְתַּכֵּל	That whosoever looketh		(no analysis)	
1	NT	NT matt 5:33	שְׁבֻעוֹתֶיךָ	your oaths:	בעת	heuristic	(בִּעֵת) to terrify
1	NT	NT matt 5:46	גַּם־הַמֹּכְסִים	the publicans	גממ	geminate	
1	NT	NT matt 5:47	גַם־הַמֹּכְסִים	the publicans	גממ	geminate	
1	NT	NT matt 6:2	אַל־תָּרִיעַ	do not sound	אלה	lamed-yod / III-he	(אֵלֶּה) these; (אָלָה) oath, curse
1	NT	NT matt 6:7	אַל־תְּפַטְפְּטוּ	use not vain repetitions,	אלה	lamed-yod / III-he	(אֵלֶּה) these; (אָלָה) oath, curse
1	NT	NT matt 6:14	יִמְחַל	will also forgive	מחל	strong	(מָחַל) to forgive, pardon
1	NT	NT matt 6:15	לֹא־יִמְחַל	forgive	מחל	strong	(מָחַל) to forgive, pardon
1	NT	NT matt 7:24	אֲדַמֵּהוּ	I will liken him	אדמ	strong	show blood
1	NT	NT matt 8:20	לַשׂוּעָלִים	The foxes	שעל	heuristic	handful
1	NT	NT matt 8:28	רַגְזָנִים	fierce,	רגז	heuristic	(רָגַז) to tremble, be troubled; rage
1	NT	NT matt 8:32	הִשְׂתָּעֵר	ran violently	עור	hollow	(עוֹר) skin; (עוּר) to awake
1	NT	NT matt 9:36	אֶת־הַהֲמֹנִים	the multitudes,	נומ	hollow (mater)	slumber
1	NT	NT matt 9:36	מִתְעַלְּפִים	fainted,	עלה	heuristic	(עָלָה) to go up, ascend; (עֹלָה) burnt offe
1	NT	NT matt 10:28	בְּגֵיהִנֹּם	in hell.	גוה	heuristic	(גְּוִיָּה) body
1	NT	NT matt 11:17	סְפַדְתֶּם	lamented.	ספד	heuristic	lamentation
1	NT	NT matt 12:25	הַנֶּחֱלָקִים	divided		(no analysis)	
1	NT	NT matt 12:37	תְּחֻיָּב	you shall be condemned.	חוב	hollow (mater)	(חַיָּב) bound, in danger; debt
1	NT	NT matt 13:7	וַיְמַעֲכֻהוּ	and choked them:	מעכ	strong	press
1	NT	NT matt 13:12	וְיַעֲדִיף	and he shall have more abundance:	עדפ	strong	have
1	NT	NT matt 13:22	יְמַעֲכוּ	choke	מעכ	strong	press
1	NT	NT matt 13:26	גַּם־הַזּוּנִין	the tares also.	גממ	geminate	
1	NT	NT matt 13:29	וְשֵׁרַשְׁתֶּם	you root up	ירש	heuristic	(יָרַשׁ) to inherit, possess; (יֶרְשׁוֹן) Je
1	NT	NT matt 14:22	וַיָּאֶץ	And straightway constrained	אוצ	hollow	press
1	NT	NT matt 15:2	נֹטְלִים	wash	נטה	heuristic	(נָטָה) to stretch out, incline, turn aside
1	NT	NT matt 15:11	הַנִּכְנָס	that which goeth into	כנס	strong	(כְּנֵסִיָּה) synagogue — the place (Alma, H
1	NT	NT matt 15:17	אֶל־הַכֶּרֶשׂ	into the belly,	אלה	lamed-yod / III-he	(אֵלֶּה) these; (אָלָה) oath, curse
1	NT	NT matt 15:19	רְצִיחוֹת	murders,	רצח	strong	murder
1	NT	NT matt 15:28	בִתָּהּ	her daughter	בתה	strong	desolation
1	NT	NT matt 15:31	וְהַקִּטְּעִים	the maimed	קטע	heuristic	
1	NT	NT matt 17:24	גַּבָּאֵי	they that received	גבא	strong	reservoir
1	NT	NT matt 18:8	קִטֵּעַ	maimed,	קטע	strong	
1	NT	NT matt 18:14	שֶׁיֹּאבַד	that should perish.	אבד	strong	(אָבַד) to perish, be lost; (אׇבְדָן) loss, 
1	NT	NT matt 18:24	לְחַשֵׁב	to reckon,	חשב	strong	(חָשַׁב) to think, suppose, devise, reckon; 
1	NT	NT matt 18:27	וַיִּמְחֹל	and forgave	מחל	strong	(מָחַל) to forgive, pardon
1	NT	NT matt 18:28	וַיַּחְנְקֵהוּ	and took him by the throat,	חנק	strong	be narrow
1	NT	NT matt 19:12	שֶׁיּוּכַל	is able	יכל	I-yod (vav for yod)	(יָכֹל) to be able, can, prevail
1	NT	NT matt 19:21	אֶת־רְכֻשְׁךָ	that you have,	רכש	heuristic	(רְכוּשׁ) property, substance; (רָכַשׁ) to a
1	NT	NT matt 19:25	הִשְׁתּוֹמֲמוּ	they were amazed	יממ	I-yod (vav for yod)	
1	NT	NT matt 20:2	וַיִּפְסַק	And when he had agreed	פסק	heuristic	(פָּסַק) to cease, stop
1	NT	NT matt 20:9	הַנִּשְׂכָּרִים	that were hired		(no analysis)	
1	NT	NT matt 20:12	אֶת־טֹרַח	the burden	טרח	strong	overburden
1	NT	NT matt 20:12	וְחֻמּוֹ	and heat.	יחמ	I-yod (vav for yod)	conceive
1	NT	NT matt 20:13	פָּסַקְתָּ	agree	פסק	heuristic	(פָּסַק) to cease, stop
1	NT	NT matt 20:19	וְלִצְלֹב	and to crucify	צלב	strong	(צְלָב) cross; (צָלַב) to crucify
1	NT	NT matt 20:31	לְהַחֲשֹׁתָם	because they should hold their peace:	נחש	heuristic	serpent
1	NT	NT matt 21:39	וַיִּדְחָפוּהוּ	and cast	דחפ	heuristic	urge
1	NT	NT matt 22:31	אֶת־הַנֶּאֱמָר	that which was spoken	אמר	strong	(אָמַר) to say, speak; (לֵאמֹר) saying; (אֵמ
1	NT	NT matt 23:4	לַהֲנִיעָם	to move them	נעמ	strong	to be pleasant, delightful
1	NT	NT matt 23:5	אֶת־תְּפִלֵּיהֶם	their phylacteries,	פלל	heuristic	to pray, intercede
1	NT	NT matt 23:15	גַּיֵּר	make a proselyte of	גור	hollow (mater)	(גּוּר) to sojourn; (גֵּר) sojourner, strang
1	NT	NT matt 23:21	וּבַשׂוֹכֵן	and by him that dwelleth	שכנ	strong	reside
1	NT	NT matt 23:23	וְאֶת־הַכַּמֹּן	and cummin,	כמנ	strong	'cummin'
1	NT	NT matt 23:23	וַתַּנִּיחוּ	and have omitted	נוח	hollow (mater)	(נוּחַ) to rest; (מָנוֹחַ) resting place; Ma
1	NT	NT matt 23:24	הַמְסַנֲנִים	which strain at	מסה	heuristic	dissolve
1	NT	NT matt 23:24	אֵת־הַיַּתּוּשׁ	a gnat,	נתש	I-nun	tear away
1	NT	NT matt 23:25	וְגַרְגְּרָנוּת	and excess.		(no analysis)	
1	NT	NT matt 23:27	הַמְסֻיָּדִים	whited		(no analysis)	
1	NT	NT matt 23:34	וְתִצְלְבוּ	and crucify;	צלב	strong	(צְלָב) cross; (צָלַב) to crucify
1	NT	NT matt 24:32	יִרְטַב	is yet tender,	רטב	strong	be moist
1	NT	NT matt 25:5	וַתָּנֹמְנָה	they slumbered	נומ	hollow	slumber
1	NT	NT matt 25:5	וַתֵּרָדַמְנָה	and slept.	רדמ	strong	stun
1	NT	NT matt 25:7	וַתֵּיטַבְנָה	and trimmed	יטב	strong	(יָטַב) to be good, please; well
1	NT	NT matt 25:8	מִשַׁמְנְכֶן	of your oil;	אשמ	heuristic	be guilty
1	NT	NT matt 25:10	הַנְּכֹנוֹת	they that were ready	כנה	lamed-yod / III-he	[object Object]
1	NT	NT matt 25:29	וְיַעְדִּיף	and he shall have abundance:	עדפ	strong	have
1	NT	NT matt 25:35	וַתַּאֲכִילֻנִי	and you gave me meat:	אכל	strong	(אָכַל) to eat, consume, devour; (מַאֲכָל) f
1	NT	NT matt 25:37	וַנְּכַלְכְּלֶךָ	and fed you?		(no analysis)	
1	NT	NT matt 25:43	בִקַּרְתֶּם	you visited	בקר	heuristic	(בֹּקֶר) morning; (בָּקָר) herd, oxen
1	NT	NT matt 25:44	שֵׁרַתְנוּךָ	minister unto you?		(no analysis)	
1	NT	NT matt 26:8	הָאִבּוּד	is waste?	אבד	strong	(אָבַד) to perish, be lost; (אׇבְדָן) loss, 
1	NT	NT matt 26:53	לִגְיוֹנוֹת	legions	גונ	hollow (mater)	
1	NT	NT matt 27:16	מְפֻרְסָם	notable,	פרס	heuristic	(פָּרַס) Persia; (פַּרְסָה) hoof
1	NT	NT matt 27:20	הִסִּיתוּ	persuaded	סות	hollow (mater)	to entice, incite, stir up
1	NT	NT matt 27:27	לַהֶגְמוֹן	the governor	הגה	heuristic	(הָגָה) to utter, ponder, meditate
1	NT	NT matt 27:29	וַיִּתְלוֹצֲצוּ	and mocked		(no analysis)	
1	NT	NT matt 27:38	וַיִּצָּלְבוּ	Then were there crucified	צלב	strong	(צְלָב) cross; (צָלַב) to crucify
1	NT	NT matt 27:46	שְׁבַקְתָּנִי	sabachthani?	שבק	strong	quit
1	NT	NT matt 27:65	סִכְרוּהוּ	make it as sure	סכר	heuristic	shut up
1	NT	NT matt 28:8	וַתָּרֹצְנָה	and did run	רוצ	hollow	run
1	NT	NT matt 28:9	וַתֹּאחַזְנָה	and held him	אחז	strong	to grasp, seize, take possession
1	NT	NT matt 28:10	וְהַגֵּדְנָה	tell	נגד	I-nun (dagesh)	(נֶגֶד) before, against; (הִגִּיד) to tell, 
1	NT	NT matt 28:14	נְפַיְסֵהוּ	will persuade him,	פסס	heuristic	disperse
1	NT	NT phm 1:10	עַל־אֳנִיסִימוֹס	concerning-Onesimus	עלה	lamed-yod / III-he	(עָלָה) to go up, ascend; (עֹלָה) burnt offe
1	NT	NT phm 1:11	גַּם־לְךָ	also-for-you	גממ	geminate	
1	NT	NT phm 1:13	שֶׁיְּשָׁרֲתֵנִי	that-he-might-minister-to-me	ישר	strong	(יָשָׁר) upright, just, straight
1	NT	NT php 1:6	שֶׁגַּם־יִגְמְרֶנּוּ	that-also-He-will-complete-it	גממ	geminate	
1	NT	NT php 1:16	מִמְּרִיבָה	from-strife	רבה	strong	(רָבָה) to multiply, increase, much; (רַבִּי
1	NT	NT php 1:18	שֶׁיֻּכְרַז	that-is-proclaimed	כרז	heuristic	(הִכְרִיז) to proclaim
1	NT	NT php 2:13	גַּם־לַחְפֹּץ	both-to-will	גממ	geminate	
1	NT	NT php 2:13	גַּם־לִפְעֹל	and-to-do	גממ	geminate	
1	NT	NT php 2:30	בְּשָׁרֶתְכֶם	in-your-service	שרת	heuristic	to minister, serve
1	NT	NT php 3:1	טֹרַח	grievous	טרח	strong	overburden
1	NT	NT php 3:4	שֶׁיָּכֹל	that-he-may	שכל	strong	(שֵׂכֶל) insight, understanding; (שָׂכַל) to
1	NT	NT php 3:8	וָאֶחְשְׁבֵם	and-I-count-them	חשב	heuristic	(חָשַׁב) to think, suppose, devise, reckon; 
1	NT	NT php 3:8	לְהַרְוִיחַ	to-gain	רוח	hollow (mater)	spirit, wind, breath
1	NT	NT php 3:12	שֶׁהִשַׂגְתִּי	that-I-had-attained	שגה	lamed-yod / III-he	(שָׁגָה) to err, go astray
1	NT	NT php 3:12	שֶׁהָשְׁלַמְתִּי	were-already-perfect	שלמ	strong	make
1	NT	NT php 3:12	גַּם־הִשִׂיגַנִי	I-am-apprehended-of	גממ	geminate	
1	NT	NT php 3:13	וְאֶשְׁתַּטֵּחַ	and-reaching-forth		(no analysis)	
1	NT	NT php 3:19	כְּרֵסָם	their-belly	רסס	heuristic	moisten
1	NT	NT php 3:20	אֶזְרָחוּתֵנוּ	our-citizenship	זרח	heuristic	(זָרַח) to rise, shine; east; (זֶרַח) Zerah
1	NT	NT php 4:1	הַחֲבִיבִים	the-beloved-ones	חבב	heuristic	(חָבַב) to cherish
1	NT	NT php 4:3	שֶׁיָּגְעוּ	who-labored	שגע	strong	rave through insanity
1	NT	NT php 4:10	הֶחֱלַפְתֶּם	you-have-revived	חלה	heuristic	to be sick, weak; to entreat
1	NT	NT php 4:10	וְגַם־מַשְׁגִּיחִים	and-also-careful	גממ	geminate	
1	NT	NT php 4:11	לְהִסְתַּפֵּק	to-be-content		(no analysis)	
1	NT	NT php 4:14	בְּהִתְחַבֶּרְכֶם	in-your-sharing		(no analysis)	
1	NT	NT php 4:17	בְּחֶשְׁבֹּנְכֶם	to-your-account	חשב	heuristic	(חָשַׁב) to think, suppose, devise, reckon; 
1	NT	NT php 4:19	כְּעשֶׁר	according-to-the-riches-of	עשר	strong	(עֶשֶׂר) ten; (עֶשְׂרִים) twenty; (עֹשֶׁר) r
1	NT	NT rev 1:14	צַחַר	white	צחר	strong	sheen
1	NT	NT rev 2:2	וְאֶת־סָבְלֶךָ	and-your-patience	סבל	heuristic	(סָבַל) to bear, suffer; (סַבְלָן) patient
1	NT	NT rev 2:3	יָעָפְתָּ	hast-fainted	יעפ	strong	tire
1	NT	NT rev 2:11	יִנָּזֵק	shall-be-hurt	נזק	strong	harm
1	NT	NT rev 2:17	אַאֲכִילֶנּוּ	will-I-give-to-eat	אכל	strong	(אָכַל) to eat, consume, devour; (מַאֲכָל) f
1	NT	NT rev 2:17	הַגָּנוּז	hidden	גנז	strong	treasure
1	NT	NT rev 2:19	וְסָבְלֶךָ	and-your-patience	סבל	heuristic	(סָבַל) to bear, suffer; (סַבְלָן) patient
1	NT	NT rev 2:20	תַנִּיחַ	you-sufferest	נוח	hollow (mater)	(נוּחַ) to rest; (מָנוֹחַ) resting place; Ma
1	NT	NT rev 2:27	וְרָעָם	and-he-shall-rule-them	רעמ	strong	tumble
1	NT	NT rev 3:10	מִשְּׁעַת	from-the-hour-of	משע	strong	
1	NT	NT rev 3:16	פּוֹשֵׁר	lukewarm	פשר	strong	[object Object]
1	NT	NT rev 3:16	אֲקִיאֲךָ	I-will-spue-you-out	קיה	heuristic	vomit
1	NT	NT rev 3:18	וְקִלּוּרִית	and-eyesalve		(no analysis)	
1	NT	NT rev 5:4	וָאֵבְךְּ	and-I-wept	אבכ	strong	coil
1	NT	NT rev 5:5	חוֹתָמָיו	seals-thereof	חתמ	strong	seal
1	NT	NT rev 5:9	נִשְׁחַטְתָּ	wast-slain	שחט	strong	(שָׁחַט) to slaughter
1	NT	NT rev 6:6	קַבִּים	measures-of	קבב	heuristic	scoop
1	NT	NT rev 6:11	שֶׁסּוֹפָם	that-should-be	שספ	heuristic	cut in pieces
1	NT	NT rev 7:16	וְשָׁרָב	nor-any-heat	שרב	strong	glow
1	NT	NT rev 9:5	לְהַכְאִיבָם	that-they-should-be-tormented	כאב	heuristic	(מַכְאוֹב) pain, sorrow; (כָּאַב) to be in p
1	NT	NT rev 9:5	וּכְאֵבָם	and-their-torment	במה	lamed-yod / III-he	elevation
1	NT	NT rev 9:8	כִּשְׂעַר	as-the-hair-of	שער	strong	(שַׁעַר) gate
1	NT	NT rev 9:10	וׇעֳקָצִים	and-there-were-stings	עקצ	heuristic	
1	NT	NT rev 9:10	וְהָשְׁלְטוּ	and-their-power-was	שלט	strong	(שָׁלַט) to rule, have power; (שִׁלְטוֹן) po
1	NT	NT rev 9:21	וּלְכַשֵּׁף	and-to-use-sorcery	כשפ	strong	whisper
1	NT	NT rev 10:6	שָׁהוּת	time	הות	hollow (mater)	
1	NT	NT rev 11:2	וְאַל־תְּמֻדֶּנָּה	and-measure-it-not	יאל	I-yod (vav for yod)	be slack
1	NT	NT rev 11:18	קֶצְפְּךָ	your-wrath	קצה	heuristic	of end of
1	NT	NT rev 12:9	הַמַּדִּיחַ	which-deceiveth	דוח	hollow (mater)	thrust
1	NT	NT rev 13:3	וַתִּשְׁתּוֹמֵם	and-wondered	שתמ	heuristic	unveil
1	NT	NT rev 13:13	וְנֹתֶנֶת	and-he-doeth	נתנ	strong	put
1	NT	NT rev 13:16	יַתְווּ	that-they-should-receive	תוה	lamed-yod / III-he	mark out
1	NT	NT rev 14:9	צַלְמָהּ	his-image	צלמ	strong	phantom
1	NT	NT rev 14:12	סַבְלָנוּתָם	the-patience	סבל	heuristic	(סָבַל) to bear, suffer; (סַבְלָן) patient
1	NT	NT rev 15:2	וְאֶת־הַמִּתְגַּבְּרִים	and-them-that-had-victory		(no analysis)	
1	NT	NT rev 15:6	עַל־חֲזוֹתֵיהֶם	about-their-breasts	עלה	lamed-yod / III-he	(עָלָה) to go up, ascend; (עֹלָה) burnt offe
1	NT	NT rev 16:11	מִמַּכְאֹבָם	because-of-their-pains		(no analysis)	
1	NT	NT rev 16:12	לְיַשֵּׁר	to-prepare	נשר	I-nun (dagesh)	eagle
1	NT	NT rev 16:17	בַּאֲוִיר	into-the-air	אור	hollow (mater)	light
1	NT	NT rev 17:7	הִשְׁתּוֹמַמְתָּ	did-you-marvel	יממ	I-yod (vav for yod)	
1	NT	NT rev 17:15	וַהֲמֹנִים	and-multitudes	נומ	hollow (mater)	slumber
1	NT	NT rev 18:4	וּפֶן־תֻּכּוּ	and-that-you-receive-not	פנה	lamed-yod / III-he	face, presence; to turn
1	NT	NT rev 18:6	שֶׁגָּמְלָה	as-she-rewarded	גמל	strong	camel; to wean, to recompense
1	NT	NT rev 18:12	וָשָׁיִשׁ	and-marble	ישש	I-yod (vav for yod)	gray-haired
1	NT	NT rev 18:13	וַאֲמוֹמוֹן	and-odors	אממ	heuristic	Amam
1	NT	NT rev 18:14	וּמִַצְהִיר	and-goodly	צהר	strong	press out oil
1	NT	NT rev 21:2	הַמְקֻשֶּׁטֶת	adorned	קשט	strong	equity
1	NT	NT rev 21:8	רַכֵּי	the-fearful-of	ירכ	I-yod	thigh
1	NT	NT rev 21:11	הַמַּבְהֶקֶת	clear	בהק	strong	white scurf
1	NT	NT rev 21:20	אַחְלָמָה	amethyst	חלמ	strong	be
1	NT	NT rev 22:1	מַבְהִיק	bright	בהק	strong	white scurf
1	NT	NT rev 22:5	יִצְטָרְכוּ	they-need		(no analysis)	
1	NT	NT rev 22:11	לְהִטַּמֵּא	filthy	טמא	strong	unclean
1	NT	NT rom 1:10	אַצְלִיחַ	I-might-prosper	צלח	strong	prosperous
1	NT	NT rom 1:27	וַיֵּחַמּוּ	burned	יחמ	I-yod (vav for yod)	conceive
1	NT	NT rom 1:27	בְּתַאֲוָתָם	in-their-lust	תאה	heuristic	mark off
1	NT	NT rom 1:32	גַם־רוֹצִים	also-have-pleasure	גממ	geminate	
1	NT	NT rom 2:1	תְּחַיֵּב	you-condemnest	חוב	hollow (mater)	(חַיָּב) bound, in danger; debt
1	NT	NT rom 2:9	וְגַם־עַל־הַיְּוָנִי	and-also-of-the-Gentile	גממ	geminate	
1	NT	NT rom 2:25	מִילָתְךָ	your-circumcision	לתכ	strong	measure
1	NT	NT rom 2:27	וְהַמִּילָה	and-circumcision	מול	hollow (mater)	(מוּל) facing, over against; to circumcise
1	NT	NT rom 2:28	לֹא־הַמְצֻיָּן	not-he-that-is-outward	המה	heuristic	(הֵמָּה) they, them; (הָמוֹן) multitude; (הָ
1	NT	NT rom 3:3	הַיְבַטֵּל	shall-make-without-effect	בטל	strong	(בָּטֵל) to cease, be idle; revoke
1	NT	NT rom 3:8	מְחָרֲפֵינוּ	them-which-slander-us	חרפ	strong	betroth
1	NT	NT rom 3:19	שֶׁיִּסָּכֵר	may-be-stopped	סכר	strong	shut up
1	NT	NT rom 3:20	שֶׁמִּמַּעֲשֵׂי	by-the-deeds-of	עשה	lamed-yod (yod hides the he)	(עָשָׂה) to do, make; (מַעֲשֶׂה) work, deed
1	NT	NT rom 3:27	אֵיזוּ	what		(no analysis)	
1	NT	NT rom 3:31	הַמְבַטְּלִים	do-we-make-void		(no analysis)	
1	NT	NT rom 4:5	בַּמַּצְדִּיק	on-him-that-justifieth	צדק	strong	righteous, just; righteousness, justice
1	NT	NT rom 4:12	גַּם־לַמּוּלִים	of-circumcision-also	גממ	geminate	
1	NT	NT rom 4:20	כִּמְחֻסַּר	through-lack-of	חסר	strong	want of
1	NT	NT rom 4:23	שֶׁנֶּחְשְׁבָה	that-it-was-imputed	חשב	strong	(חָשַׁב) to think, suppose, devise, reckon; 
1	NT	NT rom 4:24	לְהֵחָשֵׁב	be-imputed	חשב	strong	(חָשַׁב) to think, suppose, devise, reckon; 
1	NT	NT rom 5:2	וְנִתְהַלֵּל	and-rejoice	הלל	heuristic	(הָלַל) to praise, boast; (תְּהִלָּה) praise
1	NT	NT rom 5:4	עֲמִידָה	experience	עמד	strong	(עָמַד) to stand; (עַמּוּד) pillar
1	NT	NT rom 5:5	תָבִישׁ	maketh-ashamed	בוש	hollow (mater)	to be ashamed, put to shame
1	NT	NT rom 5:7	שֶׁיִּשָׂאֵהוּ	would-move-him	ששא	strong	annihilate
1	NT	NT rom 5:9	שֶׁנִּוָּשַׁע	we-shall-be-saved	ישע	I-yod (vav for yod)	to save, deliver; salvation, Jesus
1	NT	NT rom 5:11	שֶׁמִּתְהַלֲלִים	that-we-joy		(no analysis)	
1	NT	NT rom 6:4	מְחֻדָּשִׁים	newness-of	חדש	heuristic	(חָדָשׁ) new; (חֹדֶשׁ) month, new moon
1	NT	NT rom 6:5	דְּבוּקִים	planted-together	דבק	heuristic	to cleave, cling
1	NT	NT rom 6:14	יִשְׂתָּרֵר	shall-have-dominion		(no analysis)	
1	NT	NT rom 6:18	שֻׁחֲרַרְתֶּם	you-were-made-free	חרר	heuristic	(חֵרוּת) liberty, freedom; (חֹר) hole; (חֹרִ
1	NT	NT rom 6:18	הִשְׁתַּעְבַּדְתֶּם	you-became-servants		(no analysis)	
1	NT	NT rom 6:22	מְשֻׁחֲרָרִים	made-free		(no analysis)	
1	NT	NT rom 6:22	וּמְשֻׁעְבָּדִים	and-become-servants		(no analysis)	
1	NT	NT rom 7:6	חִדּוּשׁ	newness-of	חדש	strong	(חָדָשׁ) new; (חֹדֶשׁ) month, new moon
1	NT	NT rom 7:7	הַחִמּוּד	lust	חמד	strong	delight
1	NT	NT rom 7:8	כׇּל־חִמּוּד	all-manner-of-concupiscence	חמד	strong	delight
1	NT	NT rom 7:11	וַיְמִיתֵנִי	and-slew-me	מות	hollow (mater)	to die; death
1	NT	NT rom 7:13	שֶׁיֵּרָאֶה	might-appear	ירא	strong	(יָרֵא) to fear, revere; (נוֹרָא) awesome, d
1	NT	NT rom 7:23	הַלּחֵם	warring-against	לחמ	strong	feed on
1	NT	NT rom 8:3	שֶׁנֶּחֱלַשׁ	was-weak	חלש	strong	(חָלַשׁ) to be weak; (חֻלְשָׁה) weakness, in
1	NT	NT rom 8:4	שֶׁתְּקֻיַּם	might-be-fulfilled	קומ	hollow (mater)	rise
1	NT	NT rom 8:7	שֶׁמַּחֲשֶׁבֶת	the-mind-of	חשב	strong	(חָשַׁב) to think, suppose, devise, reckon; 
1	NT	NT rom 8:7	תִשְׁתַּעְבֵּד	is-subject		(no analysis)	
1	NT	NT rom 8:18	שֶׁעִנּוּיֵי	that-the-sufferings-of	ענה	lamed-yod (yod hides the he)	(עָנָה) to answer; to afflict; (עֲנָוָה) hum
1	NT	NT rom 8:25	וְנוֹחִיל	with-patience	יחל	I-yod (vav for yod)	began
1	NT	NT rom 8:34	יַאֲשִׁימֵם	that-condemneth	אשמ	heuristic	be guilty
1	NT	NT rom 8:39	לְהַפְרִידֵנוּ	to-separate-us	פרד	strong	(פָּרַד) to separate, be parted
1	NT	NT rom 10:2	שֶׁמְּקַנְּאִים	that-they-have-a-zeal		(no analysis)	
1	NT	NT rom 10:12	הַפְרֵשׁ	difference	פרש	strong	(פָּרַשׂ) to spread, stretch forth; (פָּרָשׁ
1	NT	NT rom 10:19	אַקְנִיאֲכֶם	will-provoke-you-to-jealousy	קנא	heuristic	jealous God
1	NT	NT rom 11:11	הַקְנִיאָם	to-provoke-them-to-jealousy	קנא	heuristic	jealous God
1	NT	NT rom 11:12	וְנִזְקָם	and-their-loss	נזק	heuristic	harm
1	NT	NT rom 11:16	הָעִסָּה	the-lump	עסס	haqtalah (geminate)	squeeze out juice
1	NT	NT rom 11:17	וְנִתְחַבַּרְתָּ	and-partakest		(no analysis)	
1	NT	NT rom 11:23	לְהַרְכִּיבָם	to-graff-them-in	רכב	heuristic	to ride; chariot
1	NT	NT rom 11:24	שֶׁיֻּרְכְּבוּ	shall-be-graffed	רכב	strong	to ride; chariot
1	NT	NT rom 11:25	טִמְטוּם	blindness-of		(no analysis)	
1	NT	NT rom 11:31	חֲנִינַתְכֶם	your-mercy		(no analysis)	
1	NT	NT rom 12:7	יַעֲסֹק	wait-on	עסה	heuristic	
1	NT	NT rom 12:8	בְּסֵבֶר	with-cheerfulness	סבר	strong	(סֵבֶר) hope
1	NT	NT rom 12:10	מְחַבְּבִים	being-kindly-affectioned	חבב	heuristic	(חָבַב) to cherish
1	NT	NT rom 13:1	נִתְמַנּוּ	are-ordained	תמה	lamed-yod / III-he	to be astonished, amazed
1	NT	NT rom 13:9	הַמַּאֲמָר	the-saying	אמר	strong	(אָמַר) to say, speak; (לֵאמֹר) saying; (אֵמ
1	NT	NT rom 13:10	לָרֵע	to-his-neighbor	רעה	lamed-yod / III-he	(רַעְיָה) my love; (מִרְעֶה) pasture
1	NT	NT rom 14:2	שֶׁמֻּתָּר	he-may	נתר	I-nun (dagesh)	(הִתִּיר) to loose, unloose — Ps 146:7 מַתִּ
1	NT	NT rom 14:2	וְהֶחָלוּשׁ	and-he-that-is-weak	חלש	strong	(חָלַשׁ) to be weak; (חֻלְשָׁה) weakness, in
1	NT	NT rom 14:14	שֶׁיַּחְשְׁבֶנּוּ	that-esteemeth-it	חשב	strong	(חָשַׁב) to think, suppose, devise, reckon; 
1	NT	NT rom 14:15	בְּאׇכְלְךָ	with-your-meat	אכל	heuristic	(אָכַל) to eat, consume, devour; (מַאֲכָל) f
1	NT	NT rom 15:18	לֹא־אָעֵז	I-dare-not	עוז	hollow	(עֹז) strength; (הֵעֵז) to dare; take refuge
1	NT	NT rom 15:20	בְּהִשְׁתַּדְּלִי	yea-so-have-I-strived		(no analysis)	
1	NT	NT rom 15:30	בְּהַעְתִּירְכֶם	in-your-prayers	עתר	heuristic	(עָתַר) to entreat, pray; Ether
1	NT	NT rom 16:4	גַּם־כׇּל־קְהִלּוֹת	also-all-the-churches-of	גממ	geminate	
1	NT	NT rom 16:23	הַמְאָרֵחַ	host-of	ארח	strong	(אֹרֵחַ) guest; (אֹרַח) way, path; (אָרַח) t
1	NT	NT rom 16:25	וְכִקְרִיאַת	and-the-preaching-of	קרא	strong	(קָרָא) to call, proclaim, read; (מִקְרָא) c
1	NT	NT rom 16:26	נִתְפַּרְסֵם	is-made-manifest	פרס	heuristic	(פָּרַס) Persia; (פַּרְסָה) hoof
1	NT	NT tit 1:10	וּמַתְעֵי	and-deceivers	תעה	lamed-yod (yod hides the he)	(תָּעָה) to wander, go astray; deceive
1	NT	NT tit 1:12	כְּרֵשִׂים	slow	רשמ	strong	record
1	NT	NT tit 2:2	משְׁלִים	sober	שלמ	strong	make
1	NT	NT tit 2:3	דַרְכָּן	in-behavior	דרכ	heuristic	walk
1	NT	NT tit 2:6	תַּזְהִיר	exhort	זהר	strong	(הִזְהִיר) to warn, admonish, exhort; (זֹהַר
1	NT	NT tit 2:9	וְיִתְרַצּוּ	and-to-please-them-well	תרצ	heuristic	
1	NT	NT tit 2:14	הַזָּרִיז	zealous	זרז	heuristic	
1	NT	NT tit 2:15	וְתַזְהִיר	and-exhort	זהר	strong	(הִזְהִיר) to warn, admonish, exhort; (זֹהַר
1	NT	NT tit 3:1	וְלַשִּׁלְטוֹנִים	and-powers	שלט	heuristic	(שָׁלַט) to rule, have power; (שִׁלְטוֹן) po
1	NT	NT tit 3:3	וְתוֹעִים	deceived	עממ	geminate	associate
1	NT	NT tit 3:5	וְחִדּוּשׁ	renewing-of	חדש	strong	(חָדָשׁ) new; (חֹדֶשׁ) month, new moon
1	NT	NT tit 3:8	שֶׁתְּקַיֵּם	that-you-affirm-constantly	קומ	hollow (mater)	rise
1	D&C	D&C dc101_110 1:9	אֶזְנְחֵם	I will cast them off	זנח	heuristic	reject
1	D&C	D&C dc101_110 1:19	יִתְקַיְּמוּ	might be fulfilled	קומ	heuristic	rise
1	D&C	D&C dc101_110 1:41	יִוָּסְרוּ׃	be chastened—	יסר	I-yod (vav for yod)	(יִסַּר) to chasten; (יִסּוּרִים) affliction
1	D&C	D&C dc101_110 1:53	חוֹמוֹתָיו	the walls thereof—	חמה	lamed-yod (vav form)	wall; heat, fury
1	D&C	D&C dc101_110 1:53	לְהֵרָדֵם	have fallen asleep,	רדמ	strong	stun
1	D&C	D&C dc101_110 1:55	לְהִשָּׁאֵר׃	to tarry;	שאר	strong	(שָׁאַר) to remain, be left; (שְׁאָר) remnan
1	D&C	D&C dc101_110 1:61	חוֹתָמִי	my seal	חתמ	strong	seal
1	D&C	D&C dc101_110 1:81	לְהִתְעַלֵּף	to faint,	עלפ	strong	veil
1	D&C	D&C dc101_110 1:82	חָשַׁשׁ	regarded	חשש	strong	grass
1	D&C	D&C dc101_110 1:84	תַּלְאֶה	she weary	תלא	strong	suspend
1	D&C	D&C dc101_110 1:89	יַרְגִּיז	vex	רגז	strong	(רָגַז) to tremble, be troubled; rage
1	D&C	D&C dc101_110 1:92	לְצַעֲקַתְכֶם	unto your cries,		(no analysis)	
1	D&C	D&C dc101_110 1:2	תָּקֹמְנָה	might arise	קומ	hollow	rise
1	D&C	D&C dc101_110 1:2	לְהִתְיַשֵּׁב	settled	ישב	strong	to dwell, sit, inhabit
1	D&C	D&C dc101_110 1:10	וּזְכוּתוֹ	and it is his privilege	זכה	lamed-yod (vav form)	be translucent
1	D&C	D&C dc101_110 1:17	זוּגִיִּים	even		(no analysis)	
1	D&C	D&C dc101_110 1:17	ד׳	4		(no analysis)	
1	D&C	D&C dc101_110 1:17	ח׳	8		(no analysis)	
1	D&C	D&C dc101_110 1:17	י׳	10		(no analysis)	
1	D&C	D&C dc101_110 1:17	וְי״ב	and 12	יבב	geminate	bawl
1	D&C	D&C dc101_110 1:25	וּלְסַנְהֶדְרִין	And the council of		(no analysis)	
1	D&C	D&C dc101_110 1:6	עַצְמָהּ׃	very itself	עצמ	strong	close
1	D&C	D&C dc101_110 1:14	נַחֲלוֹתֵיהֶם׃	their inheritances.	נחל	heuristic	(נַחַל) river, wadi; (נַחֲלָה) inheritance
1	D&C	D&C dc101_110 1:26	בְּהִנָּקְמִי	in avenging me	נקמ	strong	punish
1	D&C	D&C dc101_110 1:36	כׇּל־נִצָּחוֹן	All victory	צחנ	strong	
1	D&C	D&C dc101_110 1:2	בְּהַבְטָחָה	With promise	בטח	haqtalah	(בָּטַח) to trust, be confident; (הַבְטָחָה)
1	D&C	D&C dc101_110 1:10	תִּמְסְרוּהוּ	that you shall deliver him over	מסר	heuristic	(מָסַר) to deliver, commit
1	D&C	D&C dc101_110 1:16	בְּהַשְׁפָּלַת	shall be exalted, in that are made low	שפל	strong	(שָׁפָל) low, lowly; (שְׁפֵלָה) the Shephela
1	D&C	D&C dc101_110 1:18	בְּיִסּוּרִים׃	being in torment.	יסר	heuristic	(יִסַּר) to chasten; (יִסּוּרִים) affliction
1	D&C	D&C dc101_110 1:20	הַבֻּרְסְקִי	the tannery		(no analysis)	
1	D&C	D&C dc101_110 1:48	הִתְאַרְגְּנָם	they are organized	ארג	heuristic	(אָרַג) to weave; (אַרְגָּמָן) purple
1	D&C	D&C dc101_110 1:58	לְהִתְאַרְגֵּן	to organize yourselves,	ארג	heuristic	(אָרַג) to weave; (אַרְגָּמָן) purple
1	D&C	D&C dc101_110 1:71	יִשְׁתַּמְּשׁוּ	be used,		(no analysis)	
1	D&C	D&C dc101_110 1:80	לְהַצָּלַתְכֶם׃	for your deliverance	נצל	heuristic	to deliver, rescue, save
1	D&C	D&C dc101_110 1:82	הַנִּצָּחוֹן׃	the victory.	צחנ	strong	
1	D&C	D&C dc101_110 1:84	זְכוּתְכֶם׃	your privilege	זככ	heuristic	clean
1	D&C	D&C dc101_110 1:22	יִתְקַיְּמוּ׃	shall be fulfilled.	קומ	heuristic	rise
1	D&C	D&C dc101_110 1:31	וְדִגְלָיו	and that her banners	דגל	strong	flaunt
1	D&C	D&C dc101_110 1:34	גְאֻלָּתָהּ׃	her redemption	גאל	strong	to redeem, deliver; kinsman-redeemer
1	D&C	D&C dc101_110 1:2	וְיַטִּיף	And should preach	טפפ	geminate	trip
1	D&C	D&C dc101_110 1:15	רְשׁוּתָהּ׃	authority of the same.	ירש	heuristic	(יָרַשׁ) to inherit, possess; (יֶרְשׁוֹן) Je
1	D&C	D&C dc101_110 1:18	הָרוּחָנִיּוֹת׃	spiritual—		(no analysis)	
1	D&C	D&C dc101_110 1:26	הַמְיֻחָדִים	special		(no analysis)	
1	D&C	D&C dc101_110 1:31	עֲקָרִים	unfruitful	עקר	heuristic	(עִקָּר) principle, main; (עָקַר) to uproot
1	D&C	D&C dc101_110 1:36	סַנְהֶדְרִיּוֹת	The councils of		(no analysis)	
1	D&C	D&C dc101_110 1:53	עוֹנְדִי	ondi-	ענד	strong	lace fast
1	D&C	D&C dc101_110 1:62	וְגַם׃	and also the deacons	גממ	geminate	
1	D&C	D&C dc101_110 1:68	הַזְּמַנִּיִּים׃	temporal	זמנ	heuristic	(זְמָן) time, appointed season; (הִזְמִין) t
1	D&C	D&C dc101_110 1:71	לְהֻפְרָשׁ	be set apart	פרש	strong	(פָּרַשׂ) to spread, stretch forth; (פָּרָשׁ
1	D&C	D&C dc101_110 1:77	הַסַּנְהֶדְרִיּוֹת	the councils		(no analysis)	
1	D&C	D&C dc101_110 1:96	מֵהֶכְרֵחַ׃	of necessity	כרה	heuristic	open
1	D&C	D&C dc101_110 1:6	וְיִתְקַיֵּם	And it shall be fulfilled	נתק	heuristic	broken
1	D&C	D&C dc101_110 1:9	תִּשָּׁפַכְנָה	shall be poured out,	שפכ	strong	spill forth
1	D&C	D&C dc109 1:10	לִכְבוֹדְךָ	to your honor	כבד	heuristic	(כָּבֵד) to be heavy; to honor; (כָּבוֹד) gl
1	D&C	D&C dc109 1:31	בְּהֵעִידָם	in bearing record	עוד	heuristic	(עוֹד) again, still, yet
1	D&C	D&C dc109 1:36	מְפֻצָּלוֹת	cloven	פצל	strong	peel
1	D&C	D&C dc109 1:36	וּפֵרוּשָׁן׃	and the interpretation thereof.	פרש	heuristic	(פָּרַשׂ) to spread, stretch forth; (פָּרָשׁ
1	D&C	D&C dc109 1:37	סוֹעָה	rushing	סעה	strong	rush
1	D&C	D&C dc109 1:38	וּבְהַכְרִיזָם	and proclaim		(no analysis)	
1	D&C	D&C dc109 1:39	מִנּוּיֶיךָ	your appointment,	היכ	I-he	how?
1	D&C	D&C dc109 1:43	בְּהַשְׁמָדַת	in the destruction	שמד	strong	be destroyed
1	D&C	D&C dc109 1:54	הָעִקָּרִים	those principles,	עקר	heuristic	(עִקָּר) principle, main; (עָקַר) to uproot
1	D&C	D&C dc109 1:59	יִתְגַּלְגֵּל	may roll on	גלגל	heuristic	(גִּלְגָּל) Gilgal — where Israel first camp
1	D&C	D&C dc109 1:62	לְהִגָּאֵל׃	to be redeemed;	גאל	strong	to redeem, deliver; kinsman-redeemer
1	D&C	D&C dc109 1:66	מִמִּרְדֵיהֶם׃	their rebellions	מרד	heuristic	rebel
1	D&C	D&C dc109 1:72	וְסוֹבְלֵיהֶם	and afflicted ones,	סבל	heuristic	(סָבַל) to bear, suffer; (סַבְלָן) patient
1	D&C	D&C dc109 1:74	וְתָמֵס	and cause to flow down	מסה	lamed-yod / III-he	dissolve
1	D&C	D&C dc109 1:79	נְעָרֵב	we may mingle	ערב	strong	(עֶרֶב) evening; (מַעֲרָב) west; (עֲרָבָה) A
1	D&C	D&C dc109 1:79	הַמְּאִירִים	bright,	רומ	hollow	be high
1	D&C	D&C dc111_120 1:1	בַּמַּסָּע	journey,	נסע	I-nun (dagesh)	to pull up, set out, journey
1	D&C	D&C dc111_120 1:5	לְחוֹבוֹתֵיכֶם	about your debts,	חוב	heuristic	(חַיָּב) bound, in danger; debt
1	D&C	D&C dc111_120 1:5	אַזְהָרָתְךָ	your warning		(no analysis)	
1	D&C	D&C dc111_120 1:9	לַפּוֹשֵׁעַ	unto the transgressor;	פשע	strong	into transgression
1	D&C	D&C dc111_120 1:14	אֶת־צְלַבְכֶם	your cross,	צלב	heuristic	(צְלָב) cross; (צָלַב) to crucify
1	D&C	D&C dc111_120 1:21	וּמֻרְשִׁים	duly recommended and authorized	רשמ	strong	record
1	D&C	D&C dc111_120 1:3	הַחֹטֶר	the rod	חטר	strong	twig
1	D&C	D&C dc111_120 1:9	ב׃	2d		(no analysis)	
1	D&C	D&C dc111_120 1:10	ז	7th,		(no analysis)	
1	D&C	D&C dc111_120 1:10	ח	and 8th		(no analysis)	
1	D&C	D&C dc111_120 1:6	בְּלֹא־מֶזֶג	without mixture	בלא	strong	afflict
1	D&C	D&C dc111_120 1:1	וּמֵהַסַּנְהֶדְרִין	and by my high council;		(no analysis)	
1	D&C	D&C dc11_20 1:15	תִּקָּרֵא׃	you are called	קרא	strong	(קָרָא) to call, proclaim, read; (מִקְרָא) c
1	D&C	D&C dc11_20 1:5	וְהֵעַדְתֶּם	and you shall testify	עוד	heuristic	(עוֹד) again, still, yet
1	D&C	D&C dc11_20 1:18	וְאֶסּוֹג׃	and shrink	סוג	hollow (mater)	(נָסוֹג) to turn back, retreat
1	D&C	D&C dc11_20 1:20	אֶת־הׇעֳנָשִׁים	these punishments	ענש	heuristic	punishment
1	D&C	D&C dc11_20 1:20	טָעַמְתָּ	you have tasted	טעמ	strong	taste
1	D&C	D&C dc11_20 1:26	לְהַדְפָּסַת	to the printing of	דפס	heuristic	(דְּפוּס) printing; (מַדְפִּיס) printer
1	D&C	D&C dc11_20 1:30	אֶת־הַמְחָרְפִים׃	against revilers		(no analysis)	
1	D&C	D&C dc11_20 1:33	תָּקֵל	you will slight	תקל	strong	balance
1	D&C	D&C dc11_20 1:35	חָל	is incurred	חול	hollow	(חוֹל) sand; (חוּל) to writhe, wait
1	D&C	D&C dc11_20 1:35	הַמַּדְפִּיס	the printer	דפס	heuristic	(דְּפוּס) printing; (מַדְפִּיס) printer
1	D&C	D&C dc11_20 1:8	בָּאֶמְצָעִים	by the means		(no analysis)	
1	D&C	D&C dc11_20 1:10	וְהֻשְׁמַע	and is declared	שמע	strong	(שָׁמַע) to hear, obey
1	D&C	D&C dc11_20 1:16	הַנֶּהְדָּרָה	glorious	הדר	strong	honour
1	D&C	D&C dc11_20 1:26	הֵעִירָם	they were inspired	ערמ	strong	be
1	D&C	D&C dc11_20 1:31	וּמַדָּעָם	and minds	ידע	heuristic	to know, perceive, understand
1	D&C	D&C dc11_20 1:37	וְנֶחְרָצִים	having a determination	חרה	heuristic	burned
1	D&C	D&C dc11_20 1:41	אֶת־הַנִּטְבָּלִים	those who are baptized		(no analysis)	
1	D&C	D&C dc11_20 1:50	וְיַטְבִּיל׃	and baptize	טבל	strong	be baptized
1	D&C	D&C dc11_20 1:68	הִתְקַבְּלָם	they are received	קבל	heuristic	(קִבֵּל) to receive, accept
1	D&C	D&C dc11_20 1:80	הַנִּתְפָּס	being overtaken	תפס	strong	seize
1	D&C	D&C dc121_130 1:1	אֶת־מִסְתָּרֶךָ׃	your hiding place?	סתר	heuristic	to hide, conceal; secret
1	D&C	D&C dc121_130 1:4	וּמִסְתָּרֶךָ	and your hiding place	סתר	heuristic	to hide, conceal; secret
1	D&C	D&C dc121_130 1:7	צָרָתְךָ	your adversity	יצר	heuristic	to form, fashion; potter
1	D&C	D&C dc121_130 1:10	יַאֲשִׁימוּךָ	charge you		(no analysis)	
1	D&C	D&C dc121_130 1:11	וְהַמַּאֲשִׁימִים	and they who charge		(no analysis)	
1	D&C	D&C dc121_130 1:12	וּזְמַנִּים	and seasons,	זמנ	heuristic	(זְמָן) time, appointed season; (הִזְמִין) t
1	D&C	D&C dc121_130 1:20	טַנְאָם	Their basket	טנא	heuristic	basket
1	D&C	D&C dc121_130 1:33	גּוֹלְלִים	rolling	גלל	heuristic	(גָּלַל) to roll; (גַּל) wave, heap; (גִּלּו
1	D&C	D&C dc121_130 1:36	קְשׁוּרוֹת	are connected	קשר	strong	conspiracy
1	D&C	D&C dc121_130 1:41	בְּפִתּוּי	by persuasion,	פתה	lamed-yod (yod hides the he)	(פִּתָּה) to entice, deceive
1	D&C	D&C dc121_130 1:46	וְשַׁרְבִיטְךָ	and your scepter		(no analysis)	
1	D&C	D&C dc121_130 1:6	יְסֹבְבוּךָ	prowl around you		(no analysis)	
1	D&C	D&C dc121_130 1:7	יִפְעַר	shall gape open	פער	strong	open
1	D&C	D&C dc121_130 1:2	הַנְּזָקִים	of damages	נזה	heuristic	(הִזָּה) to sprinkle, spatter
1	D&C	D&C dc121_130 1:5	הָעִתִּיִּים	the periodical	עות	heuristic	hours
1	D&C	D&C dc121_130 1:10	וְהַמַּשְׁחִירִים	and blackening		(no analysis)	
1	D&C	D&C dc121_130 1:10	לְהַרְעִיד	to make shudder,	רעד	strong	tremble
1	D&C	D&C dc121_130 1:16	בְּהִשָּׁמְרָהּ	by being kept	שמר	haqtalah	(שָׁמַר) to keep, guard, observe; take heed;
1	D&C	D&C dc121_130 1:1	וּבְהוֹדָאוֹתֶיךָ	and acknowledgments,		(no analysis)	
1	D&C	D&C dc121_130 1:2	תְּמֻרְטֶטֶת	shall be polished		(no analysis)	
1	D&C	D&C dc121_130 1:5	יִקְרֵם	shall befall them	קרמ	strong	cover
1	D&C	D&C dc121_130 1:12	ב.	B.		(no analysis)	
1	D&C	D&C dc121_130 1:17	וְאַכְתִּירֵהוּ	and will crown him	כתר	strong	(כֹּתֶרֶת) capital of a pillar; (כֶּתֶר) cro
1	D&C	D&C dc121_130 1:23	הָעֵיף	the weary	עופ	hollow (mater)	fly
1	D&C	D&C dc121_130 1:26	עַתִּיקוֹת	of antiquities,	עתק	strong	remove
1	D&C	D&C dc121_130 1:26	וְהַתִּדְהָר	and the pine tree,	דהר	strong	curvet
1	D&C	D&C dc121_130 1:39	נִסְדָּרִים	are ordained	סדר	heuristic	order of
1	D&C	D&C dc121_130 1:50	הַמְעַכְּבִים	those who hindered		(no analysis)	
1	D&C	D&C dc121_130 1:53	וּבְעָשֶׁק	and by oppression,	עשק	strong	(עֹשֶׁק) oppression
1	D&C	D&C dc121_130 1:55	וְאַכְתִּיר	and crown you	כתר	strong	(כֹּתֶרֶת) capital of a pillar; (כֶּתֶר) cro
1	D&C	D&C dc121_130 1:67	אֶת־הַמְּנָיָה׃	the stock	מנה	lamed-yod (yod hides the he)	(מָנָה) to count, number, appoint; (מִנְיָן)
1	D&C	D&C dc121_130 1:68	כׇּל־מְנָיָה	any stock	מנה	lamed-yod (yod hides the he)	(מָנָה) to count, number, appoint; (מִנְיָן)
1	D&C	D&C dc121_130 1:69	בַּמְּנָיָה	that stock,	מנה	lamed-yod (yod hides the he)	(מָנָה) to count, number, appoint; (מִנְיָן)
1	D&C	D&C dc121_130 1:71	הַסְכָּמַת	the consent of	סכמ	heuristic	
1	D&C	D&C dc121_130 1:86	וְיַמְשִׁיכוּ	and shall continue	משכ	strong	sow
1	D&C	D&C dc121_130 1:88	תְּנִיעֵהוּ	shall move him	נוע	hollow (mater)	are moved
1	D&C	D&C dc121_130 1:88	וּבִשְׁקִידָה	and diligently	שקד	strong	(שָׁקַד) to watch; (שָׁקֵד) almond
1	D&C	D&C dc121_130 1:99	הָאָרְסִי	poisonous	רסס	geminate	moisten
1	D&C	D&C dc121_130 1:104	וְהוֹדָאוֹת	and acknowledgments	ידא	I-yod (vav for yod)	praise
1	D&C	D&C dc121_130 1:105	וְיוֹשִׁיב	and let him locate	ישב	I-yod (vav for yod)	to dwell, sit, inhabit
1	D&C	D&C dc121_130 1:115	ד.	D.		(no analysis)	
1	D&C	D&C dc121_130 1:115	הַהֶסְכֵּם	the contract	סכמ	heuristic	
1	D&C	D&C dc121_130 1:121	יַסְכִּימוּ	shall be agreed	סכמ	heuristic	
1	D&C	D&C dc121_130 1:123	הַשַּׁיָּכוֹת	belonging	שוכ	hollow (mater)	entwine
1	D&C	D&C dc121_130 1:124	לַהַבְטָחָה	of promise	בטח	haqtalah	(בָּטַח) to trust, be confident; (הַבְטָחָה)
1	D&C	D&C dc121_130 1:129	פ.	P.		(no analysis)	
1	D&C	D&C dc121_130 1:132	ג.	G.		(no analysis)	
1	D&C	D&C dc121_130 1:145	בְּבִנְיַתְכֶם	when you build	בנה	heuristic	(בָּנָה) to build; (בִּנְיָן) building
1	D&C	D&C dc121_130 1:2	בְּמַסָּעֶיךָ	in journeyings	נסע	heuristic	to pull up, set out, journey
1	D&C	D&C dc121_130 1:1	בַּהֲקִימָם	in the getting up of	קומ	heuristic	rise
1	D&C	D&C dc121_130 1:1	כׇּל־חוֹבוֹתַי	all my debts	חבה	lamed-yod (vav form)	secrete
1	D&C	D&C dc121_130 1:1	בְּמָסְרָם	by turning out	מסר	heuristic	(מָסַר) to deliver, commit
1	D&C	D&C dc121_130 1:2	כְּפוֹלוֹס	like Paul		(no analysis)	
1	D&C	D&C dc121_130 1:9	בְּגִנְזֵי	in the archives	גנז	strong	treasure
1	D&C	D&C dc121_130 1:1	עַל־עִנְיָנִים	in relation to subjects	עלה	lamed-yod / III-he	(עָלָה) to go up, ascend; (עֹלָה) burnt offe
1	D&C	D&C dc121_130 1:3	בְּדִקְדּוּק	accurate		(no analysis)	
1	D&C	D&C dc121_130 1:3	וִידַקְדֵּק	and let him be precise		(no analysis)	
1	D&C	D&C dc121_130 1:5	לִמְדֻקְדָּק	to be very particular		(no analysis)	
1	D&C	D&C dc121_130 1:9	רוֹשֵׁם	records	רשמ	strong	record
1	D&C	D&C dc121_130 1:12	יַסְכִּים	might accord	יסכ	heuristic	pour
1	D&C	D&C dc121_130 1:12	לְהַקְבִּילוֹ	to form a relationship	קבל	strong	(קִבֵּל) to receive, accept
1	D&C	D&C dc121_130 1:14	גַּם־הַשָּׁמַיְמִיִּים	also-the heavenly	גממ	geminate	
1	D&C	D&C dc121_130 1:17	בְּהֶמְשֵׁךְ	in connection with	משכ	strong	sow
1	D&C	D&C dc121_130 1:21	בְּהוֹשִׁיטָם	by holding forth		(no analysis)	
1	D&C	D&C dc121_130 1:21	וּבְאַמְּצָם	confirming	אמצ	heuristic	be alert
1	D&C	D&C dc121_130 1:24	רִשְׁמֵי	containing the records of	רשמ	strong	record
1	D&C	D&C dc121_130 1:8	יוֹשִׁיט	he will offer	ישט	I-yod (vav for yod)	extend
1	D&C	D&C dc121_130 1:3	דֵּעַת	a notion of	ידע	I-yod	to know, perceive, understand
1	D&C	D&C dc121_130 1:13	בְּהִתְפַּלְלִי	while I was praying earnestly	פלל	strong	to pray, intercede
1	D&C	D&C dc131_138 1:8	בְּהִטַּהֵר	when are purified	טהר	strong	to be pure, clean; purity, purification
1	D&C	D&C dc131_138 1:10	הַאֲקַבֵּל	will I receive	קבל	strong	(קִבֵּל) to receive, accept
1	D&C	D&C dc131_138 1:14	יְזֻעְזַע	shall be shaken		(no analysis)	
1	D&C	D&C dc131_138 1:15	וּלְחֻפָּתָם	and their marriage	חפפ	heuristic	cover
1	D&C	D&C dc131_138 1:19	בְתׇקְפּוֹ	of full force	תקפ	strong	overpower
1	D&C	D&C dc131_138 1:22	הַמּוֹבִיל	that leads	יבל	I-yod (vav for yod)	(יָבַל) to lead, carry; (הוֹבִיל) to lead; (
1	D&C	D&C dc131_138 1:23	אֶת־הִתְנַשְּׂאוּתְכֶם	your exaltation;	נשה	heuristic	(נֹשֶׁה) creditor; (נָשָׁה) to lend
1	D&C	D&C dc131_138 1:49	אֶת־הִתְנַשְּׂאוּתְךָ	your exaltation,	נשה	heuristic	(נֹשֶׁה) creditor; (נָשָׁה) to lend
1	D&C	D&C dc131_138 1:54	וְאַשְׁמִידֶנָּה	and will destroy her	שמד	strong	be destroyed
1	D&C	D&C dc131_138 1:56	אֲבָרְכֶנָּה	will bless her,	ברכ	strong	kneel
1	D&C	D&C dc131_138 1:56	וְאַרְבֶּנָּה	and multiply her,	ארב	strong	(אָרַב) to lie in wait, ambush
1	D&C	D&C dc131_138 1:61	תֹּאבֶה	give her consent,	תאב	strong	desire
1	D&C	D&C dc131_138 1:14	הָרוּחָנִית׃	spiritual	רוח	heuristic	spirit, wind, breath
1	D&C	D&C dc131_138 1:23	וְתֻשַּׁב	and it shall be driven back	נשב	I-nun (dagesh)	returned we
1	D&C	D&C dc131_138 1:36	וּמְסָרָהּ	and has committed it	מסר	strong	(מָסַר) to deliver, commit
1	D&C	D&C dc131_138 1:41	תַּרְתִּיחַ	causes to boil	רתח	strong	boil
1	D&C	D&C dc131_138 1:72	וְנִמְסַרְתֶּם	and you were delivered over	מסר	heuristic	(מָסַר) to deliver, commit
1	D&C	D&C dc131_138 1:1	בִּדְבָרָן	in relation to them,	דבר	heuristic	(דִּבֶּר) to speak; (דָּבָר) word, thing; (ד
1	D&C	D&C dc131_138 1:3	לְאַכֵּף	to enforce	אכפ	strong	urge
1	D&C	D&C dc131_138 1:5	לְהֵעָנֵשׁ	be punished	ענש	strong	punishment
1	D&C	D&C dc131_138 1:6	וּלְהַעֲנִישׁ	and the punishment	ענש	strong	punishment
1	D&C	D&C dc131_138 1:6	וְהַשַּׁלְוָה	and harmony	שלו	haqtalah	shall stumble
1	D&C	D&C dc131_138 1:6	לְהַסְדִּיר	for the express purpose of regulating	סדר	strong	order of
1	D&C	D&C dc131_138 1:8	וְיִשְׁתַּמֵּשׁ	and use		(no analysis)	
1	D&C	D&C dc131_138 1:10	אֶת־חֶבְרָתָם׃	their fellowship.	חבר	heuristic	(חָבַר) to join, unite; (חָבֵר) companion; (
1	D&C	D&C dc131_138 1:11	וּמֵהַסָּגַת	and encroachments	סוג	hollow	(נָסוֹג) to turn back, retreat
1	D&C	D&C dc131_138 1:12	מַצָּבָם	their situations	נצב	heuristic	to stand, be stationed; garrison
1	D&C	D&C dc131_138 1:12	לְהֵאָחֵז	allowing to be held	אחז	strong	to grasp, seize, take possession
1	D&C	D&C dc131_138 1:1	חָמוּס	an armed	חמס	strong	be violent
1	D&C	D&C dc131_138 1:4	קָר	cold blood.	קרה	lamed-yod / III-he	(קָרָה) to happen, befall; (קִרְיָה) city, t
1	D&C	D&C dc131_138 1:4	אֶת־הַפְּסָקָה	the paragraph	פסק	heuristic	(פָּסַק) to cease, stop
1	D&C	D&C dc131_138 1:4	וְקִפֵּל	and turned down	קפל	heuristic	
1	D&C	D&C dc131_138 1:5	יֵחַר	it matters	יחר	strong	burned
1	D&C	D&C dc131_138 1:6	הָרָטֹב	green	רטב	strong	be moist
1	D&C	D&C dc131_138 1:7	הַשְּׁבוּרָה	the broken	בור	hollow (mater)	bore
1	D&C	D&C dc131_138 1:1	בְּמַסְעָם	in their journeyings	נסע	heuristic	to pull up, set out, journey
1	D&C	D&C dc131_138 1:12	ט׳	T.		(no analysis)	
1	D&C	D&C dc131_138 1:14	א׳	A.		(no analysis)	
1	D&C	D&C dc131_138 1:34	גֵּרֶשְׁךָ׃	has driven you out	גרש	heuristic	(גֵּרֵשׁ) to drive out; (מִגְרָשׁ) pasture l
1	D&C	D&C dc131_138 1:35	פֻּרְעָנוּתָם	their calamity,	פרע	heuristic	(פָּרַע) to let loose
1	D&C	D&C dc131_138 1:3	הַלּוֹהֵט	blazing	להט	strong	lick
1	D&C	D&C dc131_138 1:7	הֻרְשׁוּ	they had been permitted	רוש	hollow	be destitute
1	D&C	D&C dc131_138 1:6	בִּפְרָקִים	in chapters	פרק	heuristic	chapters
1	D&C	D&C dc131_138 1:15	גְּאֻלָּתָם׃	their redemption.	גאל	heuristic	to redeem, deliver; kinsman-redeemer
1	D&C	D&C dc131_138 1:18	וְשׂוֹחֵחַ	and conversed,	שחח	strong	(שָׁחַח) to be bowed down, cast down
1	D&C	D&C dc131_138 1:21	וּבְאַזְהֲרוֹתֵיהֶם	and the warnings		(no analysis)	
1	D&C	D&C dc131_138 1:23	בִּגְאֻלָּתָם	in their redemption,	גאל	heuristic	to redeem, deliver; kinsman-redeemer
1	D&C	D&C dc131_138 1:24	קׇדְשׁוֹ׃	his holy	קדש	strong	(קָדוֹשׁ) holy; to sanctify; (מִקְדָּשׁ) tem
1	D&C	D&C dc131_138 1:27	קְצוּבָה	limited	קצב	strong	clip
1	D&C	D&C dc131_138 1:29	וְחֻדְּדָה	quickened,	חדד	strong	be
1	D&C	D&C dc131_138 1:47	לִטַּע	to plant	נטע	I-nun (dagesh)	pitched
1	D&C	D&C dc131_138 1:49	לִגְאֻלָּתָם׃	for their redemption,	גאל	heuristic	to redeem, deliver; kinsman-redeemer
1	D&C	D&C dc131_138 1:51	לְהִכָּתֵר	to be crowned	כתר	strong	(כֹּתֶרֶת) capital of a pillar; (כֶּתֶר) cro
1	D&C	D&C dc1_10 1:33	תָדוֹן	shall strive	דונ	hollow (mater)	
1	D&C	D&C dc1_10 1:1	יֻפְרוּ	shall be frustrated	פרה	lamed-yod / III-he	to bear fruit, be fruitful; fruit
1	D&C	D&C dc1_10 1:8	וּמְחַזֶּקְךָ	and strengthen you	חזק	heuristic	(חָזָק) strong, mighty; to strengthen; (הֶחֱ
1	D&C	D&C dc1_10 1:4	בַּדּוֹת	feign	דוה	lamed-yod / III-he	be sick
1	D&C	D&C dc1_10 1:29	יַלְאֵנִי	trouble me	לאה	lamed-yod / III-he	(לֵאָה) weary; (תְּלָאָה) travail, hardship
1	D&C	D&C dc1_10 1:19	מָתוּן	temperate	נונ	I-nun (dagesh)	resprout
1	D&C	D&C dc1_10 1:31	עֲמָלְךָ׃	your labors	עמל	heuristic	(עָמָל) toil, labor, trouble
1	D&C	D&C dc1_10 1:9	וְתַשְׁכִּיחֲךָ	and shall cause you to forget	שכח	heuristic	to forget
1	D&C	D&C dc1_10 1:11	בְּהַחִלְּךָ	when you commenced	חלכ	strong	
1	D&C	D&C dc1_10 1:13	בְכַזְּבָם	by their lying	כזב	heuristic	unto the liar
1	D&C	D&C dc1_10 1:13	בָּדִיתָ	you pretended	בדד	heuristic	(לְבַד) alone, apart; (בַּד) pole, part
1	D&C	D&C dc1_10 1:26	בְּפַחָם׃	in their snare	פחמ	strong	coal
1	D&C	D&C dc1_10 1:28	לַמְשַׁקֵּר	to him that lies	שקר	strong	to deal falsely, lie; falsehood, deception
1	D&C	D&C dc1_10 1:31	וּבָדִיתָ	and pretended	בדד	geminate	(לְבַד) alone, apart; (בַּד) pole, part
1	D&C	D&C dc1_10 1:32	יְפַרְסְמוּ	they will publish	פרסמ	heuristic	
1	D&C	D&C dc1_10 1:68	כׇּל־הַמֹּסִיף	whoever declares more	סופ	hollow (mater)	snatch
1	D&C	D&C dc21_30 1:8	וְאַשְׁבִּיתֶנּוּ	and I will cause that he shall	שבה	lamed-yod (yod hides the he)	to take captive; captivity
1	D&C	D&C dc21_30 1:2	אֶת־קְרִיאָתְךָ	your calling	קרה	heuristic	(קָרָה) to happen, befall; (קִרְיָה) city, t
1	D&C	D&C dc21_30 1:6	אֶת־צְלַבְךָ	your cross	צלב	heuristic	(צְלָב) cross; (צָלַב) to crucify
1	D&C	D&C dc21_30 1:7	לְהִלָּווֹת	to unite	לוה	lamed-yod / III-he	lend
1	D&C	D&C dc21_30 1:1	מִצָּרֹתֶיךָ	out of your afflictions	יצר	heuristic	to form, fashion; potter
1	D&C	D&C dc21_30 1:8	יִהְיֶינָה	shall be	הונ	hollow (mater)	be
1	D&C	D&C dc21_30 1:18	וּלְתַרְמִיל׃	and for scrip		(no analysis)	
1	D&C	D&C dc21_30 1:5	קְרִיאָתֵךְ	your calling	קרה	heuristic	(קָרָה) to happen, befall; (קִרְיָה) city, t
1	D&C	D&C dc21_30 1:10	תַּנִּיחִי	you shall lay aside	נוח	hollow (mater)	(נוּחַ) to rest; (מָנוֹחַ) resting place; Ma
1	D&C	D&C dc21_30 1:12	חָפְצָה	delights	חפצ	strong	desire
1	D&C	D&C dc21_30 1:21	תִמְשֹׁלְנָה׃	reign	משל	strong	(מָשַׁל) to rule; (מֶמְשָׁלָה) dominion, gov
1	D&C	D&C dc21_30 1:25	רֶגֶב	mote	רגב	strong	lump of clay
1	D&C	D&C dc21_30 1:27	לְהַכִּירָם	to own them	כרמ	strong	vineyard
1	D&C	D&C dc21_30 1:44	הָרוּחָנִית	spiritual	רוח	heuristic	spirit, wind, breath
1	D&C	D&C dc21_30 1:6	לְהַצָּלָתוֹ	for his	נצל	I-nun (dagesh)	to deliver, rescue, save
1	D&C	D&C dc21_30 1:6	וּלְהַצָּלָתְךָ	and your deliverance		(no analysis)	
1	D&C	D&C dc21_30 1:10	וַעֲבֹדָתְךָ	and your labor		(no analysis)	
1	D&C	D&C dc31_40 1:4	יִבְדּוּ	shall pretend	בדד	geminate	(לְבַד) alone, apart; (בַּד) pole, part
1	D&C	D&C dc31_40 1:13	אֶל־חַלְּשֵׁי	upon the weak things of	אלה	lamed-yod / III-he	(אֵלֶּה) these; (אָלָה) oath, curse
1	D&C	D&C dc31_40 1:17	בֵּרַכְתִּיו׃	I blessed him	ברכ	strong	kneel
1	D&C	D&C dc31_40 1:18	אָטַע	I will plant	טעה	lamed-yod / III-he	wander
1	D&C	D&C dc31_40 1:12	חָבוּר׃	is combined	חבר	strong	(חָבַר) to join, unite; (חָבֵר) companion; (
1	D&C	D&C dc31_40 1:41	קְרִיאַתְכֶם	your preaching	קרה	heuristic	(קָרָה) to happen, befall; (קִרְיָה) city, t
1	D&C	D&C dc31_40 1:9	מְאַסְתַּנִי	you have rejected me	מאס	strong	to reject, refuse, despise
1	D&C	D&C dc31_40 1:23	תַּטְבִּיל	you shall baptize	טבל	strong	be baptized
1	D&C	D&C dc31_40 1:2	הִסִּיתֻהוּ	caused him	סות	hollow (mater)	to entice, incite, stir up
1	D&C	D&C dc41_50 1:2	לְהִוָּעֵד	to agree	יעד	I-yod (vav for yod)	(יָעַד) to appoint; (יִעוּד) foreordination
1	D&C	D&C dc41_50 1:10	אֶתְּנֵם׃	I shall give them	אתה	heuristic	you
1	D&C	D&C dc41_50 1:30	יוּפַר׃	can be broken	פרה	lamed-yod / III-he	to bear fruit, be fruitful; fruit
1	D&C	D&C dc41_50 1:34	וְסַנְהֶדְרִינוֹ׃	and his council		(no analysis)	
1	D&C	D&C dc41_50 1:42	הַפּוֹעֵל׃	the laborer	פעל	strong	work
1	D&C	D&C dc41_50 1:77	תְקַבְּלוּם׃	you receive them		(no analysis)	
1	D&C	D&C dc41_50 1:15	נִשְׁלַחְתֶּם	you are sent forth	שלח	heuristic	(שָׁלַח) to send, stretch out; (שָׁלִיחַ) ap
1	D&C	D&C dc41_50 1:1	וְהַקַּיָּמִים׃	and exist	קומ	heuristic	rise
1	D&C	D&C dc41_50 1:15	וְאִוָּכַח	and I will reason	יכח	I-yod (vav for yod)	to reprove, argue, set right
1	D&C	D&C dc41_50 1:17	הַנָּפוֹץ׃	the scattered	פוצ	hollow (mater)	disperse
1	D&C	D&C dc41_50 1:37	לְהַפְרִיחַ	to shoot forth	פרח	strong	(פָּרַח) to blossom, flourish; break out
1	D&C	D&C dc41_50 1:46	יְשַׁנְתֶּם	you have slept	איש	heuristic	man, person, husband
1	D&C	D&C dc41_50 1:57	נִתְעוּ	have been deceived	נתע	strong	tear out
1	D&C	D&C dc41_50 1:1	וּלְלִמּוּדְכֶם׃	and learning	למד	heuristic	(לָמַד) to learn, teach; (תַּלְמִיד) discipl
1	D&C	D&C dc41_50 1:13	וְנִצְלַב	and was crucified	צלב	strong	(צְלָב) cross; (צָלַב) to crucify
1	D&C	D&C dc41_50 1:4	אֲבָרְכֶנּוּ	I will bless him	ברכ	strong	kneel
1	D&C	D&C dc41_50 1:5	הַמְקַבְּלוֹ	he that receives him	קבל	strong	(קִבֵּל) to receive, accept
1	D&C	D&C dc41_50 1:23	לְהֵרָעֵשׁ	for to be shaken	רעש	strong	earthquakes
1	D&C	D&C dc41_50 1:12	אֶתְוַכַּח	will reason	יכח	heuristic	to reprove, argue, set right
1	D&C	D&C dc41_50 1:13	נִסְמַכְתֶּם׃	were you ordained	סמכ	heuristic	prop
1	D&C	D&C dc41_50 1:15	הֲנִצְדַּקְתֶּם׃	are you justified		(no analysis)	
1	D&C	D&C dc41_50 1:19	הֲמְקַבֵּל	does he receive	קבל	strong	(קִבֵּל) to receive, accept
1	D&C	D&C dc51_60 1:15	לְהֵעָרֵךְ	of organizing themselves	ערכ	strong	order
1	D&C	D&C dc51_60 1:17	הָרוֹעֵד	he that trembles	רעד	strong	tremble
1	D&C	D&C dc51_60 1:18	הַנִּכְבָּשׁ	he that is overcome	כבש	strong	(כֶּבֶשׂ) lamb; (כָּבַשׁ) to subdue, tread d
1	D&C	D&C dc51_60 1:43	אֲחִישׁ	will hasten	חוש	hollow (mater)	to hasten; to feel, perceive
1	D&C	D&C dc51_60 1:4	הַדְּפוּס	printing		(no analysis)	
1	D&C	D&C dc51_60 1:11	לְמַדְפִּיס	as a printer	דפס	heuristic	(דְּפוּס) printing; (מַדְפִּיס) printer
1	D&C	D&C dc51_60 1:13	וּלְהַגִּיהַ	and to correct	הגה	lamed-yod (yod hides the he)	(הָגָה) to utter, ponder, meditate
1	D&C	D&C dc51_60 1:11	לַחֲתֻנַּת	to the marriage of	חתנ	strong	give
1	D&C	D&C dc51_60 1:22	לַשִּׁלְטוֹנוֹת	to the authorities	שלט	heuristic	(שָׁלַט) to rule, have power; (שִׁלְטוֹן) po
1	D&C	D&C dc51_60 1:26	הַנֶּאֱלָץ	he that is compelled	אלצ	strong	press
1	D&C	D&C dc51_60 1:28	שְׂכָרָם׃	their reward	כרמ	strong	vineyard
1	D&C	D&C dc51_60 1:37	הַדְּפוּס׃	the printing		(no analysis)	
1	D&C	D&C dc51_60 1:60	לְהַסְתִּירָם׃	to hide them	סתר	heuristic	to hide, conceal; secret
1	D&C	D&C dc51_60 1:12	וְהִתְוַדֵּיתָ	confessing	תוה	heuristic	mark out
1	D&C	D&C dc51_60 1:13	אׇכְלְךָ	your food	אכל	heuristic	(אָכַל) to eat, consume, devour; (מַאֲכָל) f
1	D&C	D&C dc51_60 1:13	צוֹמְךָ	your fasting	צוה	heuristic	to command
1	D&C	D&C dc51_60 1:13	שִׂמְחָתְךָ׃	your joy	חתכ	strong	cut off
1	D&C	D&C dc51_60 1:20	לְהֵעָבֵד	to be used	עבד	strong	(עָבַד) to serve, work; (עֶבֶד) servant; (עַ
1	D&C	D&C dc51_60 1:22	תַּלְאוּנִי	trouble me	לאה	lamed-yod (vav form)	(לֵאָה) weary; (תְּלָאָה) travail, hardship
1	D&C	D&C dc61_70 1:9	חֶבְרָתָם	their company	חבר	heuristic	(חָבַר) to join, unite; (חָבֵר) companion; (
1	D&C	D&C dc61_70 1:12	תִּוָּעֲדוּ׃	you shall agree	יעד	I-yod (vav for yod)	(יָעַד) to appoint; (יִעוּד) foreordination
1	D&C	D&C dc61_70 1:18	תַּזְהִירוּ	you shall forewarn	זהר	strong	(הִזְהִיר) to warn, admonish, exhort; (זֹהַר
1	D&C	D&C dc61_70 1:31	לְהִבָּשֵׁל	to be ripened	בשל	strong	boil
1	D&C	D&C dc61_70 1:3	הָעַדְתֶּם	you have borne	עוד	heuristic	(עוֹד) again, still, yet
1	D&C	D&C dc61_70 1:4	לְגֵיהִנֹּם׃	down to hell	גוה	heuristic	(גְּוִיָּה) body
1	D&C	D&C dc61_70 1:11	לְדִינָם׃	unto their condemnation	ילד	heuristic	(יָלַד) to bear, beget; (יֶלֶד) child
1	D&C	D&C dc61_70 1:17	בַּאֲגָם	in the lake	אגמ	strong	marsh
1	D&C	D&C dc61_70 1:29	תֻּשַּׂג	shall be obtained	נשג	I-nun (dagesh)	(הִשִּׂיג) to reach, obtain, attain
1	D&C	D&C dc61_70 1:38	אֶת־עִנְיְנֵיהֶם	their concerns	ענה	heuristic	(עָנָה) to answer; to afflict; (עֲנָוָה) hum
1	D&C	D&C dc61_70 1:43	לְהִשָּׁלֵחַ	to be sent	שלח	strong	(שָׁלַח) to send, stretch out; (שָׁלִיחַ) ap
1	D&C	D&C dc61_70 1:64	לְהֵאָמֵר	be spoken	אמר	strong	(אָמַר) to say, speak; (לֵאמֹר) saying; (אֵמ
1	D&C	D&C dc61_70 1:9	מֻרְשָׁע	condemned	רשע	strong	wickedness
1	D&C	D&C dc61_70 1:22	אַרְשִׁיעַ	will hold guilty	רשע	strong	wickedness
1	D&C	D&C dc61_70 1:5	תַּכְרִיז	you should proclaim	כרז	heuristic	(הִכְרִיז) to proclaim
1	D&C	D&C dc61_70 1:6	תִּתְמַהְמַהּ	tarry	מהה	heuristic	(הִתְמַהְמַהּ) to tarry, delay
1	D&C	D&C dc61_70 1:9	תָּשֹׁב	return	שוב	hollow	to return, repent, turn back; repentance
1	D&C	D&C dc61_70 1:10	זְכוּתְכֶם	it is your privilege	זככ	heuristic	clean
1	D&C	D&C dc61_70 1:10	בָּרוּחָנִית׃	with the spiritual	רוח	heuristic	spirit, wind, breath
1	D&C	D&C dc61_70 1:20	מֻרְשִׁים	authorized	רשמ	strong	record
1	D&C	D&C dc61_70 1:21	יַחְשָׂם	their lineage	יחש	heuristic	(יַחַשׂ) genealogy; (יִחֵס) to impute, relat
1	D&C	D&C dc61_70 1:23	יֻפַר	be impeached	פרה	lamed-yod / III-he	to bear fruit, be fruitful; fruit
1	D&C	D&C dc61_70 1:33	בְּעִתָּן	in the season thereof	נבע	heuristic	utter
1	D&C	D&C dc61_70 1:5	עִנְיְנֵיהֶם	their concerns	ענה	heuristic	(עָנָה) to answer; to afflict; (עֲנָוָה) hum
1	D&C	D&C dc71_80 1:17	וּלְהִתְקַבֵּל	and to be received	קבל	strong	(קִבֵּל) to receive, accept
1	D&C	D&C dc71_80 1:19	יֻמְלַץ	let him be recommended	מלצ	strong	be smooth
1	D&C	D&C dc71_80 1:23	יִוָּסְדוּ	they shall be established	יסד	I-yod (vav for yod)	to found, establish, lay a foundation
1	D&C	D&C dc71_80 1:3	תִתְמַהְמְהוּ	tarry	מהה	heuristic	(הִתְמַהְמַהּ) to tarry, delay
1	D&C	D&C dc71_80 1:3	תֻפַרְנָה	fail	תפר	strong	sew
1	D&C	D&C dc71_80 1:15	לַפָּסוּק	to the verse		(no analysis)	
1	D&C	D&C dc71_80 1:35	וְצָלְבוּ	and having crucified	צלב	strong	(צְלָב) cross; (צָלַב) to crucify
1	D&C	D&C dc71_80 1:39	בְּנִצְחוֹן	through the triumph of	צחנ	strong	
1	D&C	D&C dc71_80 1:39	נִשְׁחַט	was slain	שחט	strong	(שָׁחַט) to slaughter
1	D&C	D&C dc71_80 1:45	יִסּוּרָם	their torment	סור	heuristic	(סוּר) to turn aside, depart; (הֵסִיר) to re
1	D&C	D&C dc71_80 1:73	וְהִכְרִיז	and preached	כרז	heuristic	(הִכְרִיז) to proclaim
1	D&C	D&C dc71_80 1:2	הַנִּזְכָּרוֹת	spoken of	זכר	strong	to remember; male
1	D&C	D&C dc71_80 1:3	בְּאׇשְׁרָם	of their felicity	אשר	heuristic	(אֲשֶׁר) which, that, who; (אָשֵׁר) Asher; (
1	D&C	D&C dc71_80 1:4	וְגוֹ׳׃	etc.	גוה	lamed-yod / III-he	(גְּוִיָּה) body
1	D&C	D&C dc71_80 1:3	לְתַכֵּן	in regulating	תכנ	strong	balance
1	D&C	D&C dc71_80 1:12	וְהַמְפִירָהּ	And he who breaks it	פור	hollow (mater)	crush
1	D&C	D&C dc71_80 1:14	בְּהַשְׁגִּיחִי	through my providence	שגח	strong	(הִשְׁגִּיחַ) to watch over
1	D&C	D&C dc81_90 1:14	תֵּרָחַבְנָה	be enlarged-;	רחב	strong	to be wide, broad; breadth, width
1	D&C	D&C dc81_90 1:22	בְּמָמוֹן	with the mammon of	יונ	I-yod	Javan
1	D&C	D&C dc81_90 1:2	פּוֹשְׁעוֹת	transgressors	פשע	strong	into transgression
1	D&C	D&C dc81_90 1:5	לְהוֹרֵיהֶם	their parents	הרר	heuristic	(הַר) mountain, hill; (הָהָר) the mount
1	D&C	D&C dc81_90 1:72	לְהַזִּיקָם׃	to harm them.	זקק	heuristic	(זָקַק) to refine, purge; (זִקִּים) chains
1	D&C	D&C dc81_90 1:79	וְהַפּוֹעֵל	and the laborer	פעל	strong	work
1	D&C	D&C dc81_90 1:82	טוֹוִים	do they spin-;	טוה	heuristic	spin
1	D&C	D&C dc81_90 1:89	יַאֲכִיל	will feed	אכל	strong	(אָכַל) to eat, consume, devour; (מַאֲכָל) f
1	D&C	D&C dc81_90 1:89	וְיַלְבִּישׁ	and clothe	לבש	strong	to clothe, put on, be clothed
1	D&C	D&C dc81_90 1:90	הַמַּלְבִּישׁ	clothes	לבש	strong	to clothe, put on, be clothed
1	D&C	D&C dc81_90 1:104	וְחָקְקָם	and the printing thereof	חקק	heuristic	(חֹק) statute, law; (חָקַק) to inscribe, dec
1	D&C	D&C dc81_90 1:107	אֶת־הַנִּסְמָכִים	those who are ordained		(no analysis)	
1	D&C	D&C dc81_90 1:107	לְהוֹעִיד	to make	יעד	I-yod (vav for yod)	(יָעַד) to appoint; (יִעוּד) foreordination
1	D&C	D&C dc81_90 1:112	ק	K.		(no analysis)	
1	D&C	D&C dc81_90 1:113	חֻלּוֹ	his secular affairs	חול	hollow	(חוֹל) sand; (חוּל) to writhe, wait
1	D&C	D&C dc81_90 1:117	אֶת־שִׁמְמַת	the desolation of	שממ	strong	stun
1	D&C	D&C dc81_90 1:118	אַרְעִישׁ	I will shake	רעש	strong	earthquakes
1	D&C	D&C dc81_90 1:2	אֶת־נַחֲלוֹתֵיהֶם׃	their inheritances.	נחל	heuristic	(נַחַל) river, wadi; (נַחֲלָה) inheritance
1	D&C	D&C dc81_90 1:8	הַלּוֹהֵט׃	vivid.	להט	strong	lick
1	D&C	D&C dc81_90 1:10	יְקַיֵּם׃	he will fulfil.	קומ	hollow (mater)	rise
1	D&C	D&C dc81_90 1:3	חוֹנְקִים	choke	חנק	heuristic	be narrow
1	D&C	D&C dc81_90 1:3	וּמַדִּיחִים	and drive	נדח	heuristic	to be driven away, banished; outcast
1	D&C	D&C dc81_90 1:6	חַלָּשָׁה	is weak	חלש	strong	(חָלַשׁ) to be weak; (חֻלְשָׁה) weakness, in
1	D&C	D&C dc81_90 1:7	לְהִשָּׂרֵף׃	to be burned.	שרפ	strong	be
1	D&C	D&C dc81_90 1:3	תֵּחָלַקְנָה	shall be divided	חלק	strong	(חֵלֶק) part, portion; (חָלַק) to divide; (מ
1	D&C	D&C dc81_90 1:35	שׁוֹבֵר	breaks	שבר	strong	to break, shatter; destruction
1	D&C	D&C dc81_90 1:44	בִּשְׁעוֹתֵיהֶם	in their hours	ישע	heuristic	to save, deliver; salvation, Jesus
1	D&C	D&C dc81_90 1:45	בְּהִתְגַּלְגְּלָם	as they roll		(no analysis)	
1	D&C	D&C dc81_90 1:49	בְּהֵחָיוֹתְכֶם	being quickened	חיה	heuristic	(חַי) living; (חָיָה) to live; (תְּחִיָּה) r
1	D&C	D&C dc81_90 1:50	לִרְבּוֹת׃	abound.	רבה	lamed-yod / III-he	(רָבָה) to multiply, increase, much; (רַבִּי
1	D&C	D&C dc81_90 1:56	וְשָׁהָה	and tarried	ישה	I-yod (vav for yod)	
1	D&C	D&C dc81_90 1:58	בְּשָׁעָתוֹ	in his hour	שוע	hollow	(שַׁוְעָה) cry for help
1	D&C	D&C dc81_90 1:60	שָׁעָתוֹ	his hour	שוע	hollow	(שַׁוְעָה) cry for help
1	D&C	D&C dc81_90 1:62	לַהֲגוֹת	to ponder	להג	strong	intense mental application
1	D&C	D&C dc81_90 1:71	בָּאַזְהָרָה	the warning	זהר	strong	(הִזְהִיר) to warn, admonish, exhort; (זֹהַר
1	D&C	D&C dc81_90 1:73	אֲמַהֵר	will hasten	מהר	strong	to hasten, hurry; quickly
1	D&C	D&C dc81_90 1:74	וְהֵעָרְכוּ	and organize yourselves	ערכ	strong	order
1	D&C	D&C dc81_90 1:4	קוֹשְׁרִים	conspiring	קשר	heuristic	conspiracy
1	D&C	D&C dc81_90 1:4	וּמַזְהִיר	and forewarn	זהר	strong	(הִזְהִיר) to warn, admonish, exhort; (זֹהַר
1	D&C	D&C dc81_90 1:8	הַטַּבָּק	tobacco		(no analysis)	
1	D&C	D&C dc81_90 1:17	וְלַחֲזִירִים	and for swine	חזר	heuristic	(חָזַר) to return, repeat; (הֶחֱזִיר) to res
1	D&C	D&C dc81_90 1:18	לְשָׁרָּם	to their navel	רומ	hollow	be high
1	D&C	D&C dc81_90 1:28	לְהוֹצָאוֹתֶיהָ	to bear her expenses	יצא	heuristic	to go out, come forth
1	D&C	D&C dc81_90 1:36	וַאֲיַסְּרֶנָּה	and chasten her	אסר	strong	(אָסַר) to bind; forbid; (אֲסוּרִים) prison,
1	D&C	D&C dc91_100 1:30	קִיּוּם׃	existence.	קומ	hollow (mater)	rise
1	D&C	D&C dc91_100 1:34	וּבְהִפָּרְדָם	And when separated,		(no analysis)	
1	D&C	D&C dc91_100 1:42	צָרָתֶךָ׃	your affliction.	יצר	heuristic	to form, fashion; potter
1	D&C	D&C dc91_100 1:50	יוּסְרוּ	they shall be removed	יסר	I-yod (vav for yod)	(יִסַּר) to chasten; (יִסּוּרִים) affliction
1	D&C	D&C dc91_100 1:2	מוּכָחִים	rebuked	יכח	heuristic	to reprove, argue, set right
1	D&C	D&C dc91_100 1:16	אֲדוֹנְכֶם׃	your Lord.	אדנ	heuristic	basis
1	D&C	D&C dc91_100 1:7	וְשֻׁתָּף	and a partaker	תפפ	geminate	play
1	D&C	D&C dc91_100 1:9	תִּסְמְכוּהוּ	you shall ordain him	סמכ	heuristic	prop
1	D&C	D&C dc91_100 1:8	מְקֻבָּלִים	they are accepted	קבל	heuristic	(קִבֵּל) to receive, accept
1	D&C	D&C dc91_100 1:23	יַטְרִיד	shall vex	טרד	strong	drive on
1	D&C	D&C dc91_100 1:28	וַאֲבָרְכֶנָּה	And I will bless her	ברכ	strong	kneel
1	D&C	D&C dc91_100 1:12	וַאֲנַסֶּכֶם	and I will try you and prove you	נסכ	heuristic	pour
1	D&C	D&C dc91_100 1:28	מִנִּקְמָתִי	my vengeance,	נקמ	strong	punish
1	D&C	D&C dc91_100 1:34	יַכְרִיז	should proclaim	כרז	heuristic	(הִכְרִיז) to proclaim
1	D&C	D&C dc91_100 1:36	וְהִצְדַּקְתִּים	and justify them		(no analysis)	
1	D&C	D&C dc91_100 1:38	לְהַצְדָּקָה	for justification	צדק	haqtalah	righteous, just; righteousness, justice
1	D&C	D&C dc91_100 1:2	בְּהוֹכָחַת	in the demonstration of	יכח	I-yod (vav for yod)	to reprove, argue, set right
1	D&C	D&C dc91_100 1:11	בְּפָרֵשׁ	in expounding	פרש	strong	(פָּרַשׂ) to spread, stretch forth; (פָּרָשׁ
1	D&C	D&C dc91_100 1:13	נוֹסְרָה	she is chastened	יסר	I-yod (vav for yod)	(יִסַּר) to chasten; (יִסּוּרִים) affliction
1	D&C	D&C dc91_100 1:14	גּוּלְד	and John Gould,	גלד	strong	skin
1	D&C	D&C dc_intro 1:2	הָאַזְהָרוֹת	the warnings	זהר	strong	(הִזְהִיר) to warn, admonish, exhort; (זֹהַר
1	D&C	D&C dc_intro 1:4	מוֹדֶרְנִי	source	דור	hollow	generation
1	D&C	D&C dc_intro 1:6	הַנֶּחֱרָץ	the firm	חרצ	strong	decide
1	D&C	D&C dc_intro 1:6	הַזְּמַנִּים	the times	נזמ	heuristic	nose-ring
1	D&C	D&C dc_intro 1:7	שֶׁבְּמַעֲרַב	in western	ערב	strong	(עֶרֶב) evening; (מַעֲרָב) west; (עֲרָבָה) A
1	D&C	D&C dc_intro 1:9	שֶׁנּוּסְדָה	which had been established	יסד	I-yod (vav for yod)	to found, establish, lay a foundation
1	D&C	D&C dc_intro 1:10	פּוֹעֶלֶת	was active	פעל	strong	work
1	D&C	D&C dc_intro 1:10	אֶת־טַקְסֵי	ordinances of	טקס	heuristic	(טֶקֶס) ordinance, rite, ceremony
1	D&C	D&C dc_intro 1:12	עִנְיָנִים	matters	ענה	heuristic	(עָנָה) to answer; to afflict; (עֲנָוָה) hum
1	D&C	D&C dc_intro 1:12	יְסוֹדִיִּים	fundamental	יסד	heuristic	to found, establish, lay a foundation
1	D&C	D&C dc_intro 1:12	כְּגוֹן	such as	גונ	hollow (mater)	
1	D&C	D&C dc_intro 1:12	הֶכְרַח	the necessity for	רוח	hollow	spirit, wind, breath
1	D&C	D&C dc_intro 1:13	אֱלֹהוּתוֹ	His divinity	להה	lamed-yod (vav form)	be rabid
1	D&C	D&C od 1:1	שֶׁהַמּוֹנוֹגַמְיָה	that monogamy		(no analysis)	
1	D&C	D&C od 1:1	מַצְהִיר	declares	צהר	strong	press out oil
1	D&C	D&C od 1:1	132	132.		(no analysis)	
1	D&C	D&C od 1:1	פִּרְסֵם	issued	פרס	heuristic	(פָּרַס) Persia; (פַּרְסָה) hoof
1	D&C	D&C od 1:1	שֶׁהִתְקַבֵּל	which was accepted	קבל	strong	(קִבֵּל) to receive, accept
1	D&C	D&C od 1:1	בְּ־6	on the 6th		(no analysis)	
1	D&C	D&C od 1:1	1890	1890.		(no analysis)	
1	D&C	D&C od 1:1	לְסִיּוּמוֹ	to the end		(no analysis)	
1	D&C	D&C od 1:3	עִתּוֹנוּת	press	עות	heuristic	hours
1	D&C	D&C od 1:3	נֶעֱרָכִים	being solemnized	ערה	heuristic	to be naked, uncover; nakedness
1	D&C	D&C od 1:3	פֻּמְבִּיּוֹת	public		(no analysis)	
1	D&C	D&C od 1:3	אֶת־הֶמְשֵׁךְ	the continuance of	משכ	strong	sow
1	D&C	D&C od 1:3	הַנָּשִׁים—	wives—	שומ	hollow (mater)	put
1	D&C	D&C od 1:5	אֶת־הַטֶּקֶס׃	the ceremony;	טקס	heuristic	(טֶקֶס) ordinance, rite, ceremony
1	D&C	D&C od 1:6	אֶת־כַּוָּנָתִי	my intention	נונ	I-nun (dagesh)	resprout
1	D&C	D&C od 1:6	וּלְהַשְׁתַּמֵּשׁ	and to use		(no analysis)	
1	D&C	D&C od 1:7	שֶׁאֶפְשָׁר	which can	פשר	strong	[object Object]
1	D&C	D&C od 1:7	שֶׁנִּרְאֲתָה	which appeared	ראה	lamed-yod / III-he	(רָאָה) to see, look; (הֶרְאָה) to show; (מַ
1	D&C	D&C od 1:11	הֵצִיעַ	offered	הצע	strong	
1	D&C	D&C od 1:12	מַצִּיעַ	move	ציה	heuristic	(צִיָּה) dry land, drought
1	D&C	D&C od 1:12	וְכָאָדָם	and as the man	אדמ	strong	show blood
1	D&C	D&C od 1:12	הַחֲתִימָה	the sealing,	חתמ	strong	seal
1	D&C	D&C od 1:12	אֶת־הַכְרָזָתוֹ	his declaration	רזה	lamed-yod / III-he	proclamation
1	D&C	D&C od 1:12	כְּסַמְכוּתִית	as authoritative	סמכ	heuristic	prop
1	D&C	D&C od 1:19	חִלּוּט	the confiscation	חלט	strong	snatch at
1	D&C	D&C od 1:19	וְחִלּוּט	and the confiscation of	חלט	strong	snatch at
1	D&C	D&C od 1:19	עוֹצְרִים	stop	עצר	heuristic	(עָצַר) to restrain, shut up; (עֲצָרָה) sole
1	D&C	D&C od 1:19	שֶּׁסָּבַלְנוּ	we have	סבל	strong	(סָבַל) to bear, suffer; (סַבְלָן) patient
1	D&C	D&C od 1:19	בִּדְבֵקוּתֵנוּ	through our adherence	דבק	heuristic	to cleave, cling
1	D&C	D&C od 1:19	וּבְכָךְ	and through doing so	בכה	heuristic	(בָּכָה) to weep; (בְּכִי) weeping
1	D&C	D&C od 1:19	וְלַעֲסֹק	and attend	עסה	heuristic	
1	D&C	D&C od 1:20	נִפְסָקִים	stopped		(no analysis)	
1	D&C	D&C od 1:20	נֶאֱנָסִים	compelled	אנס	heuristic	insist
1	D&C	D&C od 1:20	שֻׁחְרַר	has been delivered	חרר	strong	(חֵרוּת) liberty, freedom; (חֹר) hole; (חֹרִ
1	D&C	D&C od 1:21	שֶּׁעָשִׂיתִי	I did do;	עשה	lamed-yod (yod hides the he)	(עָשָׂה) to do, make; (מַעֲשֶׂה) work, deed
1	D&C	D&C od 1:21	שֶׁצֻּוֵּיתִי	that I was commanded	צוה	lamed-yod (yod hides the he)	to command
1	D&C	D&C od 1:21	שֶּׁאָמַר	told	אמר	strong	(אָמַר) to say, speak; (לֵאמֹר) saying; (אֵמ
1	D&C	D&C od 1:23	לְהַצִּיג	to have presented	ציה	heuristic	(צִיָּה) dry land, drought
1	D&C	D&C od 1:1	וּבִכְלָלָם	including	כלל	heuristic	(כֹּל) all, every, whole; (כָּלִיל) wholly
1	D&C	D&C od 1:1	הִפְסִיקוּ	stopped	פסק	heuristic	(פָּסַק) to cease, stop
1	D&C	D&C od 1:1	מַצִּיעִים	offer	ציה	heuristic	(צִיָּה) dry land, drought
1	D&C	D&C od 1:1	בְּ־1	on the 1st		(no analysis)	
1	D&C	D&C od 1:1	1978	1978.		(no analysis)	
1	D&C	D&C od 1:4	הִכְרִיזָה	announced	רזה	strong	proclamation
1	D&C	D&C od 1:4	שֶׁקִּבֵּל	he had received	קבל	strong	(קִבֵּל) to receive, accept
1	D&C	D&C od 1:7	הַכְּלָלִיִּים	general	כלל	heuristic	(כֹּל) all, every, whole; (כָּלִיל) wholly
1	D&C	D&C od 1:9	וְהִצְטָרְפוּ	and have joined		(no analysis)	
1	D&C	D&C od 1:9	וְגָדֵלִים׃	-increasing.	גדל	heuristic	(גָּדוֹל) great; to grow; (מִגְדָּל) tower
1	D&C	D&C od 1:9	מַעֲנִיקָה׃	affords.	ענק	strong	(עֲנָק) Anak, the Anakim; necklace
1	D&C	D&C od 1:10	לְהַדְרָכָה	for guidance	דרכ	haqtalah	walk
1	D&C	D&C od 1:10	אֱלֹהִית׃	divine.	להה	lamed-yod (yod hides the he)	be rabid
1	D&C	D&C od 1:11	לְהַפְעִיל	to exercise	פעל	strong	work
1	D&C	D&C od 1:11	לְוַדֵּא	to insure	ידא	I-yod (vav for yod)	praise
1	D&C	D&C od 1:18	בַּהֲרָמַת	by raising	הרמ	strong	Horam
1	D&C	D&C od 1:18	הַמִּתְנַגְּדִים	opposed		(no analysis)	
1	D&C	D&C od 1:19	הַנַּ״ל	foregoing	נלה	lamed-yod / III-he	complete
1	PGP	PGP abraham 1:11	טׇהֳרָתָן	their virtue,	טהר	heuristic	to be pure, clean; purity, purification
1	PGP	PGP abraham 1:14	חָקוּק	engraved.	חקק	strong	(חֹק) statute, law; (חָקַק) to inscribe, dec
1	PGP	PGP abraham 1:27	מִן־הַשּׁוּשֶׁלֶת	being of the lineage	שול	hollow	Shule
1	PGP	PGP abraham 1:28	אֶשְׁתַּדֵּל	I shall endeavor,		(no analysis)	
1	PGP	PGP abraham 1:30	וַיִּתְעַנֶּה	and was sorely tormented	תעה	lamed-yod / III-he	(תָּעָה) to wander, go astray; deceive
1	PGP	PGP abraham 1:31	וְאֶשְׁתַּדֵּל	and I shall endeavor		(no analysis)	
1	PGP	PGP abraham 2:11	הַמַּמָּשִׁי	literal,	משה	lamed-yod (yod hides the he)	to draw out (of water)
1	PGP	PGP abraham 2:20	וָאֶסַּע	and removed	נסע	I-nun (dagesh)	to pull up, set out, journey
1	PGP	PGP abraham 3:4	הַמְּיֻעָד	appointed	מעד	strong	waver
1	PGP	PGP abraham 3:18	גְּנוֹלָאוּם	they are gnolaum,		(no analysis)	
1	PGP	PGP abraham 3:23	לְמוֹשְׁלָי	my rulers;	משל	strong	(מָשַׁל) to rule; (מֶמְשָׁלָה) dominion, gov
1	PGP	PGP abraham 3:25	וּנְנַסֵּם	And we will prove them	נוס	heuristic	to flee, escape
1	PGP	PGP abraham 4:20	לִשְׁרֹץ	to bring forth abundantly	שרצ	strong	wriggle
1	PGP	PGP abraham 4:28	וּלְכָבְשָׁהּ	and subdue it,	כבש	strong	(כֶּבֶשׂ) lamb; (כָּבַשׁ) to subdue, tread d
1	PGP	PGP abraham 4:31	וּנְעָרְכֵם	and organize them;	נער	heuristic	(נַעַר) young man, child; (נַעֲרָה) young wo
1	PGP	PGP abraham 5:4	בְּהִוָּצְרָם	when they were formed,	יצר	heuristic	to form, fashion; potter
1	PGP	PGP js_history 1:2	בְּהִיסְטוֹרְיָה	In a history		(no analysis)	
1	PGP	PGP js_history 1:2	שֶׁאֵרְעוּ	transpired,	רעה	lamed-yod / III-he	(רַעְיָה) my love; (מִרְעֶה) pasture
1	PGP	PGP js_history 1:3	1805	one thousand eight hundred and five,		(no analysis)	
1	PGP	PGP js_history 1:3	לְדֵצֶמְבֶּר	day of December,		(no analysis)	
1	PGP	PGP js_history 1:3	וִינְדְּסוֹר	county,		(no analysis)	
1	PGP	PGP js_history 1:6	שֶׁקָּרְאוּ	they were pleased to call it,	קרא	strong	(קָרָא) to call, proclaim, read; (מִקְרָא) c
1	PGP	PGP js_history 1:6	שֶׁיִּרְצוּ	they pleased;	שרצ	strong	wriggle
1	PGP	PGP js_history 1:6	שֶׁרִגְשׁוֹתֵיהֶם	their feelings	רגש	heuristic	(רֶגֶשׁ) feeling; (הִרְגִּישׁ) to feel
1	PGP	PGP js_history 1:6	וְהַמִּתְגַּיְּרִים	and the converts		(no analysis)	
1	PGP	PGP js_history 1:6	מֵאֲמִתִּיִּים	than real;	אמנ	heuristic	trust
1	PGP	PGP js_history 1:6	וּבְוִכּוּחַ	and a contest	יכח	I-yod (vav for yod)	to reprove, argue, set right
1	PGP	PGP js_history 1:7	דְּהַיְנוּ	namely,	ידה	heuristic	to give thanks, praise, confess
1	PGP	PGP js_history 1:8	שֶׁרִגְשׁוֹתַי	though my feelings	רגש	heuristic	(רֶגֶשׁ) feeling; (הִרְגִּישׁ) to feel
1	PGP	PGP js_history 1:8	לַמֶּתוֹדִיסְטִים	to the Methodist sect,		(no analysis)	
1	PGP	PGP js_history 1:8	לְמַסְקָנָה	any certain conclusion	נסק	I-nun	go up
1	PGP	PGP js_history 1:8	טוֹעֶה	mistaken	טעה	strong	wander
1	PGP	PGP js_history 1:9	וְהִשְׁתַּמְּשׁוּ	and used		(no analysis)	
1	PGP	PGP js_history 1:9	אֶת־טָעֻיּוֹתֵיהֶם	their errors,	נטע	heuristic	pitched
1	PGP	PGP js_history 1:9	וְהַמֶּתוֹדִיסְטִים	and Methodists in their turn		(no analysis)	
1	PGP	PGP js_history 1:11	שֶׁנִּגְרַם	caused	גרמ	strong	bones
1	PGP	PGP js_history 1:12	שֶׁנִּכְנַס	to enter	כנס	strong	(כְּנֵסִיָּה) synagogue — the place (Alma, H
1	PGP	PGP js_history 1:12	הִרְהַרְתִּי	I reflected	הרהר	heuristic	mental conception
1	PGP	PGP js_history 1:12	שֶּׁהָיְתָה	that was	הות	hollow (mater)	
1	PGP	PGP js_history 1:12	פְּסוּקֵי	passages of scripture		(no analysis)	
1	PGP	PGP js_history 1:13	לִמְסַקָּנָה	to the conclusion	נסק	I-nun	go up
1	PGP	PGP js_history 1:13	הֶחְלַטְתִּי	I at length came to the determination	חלט	strong	snatch at
1	PGP	PGP js_history 1:13	בְּהַסִּיקִי	concluding	נסק	heuristic	go up
1	PGP	PGP js_history 1:14	הֶחְלָטָתִי	this, my determination	חלט	strong	snatch at
1	PGP	PGP js_history 1:14	1820	eighteen hundred and twenty.		(no analysis)	
1	PGP	PGP js_history 1:14	שֶׁנִּסִּיתִי	that I had made such an attempt,	סות	hollow (mater)	to entice, incite, stir up
1	PGP	PGP js_history 1:15	מַדְהִימָה	astonishing	דהמ	strong	be dumb
1	PGP	PGP js_history 1:16	בְּיֵאוּשׁ	into despair	יאש	strong	desist
1	PGP	PGP js_history 1:16	וּלְהִמָּסֵר	and abandon myself	מסר	strong	(מָסַר) to deliver, commit
1	PGP	PGP js_history 1:16	מַדְהִים	astonishing	דהמ	strong	be dumb
1	PGP	PGP js_history 1:16	שֶׁמֵּעוֹלָם	as I had never before	עלמ	strong	veil
1	PGP	PGP js_history 1:17	בְּהַצְבִּיעָהּ	pointing	צבע	strong	(צֶבַע) color
1	PGP	PGP js_history 1:18	לְאֵיזוֹ	which to		(no analysis)	
1	PGP	PGP js_history 1:18	שֶׁכֻּלָּן	that all were	לונ	hollow	stop
1	PGP	PGP js_history 1:18	וּלְאֵיזוֹ	and which I should		(no analysis)	
1	PGP	PGP js_history 1:20	וּכְשֶׁשַׁבְתִּי	When I came to myself again,	שבת	heuristic	to cease, rest; Sabbath
1	PGP	PGP js_history 1:20	הִתְאוֹשַׁשְׁתִּי	recovering	אשש	strong	(אִשֵּׁשׁ) to affirm, strengthen
1	PGP	PGP js_history 1:21	פָּעִיל	active	פעל	strong	work
1	PGP	PGP js_history 1:21	בָּהִתְרַגְּשׁוּת	in the religious excitement	רגש	strong	(רֶגֶשׁ) feeling; (הִרְגִּישׁ) to feel
1	PGP	PGP js_history 1:21	הִפְתִּיעָה	I was greatly surprised	פתע	strong	wink
1	PGP	PGP js_history 1:21	הִתְיַחֵס	he treated	חסה	lamed-yod / III-he	(חָסָה) to take refuge, trust; (מַחֲסֶה) ref
1	PGP	PGP js_history 1:21	פָּסְקוּ	had ceased	פסק	heuristic	(פָּסַק) to cease, stop
1	PGP	PGP js_history 1:22	שֶׁסִּפּוּרִי	that my telling the story	ספר	strong	(סִפֵּר) to tell, recount; (סָפַר) to count;
1	PGP	PGP js_history 1:22	מַסְפִּיק	enough	ספק	strong	doubt
1	PGP	PGP js_history 1:22	מְשֻׁתָּף	common	תפפ	geminate	play
1	PGP	PGP js_history 1:23	נֶאֱלָץ	who was doomed	אלצ	strong	press
1	PGP	PGP js_history 1:24	שֶׁהִרְגַּשְׁתִּי	that I felt much	רגש	strong	(רֶגֶשׁ) feeling; (הִרְגִּישׁ) to feel
1	PGP	PGP js_history 1:24	רַמַּאי	dishonest,	רמה	heuristic	(מִרְמָה) deceit, guile; (רָמָה) Ramah; heig
1	PGP	PGP js_history 1:24	נְשִׁימָתוֹ	his breath	שומ	hollow (mater)	put
1	PGP	PGP js_history 1:27	הָרְגִילוֹת	the usual	רגל	strong	(רֶגֶל) foot; to go about, spy out
1	PGP	PGP js_history 1:27	דָּתִיִּים	both religious		(no analysis)	
1	PGP	PGP js_history 1:27	דָתִיִּים	irreligious,		(no analysis)	
1	PGP	PGP js_history 1:28	דָּתִית	religious		(no analysis)	
1	PGP	PGP js_history 1:28	וּלְהִתְיַחֵס	and to have treated me	חסה	lamed-yod / III-he	(חָסָה) to take refuge, trust; (מַחֲסֶה) ref
1	PGP	PGP js_history 1:28	שְׁטוּתִיּוֹת	foolish	טוה	heuristic	spin
1	PGP	PGP js_history 1:28	הַשַּׂמֵּחַ	the joyous	שמח	strong	to rejoice, be glad; joy
1	PGP	PGP js_history 1:30	מוֹפִיעַ	appearing	יפע	I-yod (vav for yod)	shine
1	PGP	PGP js_history 1:32	גְּלִימָתוֹ	was his robe	גלמ	strong	fold
1	PGP	PGP js_history 1:33	שֶׁלֵּאלֹהִים	that God	להמ	strong	burn in
1	PGP	PGP js_history 1:34	שֶׁמִּמֶּנּוּ	from whence	שממ	strong	stun
1	PGP	PGP js_history 1:36	וְצִטֵּט	and he quoted	צטט	strong	
1	PGP	PGP js_history 1:36	בַּתַּנַ״ךְ	in our Bibles.	תנכ	strong	
1	PGP	PGP js_history 1:40	יא	eleventh	יאה	lamed-yod / III-he	causes
1	PGP	PGP js_history 1:40	וכג	and twenty-third,		(no analysis)	
1	PGP	PGP js_history 1:41	מִפָּסוּק	from the twenty-eighth verse		(no analysis)	
1	PGP	PGP js_history 1:41	כ״ח	28	כחח	geminate	(כֹּחַ) strength, power, might
1	PGP	PGP js_history 1:42	שֶׁאֲצֻוֶּה	to whom I should be commanded	צוה	hollow (mater)	to command
1	PGP	PGP js_history 1:42	שֶׁהִכַּרְתִּי	that I had known	נכר	I-nun (dagesh)	(נֵכָר) foreign, strange; (הִכִּיר) to recog
1	PGP	PGP js_history 1:43	וְהִמְשִׁיךְ	and it continued	שוכ	hollow (mater)	entwine
1	PGP	PGP js_history 1:43	צִנּוֹר	a conduit	צנר	strong	
1	PGP	PGP js_history 1:43	שֶׁנֶּעֱלָם	he entirely disappeared,	עלמ	strong	veil
1	PGP	PGP js_history 1:44	וְהִרְהַרְתִּי	musing	הרהר	heuristic	mental conception
1	PGP	PGP js_history 1:44	שֶׁחַדְרִי	that my room	חדר	strong	room
1	PGP	PGP js_history 1:46	שֶׁבָּרְחָה	sleep had fled	ברח	strong	(בָּרַח) to flee
1	PGP	PGP js_history 1:46	מֵהַשְׁתָּאוּת	overwhelmed in astonishment at	שתה	heuristic	(שָׁתָה) to drink; (מִשְׁתֶּה) feast
1	PGP	PGP js_history 1:46	מְחַזֵּר	rehearse	חזר	strong	(חָזַר) to return, repeat; (הֶחֱזִיר) to res
1	PGP	PGP js_history 1:47	לְהַרְהֵר	to ponder	הרהר	heuristic	mental conception
1	PGP	PGP js_history 1:47	שֶׁשִּׂיחוֹתֵינוּ	our interviews	חתה	lamed-yod (yod hides the he)	(מַחְתָּה) fire pan, censer
1	PGP	PGP js_history 1:48	מִמִּשְׁכָּבִי	from my bed,	שכב	strong	to lie down, sleep
1	PGP	PGP js_history 1:48	וְכָרָגִיל	and, as usual,	רגל	strong	(רֶגֶל) foot; to go about, spy out
1	PGP	PGP js_history 1:48	בְּכַוָּנָה	with the intention	נונ	I-nun (dagesh)	resprout
1	PGP	PGP js_history 1:49	הִסְתַּכַּלְתִּי	I looked up,		(no analysis)	
1	PGP	PGP js_history 1:50	צִיַּתְתִּי	I obeyed;	ציה	lamed-yod / III-he	(צִיָּה) dry land, drought
1	PGP	PGP js_history 1:50	חָזַרְתִּי	I returned	חזר	strong	(חָזַר) to return, repeat; (הֶחֱזִיר) to res
1	PGP	PGP js_history 1:51	בְּאֶמְצָעָהּ	and rounding in the middle	מצע	heuristic	couch
1	PGP	PGP js_history 1:51	שֶׁחֶלְקָהּ	so that the middle part of it	חלק	strong	(חֵלֶק) part, portion; (חָלַק) to divide; (מ
1	PGP	PGP js_history 1:51	הָאֶמְצָעִי	the middle	מצה	heuristic	suck
1	PGP	PGP js_history 1:52	שֶׁשָּׁכְבוּ	in which they lay	שכב	strong	to lie down, sleep
1	PGP	PGP js_history 1:52	מֵהַנָּחַת	by laying	נחת	strong	carefully down
1	PGP	PGP js_history 1:53	שֶׁהַזְּמַן	that the time	זמנ	strong	(זְמָן) time, appointed season; (הִזְמִין) t
1	PGP	PGP js_history 1:54	וּבְאֵיזֶה	and in what	נזה	I-nun	(הִזָּה) to sprinkle, spatter
1	PGP	PGP js_history 1:55	שֶׁנְּסִיבוֹת	my father's worldly circumstances		(no analysis)	
1	PGP	PGP js_history 1:55	לְהִשְׂתַּכֵּר	hiring out		(no analysis)	
1	PGP	PGP js_history 1:56	1825	one thousand eight hundred and twenty-five,		(no analysis)	
1	PGP	PGP js_history 1:56	בְּהַרְמוֹנִי	by the Spaniards at Harmony,	רמה	lamed-yod (vav form)	(מִרְמָה) deceit, guile; (רָמָה) Ramah; heig
1	PGP	PGP js_history 1:56	שֶׁנִּשְׂכַּרְתִּי	that I was hired	שכר	strong	(שָׂכָר) hire, reward, wages; (שֵׁכָר) stron
1	PGP	PGP js_history 1:56	פּוֹעֲלָיו	his hands,	פעל	strong	work
1	PGP	PGP js_history 1:56	שִׁכְנַעְתִּי	I prevailed with	כנע	strong	suffer Himself
1	PGP	PGP js_history 1:56	לְהַפְסִיק	to cease	פסק	heuristic	(פָּסַק) to cease, stop
1	PGP	PGP js_history 1:56	הַסִּפּוּר	the very prevalent story	ספר	strong	(סִפֵּר) to tell, recount; (סָפַר) to count;
1	PGP	PGP js_history 1:57	לְיָנוּאָר	day of January,	נאר	strong	reject
1	PGP	PGP js_history 1:58	שֶׁהִמְשַׁכְתִּי	my continuing	משכ	strong	sow
1	PGP	PGP js_history 1:58	נֶאֱלַצְתִּי	I was, therefore, under the necessity	אלצ	strong	press
1	PGP	PGP js_history 1:59	כָּרָגִיל	as usual	רגל	strong	(רֶגֶל) foot; to go about, spy out
1	PGP	PGP js_history 1:59	אַחֲרַאי	responsible	חרה	heuristic	burned
1	PGP	PGP js_history 1:59	בְּרַשְׁלָנוּת	carelessly		(no analysis)	
1	PGP	PGP js_history 1:59	מִזְּנִיחָה	through any neglect	זנח	strong	reject
1	PGP	PGP js_history 1:60	קְפֵדָנִיּוֹת	strict		(no analysis)	
1	PGP	PGP js_history 1:60	שֶׁנִּדְרַשׁ	was required	דרש	strong	(דָּרַשׁ) to seek, search, inquire; preach
1	PGP	PGP js_history 1:60	שֶׁנּוֹדַע	that became known	ידע	I-yod (vav for yod)	to know, perceive, understand
1	PGP	PGP js_history 1:60	1838	one thousand eight hundred and thirty-eight.		(no analysis)	
1	PGP	PGP js_history 1:61	מוּעֲסֶקֶת	all the time employed		(no analysis)	
1	PGP	PGP js_history 1:61	שֶׁנֶּאֱלַצְתִּי	that I was forced	אלצ	strong	press
1	PGP	PGP js_history 1:61	דּוֹלָר	dollars		(no analysis)	
1	PGP	PGP js_history 1:62	וּבְאֶמְצָעוּת	and by means of		(no analysis)	
1	PGP	PGP js_history 1:64	וְהִצַּגְתִּי	and presented	יצג	I-yod	(הִצִּיג) to present, show
1	PGP	PGP js_history 1:64	לַפְּרוֹפֶסוֹר	with the translation thereof, to Professor		(no analysis)	
1	PGP	PGP js_history 1:64	בְּהֶשֵּׂגָיו	for his literary attainments.	נשג	I-nun (dagesh)	(הִשִּׂיג) to reach, obtain, attain
1	PGP	PGP js_history 1:64	בַחֲזָרָה	back,	חזר	strong	(חָזַר) to return, repeat; (הֶחֱזִיר) to res
1	PGP	PGP js_history 1:64	שֶׁמָּצָא	where he found	מצא	strong	to find, discover, attain
1	PGP	PGP js_history 1:64	שֶׁמַּלְאַךְ	that an angel of	לאכ	strong	
1	PGP	PGP js_history 1:65	עַכְשָׁו	now	עכשו	heuristic	
1	PGP	PGP js_history 1:66	שֶׁבְּלַמְּדוֹ	that having been teaching	למד	strong	(לָמַד) to learn, teach; (תַּלְמִיד) discipl
1	PGP	PGP js_history 1:66	לְהִתְאַכְסֵן	to board		(no analysis)	
1	PGP	PGP js_history 1:68	וּבְשׂוּמוֹ	and having laid	שומ	hollow (mater)	put
1	PGP	PGP js_history 1:72	שֶׁבִּקֵּר	who visited	נקר	I-nun (dagesh)	bore
1	PGP	PGP js_history 1:72	בְּהִזְדַּמְּנוּת	on this occasion		(no analysis)	
1	PGP	PGP js_history 1:72	וְהֶעֱנִיק	and conferred	ענק	strong	(עֲנָק) Anak, the Anakim; necklace
1	PGP	PGP js_history 1:74	וְהַכַּוָּנָה	and intention	כונ	haqtalah	prepare
1	PGP	PGP js_history 1:74	פְּסוּקֵיהֶם	their more mysterious passages		(no analysis)	
1	PGP	PGP js_matthew 1:10	תִּקְרַר	shall wax cold	קרר	strong	
1	PGP	PGP js_matthew 1:30	תָּקֵר	shall wax cold	תקר	strong	
1	PGP	PGP js_matthew 1:38	עֲנָפֶיהָ	its branches are	ענפ	strong	(עָנָף) branch
1	PGP	PGP moses 1:11	קָמַלְתִּי	I should have withered	קמל	strong	wither
1	PGP	PGP moses 3:5	בָאֲוִיר	in the air;	אור	hollow (mater)	light
1	PGP	PGP moses 3:7	וָאֶפַּח	and breathed	נפח	I-nun (dagesh)	puff
1	PGP	PGP moses 4:27	וָאַלְבִּשֵׁם	and clothed them.	לבש	heuristic	to clothe, put on, be clothed
1	PGP	PGP moses 5:3	לְהִפָּרֵד	to divide	פרד	strong	(פָּרַד) to separate, be parted
1	PGP	PGP moses 5:23	אֲמַסֶּרְךָ	I will deliver you up,	מסר	heuristic	(מָסַר) to deliver, commit
1	PGP	PGP moses 5:49	לְגַלּוֹתוֹ	to reveal it	גלה	lamed-yod (vav form)	to uncover, reveal; to go into exile
1	PGP	PGP moses 5:52	לִפְשֹׂט	to spread	פשט	strong	strip
1	PGP	PGP moses 5:53	וַתִּמְרֹדְנָה	and they rebelled	מרד	strong	rebel
1	PGP	PGP moses 6:15	וַיִּזְעַם	and raged	זעמ	strong	foam
1	PGP	PGP moses 6:33	עֲשָׂאכֶם	made you.	עשה	heuristic	(עָשָׂה) to do, make; (מַעֲשֶׂה) work, deed
1	PGP	PGP moses 6:43	תִּוָּעֲצוּ	counsel you	יעצ	I-yod (vav for yod)	advise
1	PGP	PGP moses 6:59	וְתֵהָנוּ	and enjoy	תהה	lamed-yod / III-he	
1	PGP	PGP moses 6:63	זְמַנִּיִּים	temporal,	זמנ	heuristic	(זְמָן) time, appointed season; (הִזְמִין) t
1	PGP	PGP moses 7:7	וָאֶתְנַבֵּא	and I prophesied,	נבא	heuristic	(נִבָּא) to prophesy; (נְבוּאָה) prophecy
1	PGP	PGP moses 7:8	וּשְׁמָמָתָהּ	and the barrenness thereof	שממ	strong	stun
1	PGP	PGP moses 7:26	וְשַׁלְשֶׁלֶת	and a chain	שלה	heuristic	dominion
1	PGP	PGP moses 7:41	נִזְדַּעֲזֵעַ	shook.		(no analysis)	
1	PGP	PGP moses 7:42	זְמַנִּית	temporal.	זמנ	strong	(זְמָן) time, appointed season; (הִזְמִין) t
1	PGP	PGP moses 7:63	וְנִשַּׁק	and we will kiss	נשק	I-nun (dagesh)	arms
1	PGP	PGP pgp_intro 1:3	תרי״א	1851	ראה	heuristic	(רָאָה) to see, look; (הֶרְאָה) to show; (מַ
1	PGP	PGP pgp_intro 1:4	תְּפוּצָתָם	their-circulation	פוצ	heuristic	disperse
1	PGP	PGP pgp_intro 1:5	לְהַמְצִיא	to-make-available	צוא	hollow (mater)	soiled
1	PGP	PGP pgp_intro 1:6	זָכְתָה	received	זכה	lamed-yod / III-he	be translucent
1	PGP	PGP pgp_intro 1:6	תר״ם	1880	רומ	hollow	be high
1	PGP	PGP pgp_intro 1:7	בַּתְּכָנִים	in-the-contents	תוכ	heuristic	bisection
1	PGP	PGP pgp_intro 1:7	שֶׁדָּרְשׁוּ	have-required	דרש	strong	(דָּרַשׁ) to seek, search, inquire; preach
1	PGP	PGP pgp_intro 1:8	תרל״ח	1878		(no analysis)	
1	PGP	PGP pgp_intro 1:8	בַּמַּהֲדוּרָה	in-the-edition	דור	haqtalah	generation
1	PGP	PGP pgp_intro 1:9	שֶׁפֻּרְסְמוּ	also-published	פרסמ	heuristic	
1	PGP	PGP pgp_intro 1:10	לִפְרָקִים	into-chapters	פרק	heuristic	chapters
1	PGP	PGP pgp_intro 1:10	וְלִפְסוּקִים	and-verses,		(no analysis)	
1	PGP	PGP pgp_intro 1:11	תרפ״א	1921.	רפא	strong	healing
1	PGP	PGP pgp_intro 1:12	תשל״ו	1976,	שלו	strong	shall stumble
1	PGP	PGP pgp_intro 1:13	תשל״ט	1979	שלט	strong	(שָׁלַט) to rule, have power; (שִׁלְטוֹן) po
1	PGP	PGP pgp_intro 1:13	כִּפְרָקִים	as-sections	פרק	heuristic	chapters
1	PGP	PGP pgp_intro 1:13	קלז	137	קלה	heuristic	toast
1	PGP	PGP pgp_intro 1:13	וקלח	and-138.	קלה	heuristic	toast
1	PGP	PGP pgp_intro 1:14	קוֹדְמִים	earlier.	קדמ	heuristic	meet
1	PGP	PGP pgp_intro 1:15	לַתְּכָנִים	to-the-contents	תוכ	heuristic	bisection
1	PGP	PGP pgp_intro 1:15	שֶׁלְּפָנֵינוּ	present:	פנה	lamed-yod (yod hides the he)	face, presence; to turn
1	PGP	PGP pgp_intro 1:16	תק״ץ	1830	קצה	lamed-yod / III-he	of end of
1	PGP	PGP pgp_intro 1:17	תקצ״ה	1835	קצה	strong	of end of
1	PGP	PGP pgp_intro 1:17	פֻּרְסַם	was-published	פרס	heuristic	(פָּרַס) Persia; (פַּרְסָה) hoof
1	PGP	PGP pgp_intro 1:18	ס-סא	60-61		(no analysis)	
1	PGP	PGP pgp_intro 1:19	וְהִיסְטוֹרְיָתוֹ	and-his-history		(no analysis)	
1	PGP	PGP pgp_intro 1:19	תקצ״ח	1838	קצח	strong	fennel-flower
1	PGP	PGP pgp_intro 1:19	תקצ״ט	1839	קצה	heuristic	of end of
1	PGP	PGP pgp_intro 1:20	שֶׁפֻּרְסְמָה	published	פרסמ	heuristic	
1	PGP	PGP pgp_intro 1:20	תר״ב	1842,	רבה	lamed-yod / III-he	(רָבָה) to multiply, increase, much; (רַבִּי